x_0,x_1,x_2,x_3,x_4,x_5,x_6,x_7,x_8,x_9,x_10,x_11,x_12,x_13,x_14,x_15,x_16,x_17,x_18,x_19,x_20,x_21,x_22,x_23,x_24,x_25,x_26,x_27,x_28,x_29,x_30,x_31,x_32,x_33,x_34,x_35,x_36,x_37,x_38,x_39,x_40,x_41,x_42,x_43,x_44,x_45,x_46,x_47,x_48,x_49,x_50,x_51,x_52,x_53,x_54,x_55,x_56,x_57,x_58,x_59,x_60,x_61,x_62,x_63,x_64,x_65,x_66,x_67,x_68,x_69,x_70,x_71,x_72,x_73,x_74,x_75,x_76,x_77,x_78,x_79,x_80,x_81,x_82,x_83,x_84,x_85,x_86,x_87,x_88,x_89,x_90,x_91,x_92,x_93,x_94,x_95,x_96,x_97,x_98,x_99,label,c_value
1.0,0.9545270411662827,0.8393835579305992,0.6843492586767009,0.5137178143863896,0.3465528309363302,0.1965746757183141,0.07157185495583397,-0.02457265376840312,-0.09160086216308999,-0.13193508965937784,-0.14964373957438076,-0.1495451759912667,-0.13650573112388115,-0.11540388067690074,-0.09028721669954774,-0.06438591856901599,-0.04022603259417724,-0.019361509275955334,-0.0026690770833407984,0.009565163156859041,0.017544430783479715,0.021776946782461393,0.022960268020249155,0.02182407330026708,0.019125120269130626,0.015543887013396472,0.011618057260469786,0.0077937304724117785,0.004371448475255602,0.0015289620522318061,-0.0006475450417807579,-0.0021576217774884393,-0.0030575781326570256,-0.0034442986606770505,-0.0034259952303961542,-0.003115721982728344,-0.002625805396129155,-0.002046870586948405,-0.001452775077336186,-0.0009008612865210649,-0.00042569628372343514,-4.683751091800461e-05,0.0002296205566409866,0.0004087242913675184,0.0005022945406805102,0.0005268685895718364,0.0004991090167675896,0.0004356198281726957,0.0003528425612354153,0.0002632171587000583,0.00017559193220015117,9.74359308126112e-05,3.294459534982554e-05,-1.639982049039081e-05,-5.050680609808716e-05,-7.07108626772893e-05,-7.914452962575799e-05,-7.818475259991554e-05,-7.085266829675347e-05,-5.972689000214567e-05,-4.66223073854321e-05,-3.297149964972901e-05,-2.0309577136452153e-05,-9.577811810173053e-06,-1.094664354895817e-06,5.20578587964691e-06,9.287232917789818e-06,1.142974096097023e-05,1.1987704939453008e-05,1.1343526109929977e-05,9.755649739908536e-06,7.754416125285475e-06,5.754034855215492e-06,3.975448104953881e-06,2.4463306358565333e-06,1.040614617150736e-06,-1.0872279696235142e-07,-9.224952489647893e-07,-1.4062244983409523e-06,-1.6053544448130435e-06,-1.6052511283410547e-06,-1.4937238933061365e-06,-1.2440854287070143e-06,-9.425485810621927e-07,-6.617968019220605e-07,-4.4175855641139645e-07,-2.89607323229336e-07,-1.7976159464938837e-07,-5.992565145026767e-08,5.482648012434945e-08,1.3826065964628913e-07,1.8177709158861136e-07,1.8396742522590623e-07,1.506147546342881e-07,9.46936186913971e-08,3.6370001076397506e-08,3.0013302699832097e-09,1.1978963503377778e-08,2.11347636830366e-08,underdamped,3.256448818450132
1.0,0.9548005802599783,0.8412075964391894,0.6893234157637791,0.5231351424262545,0.3610660422639169,0.2159567930357541,0.09496657917157908,0.001419947125676696,-0.06472154860667861,-0.10588720063172496,-0.12596148616684824,-0.12937763182249074,-0.12069241442144693,-0.10431400368012878,-0.08380919690501086,-0.06216995136733924,-0.04159868945463677,-0.023505418704703282,-0.008728158464903053,0.0024476819149523935,0.01013053697583038,0.014697095339693666,0.016660241874155605,0.016624163688546054,0.01518493702040715,0.012865117666421136,0.010131860522253594,0.0073357250172769485,0.004733685456315225,0.002494584272463126,0.0006997906745000318,-0.0006275474475998118,-0.0015112348590428722,-0.002005579870161108,-0.002183699459794599,-0.0021242461801245375,-0.0018994589228299291,-0.0015789804414888726,-0.0012184722882262653,-0.0008590885129024768,-0.000532256505581451,-0.0002561332064025996,-3.920530911830642e-05,0.00011735674435700132,0.00021784416846886779,0.0002698508719901019,0.00028380237321211203,0.0002698213658833402,0.00023660824663834397,0.00019281890350769567,0.0001457487113478222,0.00010008606442386506,5.9126174533941305e-05,2.519597479585019e-05,-8.560241859694503e-07,-1.91836594185451e-05,-3.04702569558602e-05,-3.590334156842845e-05,-3.670257167551738e-05,-3.40239307807586e-05,-2.9168020491249952e-05,-2.3386702102272096e-05,-1.7462188391552497e-05,-1.1725372536062629e-05,-6.591145081622112e-06,-2.4150558071683887e-06,6.950431357974913e-07,2.810361411666055e-06,4.090090502757526e-06,4.6090063545186605e-06,4.593739006588999e-06,4.228633088517817e-06,3.64414319374453e-06,2.9136039215783504e-06,2.0472851340813884e-06,1.2062480988842488e-06,5.358512968252462e-07,1.05590753420765e-07,-9.089996113473712e-08,-1.3584973196873138e-07,-1.8734989953061293e-07,-3.134198855927403e-07,-3.687706989601105e-07,-3.7380388205191605e-07,-3.4773395810259217e-07,-3.0508418745183043e-07,-2.556865675445787e-07,-2.0468183293103993e-07,-1.3298366953275097e-07,-2.6599416551310597e-08,7.732401442002242e-08,1.511394619594082e-07,1.779835279532611e-07,1.5177657759624113e-07,7.722273939125848e-08,-3.0190094850530854e-08,-1.4419027000971684e-07,-2.2772236765864794e-07,-2.3294720606141622e-07,underdamped,3.4464349591011714
1.0,0.9504744424989078,0.8108666215299896,0.6003915766555348,0.34401339901137157,0.069785570183794,-0.19418482937475512,-0.42292912228870605,-0.5960477302442659,-0.6997950000601284,-0.7288463855238718,-0.6845573818958569,-0.5755820310016089,-0.4171878539262825,-0.22774438548722659,-0.02764142515875946,0.16293123411667998,0.3255297839556309,0.44606213264001926,0.5156618206026611,0.5302414232705064,0.49182619439263087,0.40775731779562907,0.2888738956682757,0.14899371020901336,0.003188577751060989,-0.13383235742842642,-0.24933377008370505,-0.33322704670979225,-0.3791754980447959,-0.3852799535036797,-0.35314750091625174,-0.2882549539377011,-0.19924817347816243,-0.09623807888351368,0.009862339146453427,0.10850561765771372,0.19027850330215815,0.24831415295600692,0.27854852159246285,0.2794958125147611,0.252952004708505,0.2033407177418226,0.13683982929939192,0.06102788489371546,-0.01606088947672904,-0.08676890237472021,-0.14464357896439983,-0.1847333324852195,-0.20420353582886472,-0.20253632628209173,-0.18105264592236955,-0.14310633231595582,-0.0935356995704229,-0.037874309791564184,0.018073171309666,0.06882197884839204,0.10960877927614186,0.13712986130421206,0.14956861400140112,0.14650686477583894,0.1292697924421631,0.1004670256336885,0.06358331869326642,0.022744017065061604,-0.01778708028050073,-0.05405043422180335,-0.08280109396531493,-0.10163480201059705,-0.10932951574757746,-0.10587341753522832,-0.09221490868405169,-0.07034649211029649,-0.04296039226414104,-0.01306427403934795,0.016272233203585788,0.04221516722573419,0.06237340479516311,0.07517495328868778,0.07983689280594838,0.0763593004769309,0.06562429912791563,0.04912645825980137,0.02882485004056486,0.006952542788490005,-0.014235534082738206,-0.03272067342305974,-0.04686487634555973,-0.055519715134682984,-0.058213340638607364,-0.05503899678753143,-0.04663573659824037,-0.03419543813151176,-0.019180360950674588,-0.0032106386813355245,0.012094238309706183,0.02525947250714585,0.03511752755315419,0.04093415916925804,0.042378563421273316,underdamped,0.6319763046827188
1.0,0.9557091180329907,0.8471459811921315,0.7052421323914081,0.5528898604810061,0.40625727273850265,0.27563740503457734,0.16643757683376637,0.08033306914418276,0.01663370425923677,-0.026833545380360424,-0.05340008907730375,-0.06654720690876809,-0.06971626215301992,-0.06605954405703547,-0.0581456749605659,-0.04810278182994046,-0.03746865930084779,-0.027327078268863957,-0.018356369344298067,-0.010905331280994836,-0.005066470944067097,-0.0007784805083348896,0.0021186147418738254,0.0038624193885848767,0.004696085314500485,0.0048568342005401305,0.004563015241758052,0.003988919626273653,0.0032790507212109334,0.002537689608160091,0.0018367348855735915,0.001221035967347759,0.0007128276958945207,0.00031752780374824576,2.890242397798914e-05,-0.00016416825991763984,-0.0002778270515004504,-0.0003307962798568923,-0.0003385136012627192,-0.0003151137924883177,-0.0002737552396217053,-0.0002237668454078639,-0.00017201033329574203,-0.00012355721798708774,-8.12856840939336e-05,-4.6630097117273485e-05,-1.9799421493339503e-05,-3.4064021227918665e-07,1.2513491886439648e-05,1.9713447142635227e-05,2.2917890638729018e-05,2.343376275728917e-05,2.20313892430422e-05,1.9088320544381366e-05,1.5489199710488998e-05,1.1860249417855345e-05,8.534797471131343e-06,5.610166734632333e-06,3.1993825361938282e-06,1.3443483729094844e-06,-3.4484956117357586e-09,-9.055546668468431e-07,-1.4358527471968804e-06,-1.5508924028413231e-06,-1.3766433034346043e-06,-1.1319777920084848e-06,-9.544499778549496e-07,-9.002957365262035e-07,-9.444327098346806e-07,-9.804603058530366e-07,-8.315100197457414e-07,-5.927225056603178e-07,-3.819351691563056e-07,-2.1695939897583817e-07,-1.0365382253460691e-07,-3.5924305921858904e-08,4.276046099598408e-09,4.65750318333693e-08,6.351698847792629e-08,4.200318052096877e-08,1.0053960472461378e-08,-1.249970756431184e-08,-1.4016247892745973e-08,8.956526777084774e-09,5.168141532842702e-08,1.0123182823784653e-07,1.364917875752307e-07,1.2702988372369602e-07,5.8170372850678653e-08,-3.308826807114376e-08,-1.1345891544703206e-07,-1.597970422142147e-07,-1.5910071784189622e-07,-1.0851060833125271e-07,-1.5309976215432045e-08,1.0307531944044862e-07,2.190768230392928e-07,2.949834824520394e-07,2.8294164901764996e-07,underdamped,4.090401942432248
1.0,0.9560450499141449,0.8493007074953761,0.710905004426864,0.5633247607906102,0.42188149153881316,0.29602457317732406,0.1905936652767145,0.10685340143435121,0.043966292774702126,-0.0001626491459788132,-0.028668635370741366,-0.04469917994760926,-0.05139557911778351,-0.05150430602305011,-0.04734977976722306,-0.04080216338827079,-0.03322316796016928,-0.025610324789757263,-0.018600260460387586,-0.012552340552225346,-0.0076141985309309546,-0.0038046418896602514,-0.0010342521597207638,0.0008423548309689543,0.0019812835175883514,0.0025559946438382117,0.002717917218496987,0.002598542680601843,0.0023097138247185718,0.0019334741166322556,0.0015321623165203677,0.0011477023376925168,0.0008056669508365388,0.0005185800687052713,0.00029075153900288,0.0001205784448902316,3.660400888765708e-07,-7.801365034185864e-05,-0.00012177781215452034,-0.00013987774603825215,-0.00014041656887189922,-0.00012921645269004003,-0.0001112677398333524,-9.063612111966649e-05,-6.99140527973774e-05,-5.079037938852989e-05,-3.42754338765442e-05,-2.0797819788384716e-05,-1.0417771478304067e-05,-3.0522712347692406e-06,1.9698600197783753e-06,5.228357463002193e-06,7.076103664771396e-06,7.647562513364376e-06,7.26977991426324e-06,6.429159030492761e-06,5.422322378985447e-06,4.395806547986396e-06,3.3489518562330364e-06,2.3643298370840694e-06,1.5396172355261561e-06,8.8187617500703e-07,3.8488315755914054e-07,2.9129063799680774e-08,-1.9452929088203238e-07,-2.2356523086916917e-07,-1.5940438087556426e-07,-9.630855521314548e-08,-9.161929684663085e-08,-1.6575787739352722e-07,-3.0222529712412793e-07,-4.476022849615174e-07,-5.11549298481571e-07,-4.2533821720138956e-07,-3.0720081022722307e-07,-1.983619821759293e-07,-1.1935068734905415e-07,-7.908278946025483e-08,-7.486106163530018e-08,-9.237518641207257e-08,-1.05701755740565e-07,-7.744331552395313e-08,-4.4115499231035435e-08,-4.405798842982019e-08,-5.6460365751731005e-08,-6.590329801240088e-08,-6.23585362116727e-08,-4.118891553359791e-08,-3.1483553464382226e-09,4.561814079733613e-08,9.357448516104714e-08,1.2379350582380334e-07,1.238325681782404e-07,1.0952479649543143e-07,9.143902129226665e-08,7.57321098456728e-08,6.451777177496549e-08,5.5866559041847314e-08,4.3805865950409866e-08,underdamped,4.333714875049317
1.0,0.9567653903751672,0.8538975993598583,0.7226903945063372,0.5846922881176012,0.4536888911897339,0.3370463026052993,0.23872868513770099,0.1597063011768658,0.09839927689452752,0.05297629915599551,0.021080979941315282,-0.00018450312243688954,-0.013175432160397859,-0.020044921453255555,-0.022662151790822836,-0.02244157024330583,-0.02051372061054855,-0.01769652539638812,-0.01455794987553093,-0.011471946264995713,-0.008670972755068299,-0.006266490107847724,-0.004286463283930221,-0.0027335856329133404,-0.0015685909260267977,-0.00072720309615252,-0.00015473917808783025,0.0002065774863459801,0.00041219723875907956,0.0005046082610232577,0.0005206383063823989,0.0004890981299812406,0.00043056456387037756,0.00036031130423078676,0.00028852974869619655,0.0002218021956774978,0.0001632064389834009,0.0001139999313036536,7.478610421228229e-05,4.5111968361144854e-05,2.3237377934250465e-05,7.730658797397476e-06,-2.3132137850967833e-06,-8.131942692776312e-06,-1.1088365415977362e-05,-1.2092030966583061e-05,-1.1698105751478872e-05,-1.049397267385235e-05,-8.927605852980219e-06,-7.277181859532985e-06,-5.684061019083986e-06,-4.274093064184654e-06,-3.103097982530809e-06,-2.1237316519441506e-06,-1.3124948465264774e-06,-6.697332366597451e-07,-2.1968914504176825e-07,7.239077979720014e-09,9.509635164394372e-08,1.3914745940199116e-07,1.9615909201111648e-07,2.8439984753473746e-07,3.83640231342436e-07,4.3515265610995576e-07,3.6874452015715954e-07,2.9098172620675004e-07,2.2627558283188485e-07,1.7030135715301341e-07,1.2026706767100505e-07,7.491348426714679e-08,3.4514128203143913e-08,8.752721211190347e-10,-1.531823538126286e-08,2.043554417430077e-08,8.015913073317079e-08,1.3396352775218863e-07,1.6093135157128693e-07,1.4911683141349218e-07,9.554580938492468e-08,6.215740474795816e-09,-1.0390430744458595e-07,-2.1087365361782292e-07,-2.8178000440642365e-07,-2.747394532888032e-07,-2.2591224900879323e-07,-2.443306090329928e-07,-2.9073439078069513e-07,-3.3189371498699446e-07,-3.4417338615562795e-07,-3.1353289255897963e-07,-2.3552640623807622e-07,-1.15302783002593e-07,3.2394437569155414e-08,1.8322703213020205e-07,3.0326209356494e-07,3.5025819480957855e-07,3.3993614557245637e-07,3.0657620079197413e-07,2.6177082423587874e-07,underdamped,4.8653483845244105
1.0,0.9554320288944173,0.8453531988266654,0.7004823194655634,0.5440568948335263,0.392944460070349,0.2581614459541044,0.1455979852443953,0.057390407434630114,-0.006977721148914207,-0.049808553914681405,-0.07459875382940984,-0.08508185417929069,-0.085025222916217,-0.07790866697908364,-0.06656292369348563,-0.05334710527810213,-0.03996020675803235,-0.027581368769224054,-0.016924506516050666,-0.008319020234939783,-0.0018090212018817883,0.0027420113637311935,0.005578137403548738,0.007029377310151898,0.007426337535302761,0.007067386876028535,0.006236457643591491,0.005153852106638192,0.003991041964266662,0.0028732232109815042,0.0018780575344001064,0.0010491103428253992,0.00040191404595024834,-6.81846456283495e-05,-0.00038038330948487217,-0.0005595678044792253,-0.000633029155301047,-0.000630218486290034,-0.0005757082375928964,-0.0004904088405879065,-0.0003920587084777503,-0.0002928382769220471,-0.00020129590271013856,-0.0001227344711954667,-5.9459374770208805e-05,-1.1866599214146751e-05,2.137796491484732e-05,4.212156661061251e-05,5.2414956716711214e-05,5.483088734545851e-05,5.213512933566505e-05,4.623499888532816e-05,3.823663034619314e-05,2.953035664187797e-05,2.122510826294485e-05,1.3903638179018371e-05,7.7637005228504e-06,2.978241145803876e-06,-5.084239912647041e-07,-2.833148066291866e-06,-4.1751428827692876e-06,-4.630278890635849e-06,-4.408196477422816e-06,-3.903057074949496e-06,-3.3656294968931224e-06,-2.9009594508543864e-06,-2.4683695383574464e-06,-1.8909957406680456e-06,-1.2602485186189268e-06,-7.274175691077491e-07,-3.176371863446424e-07,-3.2587011393168884e-08,1.4950796782965586e-07,2.737467614058817e-07,3.246608281353916e-07,2.9897347516678427e-07,2.471739007935965e-07,2.0327860163871106e-07,1.8483137265435635e-07,1.9290330712210514e-07,2.120927966528775e-07,2.105255311869369e-07,1.5624211969151228e-07,7.506928216160035e-08,-2.7045508691121636e-09,-5.6172087544328736e-08,-7.354153410533719e-08,-5.2136594891003614e-08,1.6035276622247813e-09,7.212413302032167e-08,1.347550225516812e-07,1.5571049952711323e-07,1.1353643940231296e-07,6.939544068031221e-08,3.403183943899629e-08,8.571033653310469e-09,-7.586560309661077e-09,-1.6765507690698053e-08,-2.30153553384414e-08,underdamped,3.8918527218454404
1.0,0.9540780731392983,0.83634904310185,0.6759899117858585,0.49777912750683356,0.32175382304674205,0.16319580429199038,0.031086270120507103,-0.06976545464406764,-0.1384526125661254,-0.17734849014742898,-0.19073822416843625,-0.18406230584985372,-0.16293595791248502,-0.1330181790720221,-0.09924051242135516,-0.06540974565244032,-0.03459402599248478,-0.008710170496270948,0.011293948256193977,0.02515228682026873,0.03323528607222402,0.036325122559764944,0.035459331653434206,0.0317152350179399,0.026148098866803714,0.019743528053190976,0.013258147732231693,0.007277276760117827,0.002208286197384333,-0.0017516559273257713,-0.004539659835965656,-0.006210782951736076,-0.006907863637298899,-0.006821648891943888,-0.00616447718879488,-0.005134668114435274,-0.0039209842649992445,-0.002679684193468588,-0.0015214285565687082,-0.0005287124596048845,0.0002536198749677379,0.000812879721555565,0.0011571267729684686,0.0013113254128328553,0.0013107247559575276,0.001196009017335271,0.001007064403653701,0.0007779447890925355,0.0005397801857871694,0.00031644042488714356,0.0001225342832078907,-3.224189679830415e-05,-0.00014411379290236808,-0.00021460736771869638,-0.00024815679315516587,-0.00025150195910216857,-0.00023197646095030332,-0.00019682658927131917,-0.00015372648538279561,-0.0001087274382188687,-6.569160733068988e-05,-2.7785081461067464e-05,2.695285298081506e-06,2.4979495468538477e-05,3.942304990871513e-05,4.669348085118006e-05,4.803283159095184e-05,4.48334156561588e-05,3.840215306448413e-05,3.015998577862675e-05,2.15655122026198e-05,1.3534671736858828e-05,6.436706207689418e-06,4.302557256859435e-07,-4.077316207458726e-06,-7.022746670004476e-06,-8.540170202095681e-06,-8.94979477277301e-06,-8.45553533601686e-06,-7.338551499216598e-06,-5.904827793023174e-06,-4.371515814668754e-06,-2.8669342279667663e-06,-1.423042646841961e-06,-1.519014596163419e-07,7.904150183670826e-07,1.3367029341241294e-06,1.509551064644561e-06,1.4213408168921045e-06,1.2742462278044633e-06,1.1526357886719936e-06,9.451507097403852e-07,7.093455148176901e-07,4.856663491097271e-07,2.9593769799713e-07,1.4336238703536385e-07,1.3619870452583816e-08,-8.920566451258422e-08,-1.5773816295252776e-07,underdamped,2.948395869745041
1.0,0.9570295958147754,0.8556825439578188,0.7270303635644512,0.59217933620102,0.4646944519363648,0.3513264676556521,0.2551976683791839,0.17758919304903242,0.11697377368705265,0.07122868713988831,0.03827419016440936,0.015456699699165459,0.0005193043250991163,-0.008440948053640585,-0.013159000398668705,-0.01494513989235285,-0.014827623474335678,-0.01358462872751868,-0.011763175421440957,-0.00973802527332993,-0.007751797300129812,-0.005951615060778504,-0.004396353526301893,-0.003113187031350621,-0.0021011212880016434,-0.0013261146586817734,-0.0007554814298042977,-0.0003550848136666199,-8.607822047433644e-05,8.216772588474661e-05,0.00017605629919964212,0.0002186831572782117,0.00022691750247064466,0.00021379341321451864,0.00018899372040074414,0.00015916854591428977,0.00012881454974449173,0.00010030529460596248,7.5112886260427e-05,5.416273890200509e-05,3.748430851639268e-05,2.4375555979829737e-05,1.4372164688387789e-05,7.2915634038388465e-06,2.590353488241868e-06,-4.6065991666091393e-07,-2.3260873540884787e-06,-3.261046964535946e-06,-3.5140355917387468e-06,-3.3866522314470404e-06,-3.059215457397749e-06,-2.6405474506740946e-06,-2.1699454370399526e-06,-1.731222459469814e-06,-1.3527114062754304e-06,-1.0139489608881304e-06,-7.072061664772792e-07,-4.374884259502893e-07,-2.225355019526079e-07,-9.503406037762352e-08,-6.665411565189064e-08,-7.933660497994578e-08,-8.596394763542238e-08,-5.8737259889523275e-08,1.0823644988977879e-08,1.1188025673373784e-07,2.1427536808084227e-07,2.6853307476880905e-07,2.252175721666255e-07,1.9311794193467594e-07,1.8245077760964885e-07,1.7225270890371007e-07,1.4899432148229385e-07,1.0658015696410293e-07,4.6348712921108785e-08,-2.2927557121449794e-08,-8.504224368506559e-08,-1.1635498133796066e-07,-1.0159011800921704e-07,-6.680957999403309e-08,-2.9973525723505763e-08,-3.850984698662733e-09,3.536409036341486e-09,-1.1085583105774053e-08,-4.624380425541666e-08,-9.571770208611829e-08,-1.4853932881453944e-07,-1.8899334120046482e-07,-1.966170005468066e-07,-1.4620017269960256e-07,-5.888592579537579e-08,-3.662826854418973e-08,-3.927286243648014e-08,-3.295085164963702e-08,9.048375321952326e-11,6.148772782324032e-08,1.3676132872584335e-07,1.9531559874071935e-07,1.9043871426182625e-07,underdamped,5.06382680233686
1.0,0.957217846327062,0.856922541890044,0.7300272837780047,0.597340928839583,0.4722706103786941,0.3610158389672319,0.2666341397199504,0.19012793191041744,0.12984867981879825,0.08395374463169936,0.05031996247104614,0.02642166574194331,0.010223685044852989,-0.00013055725054659725,-0.00626028602946543,-0.009382031934656799,-0.01048620937382362,-0.010315782850947633,-0.009403693971524246,-0.008122751126633526,-0.006725030313135167,-0.0053738961179222895,-0.004149499412263105,-0.0030970159358343183,-0.0022344552337701046,-0.0015474817822025385,-0.0010190230606893316,-0.0006278309210057281,-0.000346451035676994,-0.00015278776760705557,-2.678534640838503e-05,5.009448469434069e-05,9.160452916692616e-05,0.00010879603000492088,0.00011043530468101743,0.00010273414036153137,9.014860602257975e-05,7.557663696213997e-05,6.092465888251816e-05,4.752123998733652e-05,3.608009036925072e-05,2.6408676143988497e-05,1.8377680260978383e-05,1.2061881246689708e-05,7.55074238707363e-06,4.333087932649928e-06,2.0425428524793414e-06,4.660275550595985e-07,-4.784532768497257e-07,-9.599503339300806e-07,-1.1694346011080988e-06,-1.2203404954223628e-06,-1.1767636437041978e-06,-1.0534608825776645e-06,-8.928571000031351e-07,-7.451365263744654e-07,-6.018390855497069e-07,-4.6032227797363937e-07,-3.2376319358988335e-07,-2.0115851184090682e-07,-1.0732450166801958e-07,-7.79296264059881e-08,-1.1092266934135208e-07,-1.5837124105695556e-07,-1.8551510421676686e-07,-1.7117757546459696e-07,-1.0776552542409965e-07,-1.2693786987686354e-09,1.2873688612805638e-07,2.4909573649319734e-07,3.1306608585362887e-07,2.6754135050188174e-07,2.527958649348654e-07,2.972304412147977e-07,3.458145820783887e-07,3.598838963219196e-07,3.171400988012394e-07,2.1165101043176753e-07,5.3850558188495094e-08,-1.294612248940259e-07,-2.9511819972165925e-07,-3.835881211407125e-07,-3.4763019371225006e-07,-3.304407575923e-07,-3.384296827310806e-07,-3.450125655864013e-07,-3.316619941794513e-07,-2.8790754809479727e-07,-2.1133579848038697e-07,-1.07590308047545e-07,9.628368929026977e-09,1.1856268661124182e-07,1.893981075976414e-07,2.0691998542870265e-07,2.005251566742092e-07,1.816339935408483e-07,1.5757235240018726e-07,1.3211222410555553e-07,1.0547173399204744e-07,underdamped,5.206418953574243
1.0,0.9558305412390657,0.8479270160109976,0.7073024398617362,0.5566958093704194,0.41196821377338844,0.28310560141146596,0.1753206164721824,0.09010165541211429,0.02667501731273053,-0.017055007238763166,-0.04434768849340587,-0.058585702078693784,-0.06307252239179845,-0.060830433120306115,-0.05432149529988897,-0.045581399280178785,-0.03608501667416832,-0.02687801169576546,-0.018624856757932417,-0.0116811314077561,-0.006158196217900012,-0.0020230904488536643,0.0008514291039782105,0.002668521801919542,0.003639587495654955,0.003974987908995014,0.003868537744830789,0.003478014055967616,0.0029356710458032682,0.0023376685193841782,0.001752373226752345,0.0012241534656425544,0.0007770357942991544,0.0004195879255538029,0.00015000384292956069,-3.876968173721179e-05,-0.00015903031894224813,-0.00022560031479812795,-0.0002506967877471125,-0.0002460069039911132,-0.00022285217491171196,-0.00018936177228682293,-0.0001516171972422349,-0.00011439130227387993,-8.056986172485202e-05,-5.176197572880801e-05,-2.8581233670846076e-05,-1.0973624411203317e-05,1.4592291479174264e-06,9.228627145280781e-06,1.3570810008085942e-05,1.5550779727268776e-05,1.581200719057319e-05,1.4597008690824201e-05,1.2458294881777669e-05,1.0038810125886706e-05,7.681006077934312e-06,5.535047502581269e-06,3.6267136759519694e-06,2.084863532838847e-06,9.006508298597536e-07,4.1719653518375684e-08,-5.335813109215587e-07,-8.653435635841774e-07,-8.8029660740664e-07,-7.182524765263056e-07,-5.411898841038932e-07,-4.4860845872077026e-07,-4.775287443789643e-07,-6.024922005011527e-07,-7.355612019306663e-07,-7.263190389314951e-07,-5.512462226542274e-07,-3.805364583094077e-07,-2.3881291790949294e-07,-1.3842289135202218e-07,-8.01297432956202e-08,-5.3112913159991616e-08,-3.496791512592284e-08,3.4967831109071127e-09,1.6320200707050758e-08,1.1374433828439627e-09,-2.044516348481785e-08,-3.323044645668703e-08,-2.843038403116608e-08,-3.6661066443063873e-09,3.703210333019167e-08,8.32248115809793e-08,1.1806343185905631e-07,1.195739489628032e-07,8.935410795731445e-08,4.945515159606196e-08,1.6172118788685624e-08,-4.672201053028489e-10,3.2976367234756e-09,2.495992253427068e-08,5.5745602036200574e-08,8.061337138825435e-08,7.825465819928839e-08,underdamped,4.178016148966675
1.0,0.9504395610431265,0.8106062848679034,0.5995776796747347,0.34227391392415774,0.06679903811106719,-0.19861399755652787,-0.42878923284383286,-0.6030909329476504,-0.7075469182316226,-0.7366438163744826,-0.6916109458157942,-0.581077861230506,-0.4204077748277433,-0.22814617415936994,-0.024946600360492656,0.16867497407432266,0.3339428516927441,0.45645117911072086,0.5270883437806515,0.5416061704958613,0.5019837250954444,0.4156625213170283,0.29367389978931324,0.15013171651923624,0.000475361942388175,-0.1401903261980505,-0.2587536611011716,-0.3448124943709262,-0.39178940153460706,-0.3976799343627618,-0.36410317398929704,-0.2966652771790925,-0.20428744248408212,-0.09741459337174166,0.01265095559410562,0.11496240125723599,0.19973680290999013,0.2598042525740441,0.2909199219519608,0.2915126069702243,0.26341854359132855,0.21125079050413204,0.14145096237995103,0.06193457059948445,-0.018886163366083383,-0.09297453777542375,-0.15355259836731336,-0.19541543535353023,-0.2155540969034425,-0.2134265542603106,-0.19042401964636899,-0.1500530291360713,-0.09743634177596643,-0.038422107739004424,0.020846283225130234,0.07456126441828559,0.11766823821809477,0.14663943398899967,0.1595601825890001,0.15598173843295596,0.13729420770646975,0.10630018444271877,0.06671910941330227,0.022952238920687058,-0.020438568553819064,-0.059204823073241805,-0.08987167250142546,-0.10986687069816538,-0.11786154555934557,-0.11386081350643508,-0.0988953860458976,-0.07509347484870701,-0.04537613448724013,-0.012995052062564336,0.018730966312620834,0.04674163981566426,0.06844764329969658,0.08213432058411882,0.08698176628372942,0.08296544273567671,0.0710391888655994,0.052881374378083476,0.0306170370827537,0.006672417289210265,-0.01649599377965326,-0.03663419484079605,-0.051982937116797204,-0.06132281773254185,-0.06405619395987477,-0.06035687157185392,-0.05096400345656162,-0.037110806461271434,-0.020452546050423577,-0.0027908592638052655,0.014083962768906638,0.02857533096483976,0.03939087292211724,0.04567657229030825,0.04711680645502329,underdamped,0.6108085894451472
1.0,0.9545115474158132,0.8392796988561799,0.6840648809522003,0.513177828110558,0.34571751209989804,0.19545580642668742,0.07021871090201165,-0.026078757435120004,-0.09315971075373985,-0.13344699999062987,-0.15101618479952844,-0.15070585844996112,-0.13740707058505627,-0.1160245136394096,-0.09063157527546156,-0.06447701318862414,-0.040104095965328886,-0.019076405432621804,-0.0022735019126703115,0.010019254068484945,0.018010723263662126,0.022217066873072736,0.023345994864074602,0.02213727032923986,0.019357058251388504,0.015694594894150444,0.011693661979033966,0.0078050634012380715,0.004332342314534814,0.0014539401561723614,-0.0007442865034280339,-0.002263305865356948,-0.0031616518778435814,-0.003538816679864538,-0.0035056717165167814,-0.003177609034443307,-0.0026691764664137103,-0.0020727046800705883,-0.00146316166588092,-0.0008987090163290383,-0.0004142404452482576,-2.9264613281537732e-05,0.0002503850362564942,0.00043020170332735643,0.0005225407264770823,0.000544547412915102,0.0005134201350669268,0.00044621447445580256,0.0003597760615764085,0.00026684021723903407,0.00017643253762328578,9.612409584567819e-05,3.013076308838367e-05,-2.0104764350315337e-05,-5.457208427946404e-05,-7.471098933938573e-05,-8.276359124492576e-05,-8.121639126084797e-05,-7.320307430233193e-05,-6.138028937107235e-05,-4.7611100434522666e-05,-3.338305275368075e-05,-2.02635666018387e-05,-9.197646407599336e-06,-4.881103861468982e-07,5.9271829529494585e-06,1.0032893357882009e-05,1.2131436897987958e-05,1.2598450549077737e-05,1.182708473583293e-05,1.0105117680429633e-05,7.989311714854335e-06,5.89422811522716e-06,4.034323408176476e-06,2.4239493708389183e-06,9.460588228677768e-07,-2.3572923111043274e-07,-1.0598612558961367e-06,-1.5368989554078842e-06,-1.7202784979882457e-06,-1.7063105164037905e-06,-1.569151598667634e-06,-1.2929557512643906e-06,-9.747594187172835e-07,-6.846324493902002e-07,-4.585396304039042e-07,-2.9834068763600217e-07,-1.7179028572096142e-07,-3.2102536355215314e-08,8.862081339525217e-08,1.7097255493624834e-07,2.076283090326513e-07,1.992877769446707e-07,1.5467474042784183e-07,9.053706173302694e-08,3.164668360641374e-08,1.079962928952123e-08,2.156902447203067e-08,2.749456350205396e-08,underdamped,3.245740272935653
1.0,0.9563775398970288,0.8514184289941462,0.7163981324881931,0.5733631272371121,0.43682858928143575,0.3153812729233079,0.21342828790080548,0.131903112673376,0.06975074152603258,0.02504793484779412,-0.005167503229247666,-0.02377682106806607,-0.03355661074310106,-0.03701875462793044,-0.03618300620062393,-0.03273393421417542,-0.027909739260111734,-0.022607750514647387,-0.01743745612079583,-0.012774430097324572,-0.008797972702461012,-0.005576499356183165,-0.0031004571905774024,-0.001287500173985631,-4.0094671584543496e-05,0.000746178557919408,0.0011830245206151998,0.0013619212297527083,0.0013637058522147447,0.0012549743726837607,0.001084454331612546,0.0008892245640111992,0.0006943131641355058,0.0005154506094714933,0.0003608025770623153,0.00023416343618018362,0.00013598139929704066,6.283149505353542e-05,1.1075976560738564e-05,-2.2217145807957987e-05,-4.113875449700601e-05,-4.990267672359083e-05,-5.1490143915796676e-05,-4.816156912467213e-05,-4.217291936156228e-05,-3.5046667183867035e-05,-2.7703090267770308e-05,-2.0837584356949145e-05,-1.481720640320189e-05,-9.810072090860099e-06,-5.854628822377304e-06,-3.045939538427792e-06,-1.1428111621723212e-06,2.0619456268394798e-07,1.2068471902817269e-06,1.919247572607512e-06,2.257827859493667e-06,2.152085783401748e-06,1.8858190012394666e-06,1.5745874137968353e-06,1.2803086301597945e-06,1.0209708617503534e-06,7.706329223265823e-07,5.306095348954287e-07,3.535754454275596e-07,2.1817197205897558e-07,1.0909728852505545e-07,1.800952820556179e-08,-5.6473215875351526e-08,-1.0877289104914479e-07,-1.1567823605234531e-07,-3.779783730108929e-08,7.274039900459605e-08,1.6727850730144366e-07,2.1269877668607212e-07,1.9142375091498574e-07,1.0141622840457387e-07,-4.382073776888843e-08,-2.1524383986924018e-07,-3.6826951550043595e-07,-4.427739476065466e-07,-3.725178769556518e-07,-2.836316910871716e-07,-2.3129489707415912e-07,-2.02140657442525e-07,-1.8473313454226782e-07,-1.6956749054746958e-07,-1.4906988745629724e-07,-1.1759748709100399e-07,-7.143845109792612e-08,-8.811940947485159e-09,7.013188206581034e-08,1.526205513988484e-07,1.8657271254093822e-07,1.907446788873028e-07,1.8538094129888596e-07,1.797444713746161e-07,1.721167214514055e-07,1.4979762460415053e-07,underdamped,4.577400059129771
1.0,0.9530815881741697,0.8294092291805365,0.6564645978935304,0.4600634732633535,0.2621067976529809,0.08138777058568236,-0.06916503646634686,-0.1827937087786538,-0.2564836926163482,-0.29175000126827677,-0.29342163629633533,-0.26829896803184045,-0.22411664193781772,-0.1686874909304285,-0.10952121060721334,-0.052705242079089915,-0.002710807586038165,0.03718774191187649,0.06548316151741225,0.08208141399696034,0.08784216591401858,0.08447270171779749,0.07415678047435782,0.05929515462134467,0.04212657676271293,0.024659403621147616,0.008601426729675773,-0.004929816044506577,-0.015251471937485507,-0.0220571521823762,-0.02547020508676685,-0.025882558917283246,-0.02387428102050062,-0.02012037157087821,-0.015318586744860056,-0.010131533818818886,-0.005091748311799941,-0.0006256273409827066,0.002968620206587407,0.005558676598087051,0.007115424695824575,0.0077066133841524,0.00747996967478233,0.006624858263263481,0.005349119710138246,0.0038501277471194376,0.0023117033747501953,0.0008853960561451216,-0.00032942174649827714,-0.0012654119158681861,-0.001892701288499079,-0.002220553670238725,-0.002280595497921001,-0.002122187881314078,-0.0018044597729349817,-0.001389020540915725,-0.0009346094345954155,-0.0004886489189717329,-8.993020229839288e-05,0.00023371556642507222,0.0004698723166593558,0.0006153856211283585,0.0006751194880624503,0.0006615184135996695,0.0005908881554081827,0.0004817088774020992,0.00035153890465669735,0.00021581915892585743,8.88198244785473e-05,-1.9362789087279874e-05,-0.00010379898219064006,-0.00016173171173833003,-0.00019297838082714945,-0.0002002877884364878,-0.0001880341315821045,-0.00016137391290966404,-0.00012569569005608697,-8.591822436511426e-05,-4.641897947935956e-05,-1.1081016782167627e-05,1.7775086684052594e-05,3.927500285260338e-05,5.285912104680862e-05,5.87851713681071e-05,5.81019938920666e-05,5.237387305978206e-05,4.3067480017588855e-05,3.185069804610597e-05,2.011255686509255e-05,8.913205710827808e-06,-8.883346541363208e-07,-8.507476328777245e-06,-1.3625978692892203e-05,-1.6418303719065656e-05,-1.7275579532993527e-05,-1.6391058021488824e-05,-1.4202408074736143e-05,-1.1170009598074529e-05,-7.771250927884852e-06,underdamped,2.280865033686731
1.0,0.9532251524637128,0.8304249570207037,0.6593646837214087,0.46572543410532674,0.2711096008572645,0.09387547363314014,-0.05374727114258447,-0.1653199109323329,-0.23815422334181607,-0.2739694884466279,-0.27751408020831386,-0.2554148335537713,-0.21506645191340445,-0.1638971341044994,-0.10901413053505195,-0.056077901527680385,-0.009298543806691366,0.028276260421049915,0.05527687230278007,0.0715786972835964,0.07795694476421358,0.07595699797074966,0.067546964279368,0.05488702640548626,0.03998090028123854,0.024640249288876256,0.010395460960264294,-0.0017509055474825494,-0.011163385317985757,-0.01755044560448559,-0.020998663717482408,-0.021825050763752546,-0.020514191391478663,-0.017636371039027064,-0.01378514274165523,-0.009524748374097785,-0.005311524563260584,-0.0015178116384570485,0.0015950880977684545,0.003904356502516402,0.005370918290370272,0.006039369064682946,0.006022325842208645,0.005467984187830522,0.00454174355189573,0.003402646135011845,0.0022005757517895254,0.0010605888579424201,6.674526773581952e-05,-0.0007217565669675604,-0.0012756781325141617,-0.0015972598353780783,-0.0017068034980242315,-0.0016393975140929836,-0.001438788218443814,-0.001151478445084878,-0.0008228158121471522,-0.0004898963230304214,-0.00018346178244166988,7.319129873640108e-05,0.0002684730903769017,0.0003983890049814334,0.00046461492605696047,0.0004748272659521403,0.00044011025688902287,0.00037340919834601756,0.0002875043179209919,0.00019369789739634143,0.00010240414198134861,2.1980572529816528e-05,-4.3078833291872736e-05,-9.079416791221375e-05,-0.0001201309504661845,-0.00013226333770895442,-0.000129963817728441,-0.00011644128653535067,-9.542601704869193e-05,-7.035702523547012e-05,-4.417324616839791e-05,-1.9558160588918938e-05,1.3521823776930359e-06,1.7537572070916115e-05,2.8861967478945245e-05,3.520081156918557e-05,3.6971926021613145e-05,3.498700612872934e-05,3.0315659402767076e-05,2.3862611808829824e-05,1.669328223923442e-05,9.634136924315439e-06,3.229633659682088e-06,-2.2387427854613864e-06,-6.39437454609579e-06,-8.983374875407809e-06,-1.0032726253648989e-05,-9.850280388135424e-06,-8.971946863195527e-06,-7.537384380438154e-06,-5.732417772437986e-06,underdamped,2.3756958693898973
1.0,0.9526403570998697,0.8263250813832429,0.6474905100862612,0.4421711620070694,0.23352439216286344,0.04160719664434004,-0.1189307927570441,-0.23953924347632655,-0.31611445931477494,-0.3497039084093348,-0.3451756647575686,-0.30987149478628867,-0.2525882245623577,-0.18254698191018026,-0.10867932217472981,-0.038313084540370856,0.02283056248777439,0.07061972248173953,0.10322990088308898,0.12048645025503475,0.12353013301718178,0.11469785373016655,0.09697266271738414,0.07361689439496322,0.047738895477069165,0.02220367738240804,-0.00064773066869174,-0.019304875506598942,-0.03280335691304959,-0.040809861145759005,-0.04362947866795346,-0.041941059654406414,-0.0367134156555101,-0.02907220935581818,-0.020165059234944112,-0.011044878433204997,-0.0025600521998237827,0.0046064788484681315,0.01003098814802211,0.01355919819262159,0.015200827867942732,0.015147905207721891,0.01371642359640014,0.011292291945207898,0.008274832174151061,0.005043791003263801,0.0019468083175593828,-0.0007612974317859029,-0.0029115724402232635,-0.004400367599497364,-0.005213307708346293,-0.005402023997813131,-0.005061363956725803,-0.004318587773741457,-0.0033150566369695685,-0.0021924528315175537,-0.0010734005941789907,-5.8224649038537274e-05,0.0007748814895665178,0.0013846442874374785,0.001757775047406905,0.0019013230433672903,0.001844292206843885,0.0016287082867254311,0.001303666401595181,0.0009182831177027937,0.0005180962149543643,0.0001445097672619529,-0.00017344476847827714,-0.0004185664959365514,-0.0005804850056824423,-0.0006591523444882422,-0.000663417149046893,-0.0006061852135747474,-0.0005038444385823221,-0.0003738520599802311,-0.0002331604002260877,-9.726888249339766e-05,2.269551522725458e-05,0.0001191443753230551,0.00018688649800907155,0.00022477478784463714,0.00023541005568683128,0.000222588541139461,0.00019169905963502886,0.00014886188476353592,0.00010002442699177118,5.107379324956105e-05,6.607865558068497e-06,-3.0464242787382336e-05,-5.818017825552763e-05,-7.536090004775258e-05,-8.225335726218376e-05,-8.046833548417274e-05,-7.169371823784126e-05,-5.797584417700133e-05,-4.1456097628602025e-05,-2.4166820580346086e-05,-7.822084796951515e-06,underdamped,1.99215741534007
1.0,0.9561753610978801,0.8501319506898473,0.7130707521937101,0.5672932924024496,0.42779809485467213,0.30370552631718084,0.19967099409404898,0.11681312651393011,0.05421804620707088,0.009855689822440693,-0.019346630675874554,-0.03642091042018514,-0.04436969685482538,-0.04583882230441203,-0.043027482535463145,-0.03773427820826315,-0.03126509825630165,-0.024578501866856034,-0.018300663487039667,-0.012797754675946023,-0.008229099467066226,-0.004637067102535885,-0.001965037078597059,-9.2191994446357e-05,0.0011103728824213063,0.001788686500861078,0.0020783170820298466,0.0020922195889092883,0.0019311627043878301,0.001670687519461094,0.0013676058716841585,0.0010624005002050482,0.0007807732081605607,0.0005368910513648163,0.0003370043339642532,0.0001822052315589803,6.84477815397187e-05,-1.0636015522161367e-05,-6.04042694274212e-05,-8.683684198330745e-05,-9.682534122891774e-05,-9.551331411448939e-05,-8.668867211488398e-05,-7.397446306558483e-05,-5.988681952970951e-05,-4.597056690344688e-05,-3.332683159922602e-05,-2.25101314674872e-05,-1.3749624993341253e-05,-7.0762005053298276e-06,-2.4146142937239995e-06,7.830228253526283e-07,2.9311310124732407e-06,4.24865787296349e-06,4.759078456901562e-06,4.562602069379558e-06,4.046042745416622e-06,3.418422854375834e-06,2.7934425942800515e-06,2.1895949130833487e-06,1.5791503295370991e-06,1.0649131209903578e-06,6.523490380096093e-07,3.321121509443678e-07,9.397942660115811e-08,-7.31492717564795e-08,-1.663001107647051e-07,-9.783427178370379e-08,5.2088484552565297e-08,1.9055658137030572e-07,2.549999029967995e-07,2.1318979496040853e-07,6.323906399056963e-08,-1.6639802198219985e-07,-4.169257338263035e-07,-5.992068812090719e-07,-5.944592155052713e-07,-4.514514950543879e-07,-3.0322609672444406e-07,-1.8081340226718987e-07,-1.0260292618974756e-07,-7.434331575459717e-08,-8.91423509795878e-08,-1.2746694463793084e-07,-1.5714314225820445e-07,-1.3335612212434945e-07,-6.497133254853795e-08,-6.418511413995097e-08,-9.347656096603062e-08,-1.1854728750366141e-07,-1.16983031290517e-07,-7.825365292506098e-08,-3.7131360665445547e-09,9.340041256498735e-08,1.879647631887051e-07,2.429735629629872e-07,2.315887883012144e-07,2.0230804869144716e-07,1.6713777230153776e-07,underdamped,4.428878009134195
1.0,0.9549155823162806,0.841969202290991,0.6913888614412214,0.5270295392542259,0.3670376879058658,0.22390085407453636,0.10452970625913402,0.012020157688970495,-0.05377159212579902,-0.09526272245442517,-0.11626911545534718,-0.12108366863298241,-0.114114148366349,-0.09958077517986214,-0.08089540518717175,-0.06092879580406483,-0.04177156844960597,-0.024788315491510348,-0.01079147011489718,-7.169458461733693e-05,0.007444072441832724,0.012079632150992167,0.01429190828390598,0.01462933409471944,0.013622199808089047,0.011753148661003313,0.009449084475073415,0.007028749409881848,0.0047354705278450145,0.002728063103197015,0.0010893106816303939,-0.0001514015968655906,-0.0010072676075295215,-0.001520012189142098,-0.0017509672620800135,-0.0017647881108844082,-0.0016228514955659397,-0.0013860014170421573,-0.0011026546327776163,-0.0008097078237473835,-0.0005359406013277549,-0.0002986383382251319,-0.00010694460486782454,3.640937027364025e-05,0.000133665035578067,0.00019010251589278866,0.000213752954577496,0.00021246167130928382,0.00019319528592719263,0.0001631419992584786,0.00012853207633315008,9.343125649501256e-05,6.0694060709698945e-05,3.262942056806413e-05,1.0264066036374755e-05,-6.293908970588514e-06,-1.732649095854085e-05,-2.3627126328846156e-05,-2.6064640780270153e-05,-2.550190843122289e-05,-2.282220457657834e-05,-1.9081845135518662e-05,-1.5002320006580889e-05,-1.093226163370644e-05,-7.0246985899436435e-06,-3.6728367843506956e-06,-1.038254612059842e-06,8.550485410443575e-07,2.1125398544094935e-06,2.8174453790284432e-06,3.0426755442270488e-06,2.956631950180395e-06,2.6820832920303874e-06,2.2961153268818437e-06,1.8294721423431385e-06,1.2712709840999742e-06,7.216944611881478e-07,2.83518034457295e-07,9.711821634311939e-09,-9.655940267665689e-08,-8.193620699419672e-08,-4.2864502959644946e-08,-1.0282643078284792e-07,-1.6040203907170226e-07,-1.8190440570798542e-07,-1.7992487340035323e-07,-1.6455548248420576e-07,-1.4338897092168533e-07,-1.2151877430167837e-07,-1.0153902583981325e-07,-8.006009673146604e-08,-5.121551208306743e-08,-2.355974069921588e-08,-3.432560470991936e-09,5.999025146938972e-09,4.740787136324511e-09,-4.0287290846739915e-09,-1.3958203661481533e-08,-1.5523542303109212e-08,underdamped,3.526838904247004
1.0,0.9510054457722981,0.8147920780905443,0.6125713719206265,0.3698430906582012,0.11377447758341475,-0.12945764314103425,-0.3379181176364897,-0.4946091216920081,-0.5888987328915576,-0.6179503186674273,-0.5846926511250244,-0.4978658450631753,-0.3711925423423901,-0.22045550434434757,-0.06233632534266241,0.08738337797046361,0.2146729719652965,0.30942474090068084,0.36580205385931885,0.3815877770030981,0.35906751873755755,0.3040876963105097,0.2248237695707994,0.13115328787465214,0.033450590668624075,-0.058361998097975515,-0.1361167617966715,-0.19362390681725009,-0.22704586010674793,-0.2355576597283854,-0.22058980425715943,-0.18563187941474746,-0.13603547410217637,-0.07791748733635773,-0.01764906672660768,0.03881921343012117,0.08630009196866816,0.12100931111370777,0.1409274204260138,0.14540030509971147,0.1353871736815355,0.11328489621008549,0.08229755232769823,0.046219608459539624,0.009005171555711254,-0.02561831788414015,-0.05460075500776515,-0.07564577335302158,-0.08742584364476491,-0.08972477679831853,-0.08314569362676515,-0.06912508447193436,-0.04975262702107221,-0.027376687761727553,-0.00441922169565344,0.01687126430012688,0.03453874535745081,0.0472377388065362,0.05423863776675808,0.05534314346741698,0.05100433493726228,0.04215915889884178,0.030059994334951583,0.016174327224825875,0.002011250982397624,-0.011031159310982284,-0.021819183242454958,-0.029502515896218825,-0.03362366131912474,-0.03413694464071946,-0.0313025536392338,-0.025702698104025094,-0.01814765582656835,-0.009542411604482472,-0.0008073953491706826,0.007207771120198318,0.013774773277655864,0.018407531873116542,0.020847563759678583,0.02104303719826642,0.019191330706795594,0.015663771730544822,0.010949005173151295,0.005611988625240881,0.00022713431504849634,-0.0046800330217015105,-0.00868838105052504,-0.011486398185375647,-0.012915636043014612,-0.012973207436698109,-0.011771075348711073,-0.009541634652734917,-0.006600211598544151,-0.003294907642293855,2.4422788485045448e-05,0.0030385894240097288,0.005476345774396017,0.007160450925290686,0.00800101748749618,underdamped,0.9570143452256062
1.0,0.9574589740574535,0.858282171069732,0.7335436169110783,0.6039887758641321,0.48184454383826186,0.3731242427234159,0.28113790538614647,0.20578718803858914,0.14592864620004492,0.0999384411412226,0.06539091693336894,0.04024379525311763,0.0225530797532981,0.010499915567882538,0.0026972270060523535,-0.002032578562279742,-0.004624437389929188,-0.005764911830884191,-0.005975470010654751,-0.0056295652453799624,-0.004991855796768546,-0.004231239887291849,-0.003458181901333371,-0.0027420708588857395,-0.002111362985186393,-0.0015807181182058995,-0.001150414892810019,-0.0008100165936295858,-0.0005497355583317258,-0.00035609729241835937,-0.00021547561395152706,-0.00011734172313860225,-5.13453970631607e-05,-8.857961370622379e-06,1.641561756498995e-05,2.9755014437634545e-05,3.518911890494139e-05,3.560518967449785e-05,3.313138880186431e-05,2.9128342297988002e-05,2.4434891013403803e-05,1.973298687376248e-05,1.5550756589642172e-05,1.2026622414914201e-05,8.99542992974308e-06,6.397996525347138e-06,4.298823648494992e-06,2.834420843626926e-06,1.8147227099831783e-06,1.0733289724413919e-06,5.242166365681255e-07,1.3448824603123103e-07,-8.156417040393006e-08,-1.8258823036831384e-07,-2.2591185014114783e-07,-2.379601861117055e-07,-2.3491536355710016e-07,-2.227164766422844e-07,-1.9705958842004875e-07,-1.6359956862182058e-07,-1.6330799358353555e-07,-1.742612402061911e-07,-1.7664769831197046e-07,-1.583314947032147e-07,-1.1485249316242356e-07,-4.942629445225584e-08,2.705576368447122e-08,9.602660652478357e-08,1.312434223655463e-07,1.2597077537161592e-07,1.5236246424350666e-07,1.9476366709565325e-07,2.3254470275457644e-07,2.5081077766047004e-07,2.404019858672011e-07,1.9789330904230916e-07,1.255946164670075e-07,3.155066503618074e-08,-7.04589007416108e-08,-1.6091954874413866e-07,-2.145818592354944e-07,-2.2733009704427946e-07,-2.8239457702660293e-07,-3.6835646389816656e-07,-4.6427143643297723e-07,-5.523121438604151e-07,-6.17768205865244e-07,-6.490462125876056e-07,-6.376697246230173e-07,-5.782792730223802e-07,-4.6863235929196756e-07,-3.096034553934408e-07,-1.0518400374382744e-07,1.375175827844489e-07,4.082759208636016e-07,6.483013904579977e-07,7.436420689524737e-07,7.406718381280954e-07,6.810394111496232e-07,underdamped,5.3905131995011
1.0,0.951634125624588,0.8193391774930749,0.6264780950952884,0.3989007927359462,0.16246444782114683,-0.05896289597050275,-0.2466662610780609,-0.38725152501111193,-0.4730466216353492,-0.5033118066701424,-0.48215490811417727,-0.4179289132114112,-0.32242356788072485,-0.20864860119059275,-0.08967182485384301,0.022731156144486203,0.11855961231250892,0.19093545754246888,0.23612891067256533,0.2531409587953985,0.24405955995150116,0.21308273319676835,0.16587524606997547,0.10897297701609833,0.04902573511618079,-0.00784726869732294,-0.05678956812098643,-0.0941275214102127,-0.11772642540529725,-0.127242750667159,-0.1235137022258747,-0.10853549347051475,-0.08522341470372195,-0.0568358670623334,-0.026691084815500435,0.0021589491146840195,0.027097410856619875,0.04630406738262795,0.05869574467360847,0.06393503873924988,0.06247412978337784,0.055291407749250766,0.04378251977270377,0.02959881342067363,0.01443413346207087,-0.00015662458710348864,-0.012893657357127376,-0.022772906307893397,-0.029226125549135014,-0.03211176468002369,-0.03158620322098375,-0.02813411531814043,-0.022466653136263656,-0.015399603670662327,-0.007773247674451124,-0.00038292921776873594,0.006094824026908776,0.011177915506886352,0.01455338855299544,0.01611860986497655,0.015964958457756057,0.014318618473379707,0.011525608959834366,0.00799920029463484,0.004168962450737666,0.00043129743382042227,-0.002875179830706844,-0.005481303218479415,-0.00723662725423204,-0.008088048365462648,-0.008063037410869224,-0.0072785451276873294,-0.00590680110417066,-0.004151501543320949,-0.002225623825721881,-0.0003343397382014014,0.0013438814333395447,0.002682574484082252,0.003598178566515106,0.004054441082527753,0.00407015351595897,0.003699425810560488,0.0030250843747019075,0.0021506141527233577,0.0011844183780542394,0.00023029490054836616,-0.0006251375455108853,-0.001312673712757591,-0.0017863763132231843,-0.002031616558870612,-0.0020541085345212925,-0.0018785345907550168,-0.001547815927270825,-0.0011131157357282514,-0.0006287924158386382,-0.00014612696406818949,0.00028914087500353904,0.0006402468696390783,0.0008861302399315451,underdamped,1.348787337759742
1.0,0.9537435385771778,0.8340518090145149,0.6695926626048585,0.48550013020409427,0.30245406643242795,0.13697137587508335,-0.0008843055459244603,-0.10564449040090895,-0.17577937478332678,-0.21351164669675743,-0.22329604212151682,-0.2110629397192405,-0.18306951396054794,-0.14558260490569902,-0.10433628398900464,-0.06372513704846328,-0.027224462761870183,0.0028542638599380887,0.02548346270446246,0.04042312220844395,0.04818220910591065,0.04981393960021223,0.04665720730836001,0.0401502671378094,0.03163619834044978,0.022377827431740143,0.01338421972428255,0.005351700945980236,-0.0012196506106657134,-0.006098287069333521,-0.009268521091176696,-0.01085803152296046,-0.011104202002308685,-0.010306897494082798,-0.008794006818117366,-0.006869637776758547,-0.004795199275370158,-0.002798543004359462,-0.0010361469288765425,0.0003970950908232546,0.001449652121865931,0.0021205043117224548,0.002442612384340393,0.0024720811163762265,0.0022759325087958306,0.0019246156967149047,0.0014886894161033671,0.0010266726824046566,0.000583692060351069,0.00019606994926076135,-0.00011521434673881617,-0.00034201349374866403,-0.000484008324687751,-0.0005488902629647635,-0.0005495424904216202,-0.0005015784538684333,-0.00042113827030914133,-0.00032250307654674927,-0.00021881237322295165,-0.00012124103049427807,-3.659907064545578e-05,3.131683029739671e-05,8.009452416904673e-05,0.00010993819861477777,0.00012292979152755512,0.00012191108887025395,0.00011045012510067217,9.199974965121227e-05,6.967741319637585e-05,4.658984379851936e-05,2.5162383956008237e-05,6.71558664281151e-06,-8.058952196573844e-06,-1.8563446474889888e-05,-2.482389454529933e-05,-2.7361720655399448e-05,-2.689307555692991e-05,-2.4141375301290057e-05,-1.9967597695782425e-05,-1.5075554326902341e-05,-9.998769809267987e-06,-5.151145703606295e-06,-1.0350215444132306e-06,2.063622459767229e-06,4.118384512689601e-06,5.3587394457136954e-06,5.891576078464433e-06,5.768495853274353e-06,5.16628207797073e-06,4.2542978691709015e-06,3.1944861522822515e-06,2.0577342826604687e-06,8.989831180565256e-07,-7.360945303240146e-08,-7.354035988951121e-07,-1.0503348915874775e-06,-1.0709143069324475e-06,-9.382282245200842e-07,-8.578948923004017e-07,underdamped,2.721845940766946
1.0,0.9572455836754414,0.857079327705851,0.7304270925611251,0.5980951708501943,0.47339176124154503,0.3624167814143344,0.26831981794757925,0.1919710298176081,0.1317236590471211,0.08582106377687368,0.05208406792682031,0.028025294553428046,0.011653148731746235,0.001097382743784417,-0.005235488909343798,-0.008547193845546806,-0.009827242904669142,-0.009811901961364597,-0.009031809855453626,-0.007859465054833011,-0.006548912854365234,-0.005265167810438568,-0.0040910312453768215,-0.003075026583440294,-0.0022370905039605714,-0.001565582270538193,-0.0010460318698988205,-0.0006585965253337454,-0.0003774999695768848,-0.00018204895067373933,-5.2899997077768274e-05,2.7752751458777665e-05,7.311494574782111e-05,9.399329050980282e-05,9.897024291203391e-05,9.414164647821621e-05,8.393517603689187e-05,7.127375501061529e-05,5.8124676202792925e-05,4.586539238113834e-05,3.525346414450833e-05,2.614514745000827e-05,1.8471122223353983e-05,1.2356003815245552e-05,7.94954806449062e-06,4.7768797551799e-06,2.485896251349746e-06,8.754543333010725e-07,-1.2766196260421776e-07,-6.65225777212694e-07,-9.281039465494278e-07,-1.0281956211481972e-06,-1.0300736880662364e-06,-9.509847708842316e-07,-8.173007346955483e-07,-6.9128437945848e-07,-5.669773120520967e-07,-4.4217479926332035e-07,-3.195643930049849e-07,-2.0672593031584165e-07,-1.1613153336055649e-07,-7.827277532265357e-08,-1.1035172335076931e-07,-1.6476830081914432e-07,-2.039598707536165e-07,-2.035813024016063e-07,-1.525049712321177e-07,-5.2820758935735425e-08,8.016394657537187e-08,2.1792425116745285e-07,3.187177544851739e-07,3.2758454995162003e-07,2.69013853620625e-07,3.0371816401828864e-07,3.7151945548384493e-07,4.183187816964052e-07,4.087196818098744e-07,3.2602818045295466e-07,1.7225278772914494e-07,-3.189550078326613e-08,-2.470032040311819e-07,-4.1495435548672135e-07,-4.5893050314720397e-07,-4.0020650567553533e-07,-3.937921812682547e-07,-4.0405055115136284e-07,-4.0064625137768197e-07,-3.6432877320122986e-07,-2.8693246307722244e-07,-1.7137652266207142e-07,-3.166500881338045e-08,1.0711316641004066e-07,2.0878423574819612e-07,2.3596564269960565e-07,2.2788074181779524e-07,2.0544022913889533e-07,1.763812820928581e-07,1.456526286700942e-07,1.1541454742147666e-07,underdamped,5.227512332607442
1.0,0.9521459908585418,0.8229392426768561,0.6373620863063665,0.42138302441317677,0.19960788214985123,-0.0060485692457792894,-0.17908107662578276,-0.308732332759742,-0.38928807799749215,-0.42110716256093444,-0.4088508420383172,-0.3603806875113871,-0.2859018850550135,-0.19641615430680237,-0.1026716146201922,-0.013845642224426732,0.06245035364368179,0.12089223008532157,0.15909208140517375,0.17655876648318136,0.17482510454005207,0.15711076347874953,0.12754790209129777,0.09070975780088647,0.051103150294788464,0.012965811375581546,-0.020406415813727704,-0.046750058620653304,-0.06461560182217915,-0.07367027546380582,-0.07448431664425192,-0.06823294095773007,-0.056595993249901784,-0.04150144142388764,-0.024911427508728087,-0.008577732309540861,0.006022238549264824,0.017769900437154776,0.026048106054760458,0.03061499033786235,0.031613163427453385,0.029518113561310642,0.02500400196542713,0.018863282953043767,0.011914576959056043,0.004948465470553644,-0.0013892399544462551,-0.006622760847719102,-0.010418979026067636,-0.01265072364027887,-0.013363977151902857,-0.012720735669786508,-0.010991899209556611,-0.008509812264443136,-0.0056244994238372785,-0.002663164198826151,8.641159944661973e-05,0.002396468011880629,0.004126729945434293,0.005203553443088104,0.005626640352772794,0.005461485601579146,0.004813898613901607,0.003818443375864447,0.0026216187223310774,0.0013685118820791274,0.00018395781336820525,-0.0008356553533316036,-0.001617598796308654,-0.002125682353137803,-0.00235861013930936,-0.0023356023594286717,-0.0020980735907876933,-0.0017026031492341958,-0.0012105580535222676,-0.0006824467124891139,-0.0001717732408126261,0.00027440804524798035,0.0006244907644760858,0.000863109639476192,0.000984248726952558,0.000994345055059662,0.0009106355474942658,0.000755295427462342,0.0005538513489600971,0.00033188630024811515,0.00011347434836407518,-8.077707070126014e-05,-0.0002373297321939344,-0.00034794537931314573,-0.00040862638165421673,-0.00042147362732982823,-0.0003934341865454458,-0.0003331755018894788,-0.0002512518386138399,-0.00015859954178910806,-6.548460884057608e-05,1.8887290918921125e-05,8.825494451251246e-05,underdamped,1.6735020722901517
1.0,0.955006630282911,0.8425700310227607,0.6930134645380132,0.5300858869616067,0.37171205298438426,0.2301068168220622,0.11198993537920317,0.02027972982132814,-0.045243965030058564,-0.08698587002555526,-0.1087063744906967,-0.11459135601293939,-0.10893254707633088,-0.09580701885898776,-0.07851181108822176,-0.05982313306746912,-0.04175001258688445,-0.025622480643922082,-0.012233930078925634,-0.0018793912383506008,0.005487955467786004,0.01015252950542251,0.012531312475558328,0.013128769701244705,0.01242872378643055,0.010885434002820306,0.008892901585253209,0.006748277993351139,0.004684438546225181,0.002851642348347106,0.0013337991263843519,0.00016441373586415734,-0.0006630349466916831,-0.0011821895382369287,-0.001444420796998829,-0.001503914582721507,-0.0014172198349668662,-0.001237751938318557,-0.001007361552844023,-0.0007614629496372738,-0.0005260789367473973,-0.0003174325142201751,-0.000145334417852184,-1.3344803438410406e-05,7.948970780296371e-05,0.0001374088970051641,0.000166337565898555,0.00017226572186406007,0.00016147682881092546,0.0001405559924305306,0.00011439523656792659,8.62416018812888e-05,5.9274154274046787e-05,3.556880658998409e-05,1.606027635155152e-05,1.1107025350526353e-06,-9.396949063879514e-06,-1.5925801982550628e-05,-1.911653509428299e-05,-1.9526759129372836e-05,-1.8127353218852534e-05,-1.578044664552619e-05,-1.3013863787971203e-05,-1.0021124120538411e-05,-6.936340767102289e-06,-4.186552715210718e-06,-1.951237630577027e-06,-2.8089189684444396e-07,9.010559531202858e-07,1.6766308938408563e-06,2.0484261255388107e-06,2.140282359323795e-06,2.0479992433205986e-06,1.8369786495997306e-06,1.5422246741774159e-06,1.1376190435163556e-06,6.820917384904939e-07,2.9193727435029346e-07,3.719950992783042e-08,-5.8384892085410126e-08,-1.7386465138517588e-08,9.131706117883008e-08,1.5254076113637143e-07,7.042387795190024e-08,-8.11146519236987e-09,-6.099521094544819e-08,-8.892336232860527e-08,-9.522408739929165e-08,-8.585771925113954e-08,-6.941675601396313e-08,-5.7125860853757965e-08,-5.5475596309584524e-08,-4.818246485180317e-08,-3.8004553991628123e-08,-2.8513215666618487e-08,-2.1663072610324736e-08,-1.7792018352289034e-08,-1.5621217218044384e-08,-1.2255104329115492e-08,underdamped,3.5907198456055944
1.0,0.9555201999916125,0.8459253104889706,0.7020057711020581,0.5468900901647715,0.3972237281903475,0.26378878714615633,0.1523163905550895,0.06479162383952738,0.0006434843250243127,-0.042395867297023056,-0.06776970245576294,-0.07912751738267225,-0.08013148285498459,-0.07415214031453105,-0.06393386733424254,-0.05175900478768085,-0.03927250988571856,-0.02762195349899119,-0.0175090713947992,-0.009270117977258427,-0.0029653420431459167,0.0015159492479984923,0.004390579444914727,0.005955585891820016,0.006509280358821614,0.006335157528456088,0.005693122885870271,0.004786031925554864,0.00377869448786194,0.0027882062778403333,0.001891095425059963,0.0011318292828689032,0.0005283680722079382,7.968316071101827e-05,-0.00022869798571240182,-0.00041609143522523606,-0.0005067800112727714,-0.0005261146148487191,-0.000494938214690965,-0.00043254845414230226,-0.00035494792275773295,-0.0002731620944472854,-0.00019547491997091968,-0.00012714662994663537,-7.07223737112726e-05,-2.702033070949921e-05,4.645268632897523e-06,2.553358657093042e-05,3.71625874578012e-05,4.180033555467182e-05,4.172306135691775e-05,3.845532100856099e-05,3.2881056521364946e-05,2.629989821669588e-05,1.9739796180313466e-05,1.3762383125733356e-05,8.56860011541413e-06,4.366870723085244e-06,1.1820558672040631e-06,-1.0599789717381978e-06,-2.4820617822498e-06,-3.1690461672187623e-06,-3.224610907635313e-06,-2.9805817763344385e-06,-2.662796467269022e-06,-2.379323691756005e-06,-2.120463178476393e-06,-1.7587456734752492e-06,-1.2621143394504212e-06,-8.156672032947e-07,-4.552957262409157e-07,-1.940878494694545e-07,-2.2928561201745224e-08,8.950010329975183e-08,1.7937577535690277e-07,1.989393280118266e-07,1.7582942221285763e-07,1.4405697283274325e-07,1.2507965593380589e-07,1.2780190876794183e-07,1.485749297766234e-07,1.711966785908982e-07,1.6690811024441925e-07,1.1075145440665426e-07,2.8607330336665016e-08,-4.854113931778756e-08,-9.894159868330318e-08,-1.1007245866083586e-07,-7.864289692569512e-08,-1.0592857927547351e-08,7.890694710958714e-08,1.654550401873275e-07,2.1541917653294115e-07,1.8835481159054083e-07,1.3068948037965645e-07,8.115929554478734e-08,4.172641769821298e-08,1.2455251917946862e-08,-8.48755225225772e-09,underdamped,3.954824173774085
1.0,0.9554039670956498,0.8451707843714427,0.6999957077609866,0.5431507381659854,0.3915739423640055,0.25635724851067365,0.14344237443484142,0.05501460824338589,-0.009424942343686127,-0.05218818469153093,-0.07678895315663867,-0.08698822889971557,-0.08658711869023676,-0.07910124397107952,-0.06738918126805188,-0.05383593926077225,-0.040157901342912056,-0.02754373264669153,-0.016712174065047297,-0.007986750747637897,-0.0014117815657902766,0.003155005218729765,0.005972781242917518,0.007386288762997093,0.007724027033305749,0.007302250505573571,0.006409083445865972,0.005266427687883861,0.00405291570311516,0.0028932375305222103,0.0018663341724332464,0.0010156022063887685,0.00035533348734984217,-0.00012087203249020947,-0.00043361323216084156,-0.0006083862235719483,-0.0006755353805785807,-0.0006650768348012428,-0.000601867174700496,-0.0005087368955523987,-0.00040343898115021597,-0.00029821690620576474,-0.00020210508460020117,-0.00012025672414947976,-5.485901173589116e-05,-6.010852699963866e-06,2.7635651158498814e-05,4.80282433078263e-05,5.750509326128591e-05,5.926319625418538e-05,5.584918410200906e-05,4.889380488033973e-05,3.9871147248527965e-05,3.045006996359477e-05,2.161683295056885e-05,1.3825615302771793e-05,7.369022773402674e-06,2.38562293145904e-06,-1.1882123612065305e-06,-3.5093563172596025e-06,-4.727322809400161e-06,-5.030665175394109e-06,-4.830646037145345e-06,-4.406724768094626e-06,-3.895932866874892e-06,-3.2928739573112555e-06,-2.510426775363453e-06,-1.732168077680195e-06,-1.0644111517293056e-06,-5.490822327761705e-07,-1.8728102931065144e-07,6.071927695292196e-08,2.555440749017217e-07,3.47064902826824e-07,3.6529511539701375e-07,3.510939141923876e-07,3.303841524101008e-07,3.1415233486436667e-07,2.984486179864579e-07,2.6438680982470433e-07,1.8329437449202567e-07,7.583553322892608e-08,-2.1416148849493094e-08,-8.35911051967395e-08,-9.752920750214038e-08,-6.177976569083505e-08,1.3398472076221547e-08,1.0603731940226177e-07,1.8245915165469966e-07,1.9727690596514002e-07,1.3470319472743592e-07,7.15747372703116e-08,2.1365402891241326e-08,-1.0505680307866412e-08,-2.2777285920132864e-08,-1.8346089233704863e-08,-4.266667231756345e-09,8.248501407512421e-09,3.8290363108729756e-09,underdamped,3.87185152818111
1.0,0.9506835279771202,0.8124208386049364,0.6052344848220559,0.3543285900792381,0.08743333163510458,-0.16810171643724037,-0.38853086373307033,-0.5548365474905307,-0.6545725882229338,-0.6834787480496237,-0.6436048056778167,-0.543698646213566,-0.39843633764513653,-0.225146797730797,-0.0426897309235785,0.13060122305859112,0.27815868486809814,0.38762960879548397,0.45148765454560114,0.4665036568630842,0.4348937843757924,0.36339957839894993,0.2617513738294528,0.14209190371091407,0.017452225681702127,-0.09961201541175929,-0.1984059686180975,-0.27054755701071875,-0.31092761348379605,-0.31818094894382715,-0.29383249011568374,-0.24256613670525592,-0.17155379240999427,-0.08909872063414936,-0.0040324788239647115,0.07520786961410465,0.14115258872316896,0.18846523043302216,0.21402328655121322,0.21675698150639092,0.19816833536412856,0.1617057963131685,0.11216154363740988,0.05534770025592732,-0.0026450699414001105,-0.05607220265583175,-0.10013418107988896,-0.1311563823822761,-0.14709493422096717,-0.1475891506806533,-0.13361879432108117,-0.10764414021784582,-0.07313927600459935,-0.034066949564473537,0.0054526411774095535,0.041542207500626406,0.07086136278714912,0.09112451647420394,0.10104964673559198,0.10035019441543576,0.0899395436028829,0.07155677388180681,0.04754793471500803,0.020682113644342623,-0.00620334288038208,-0.030491956063564113,-0.05003763367242056,-0.06324363742636405,-0.06931655741984137,-0.06821166997535655,-0.06051383748523791,-0.04749102368684566,-0.030818148450743404,-0.012376635429595426,0.0059172766084424535,0.022286668793713407,0.03524956211560041,0.04383442182121734,0.04752524113704507,0.046290264656251474,0.04064890862616298,0.03147088508971117,0.019898689661480947,0.00724394549096621,-0.005175368485522393,-0.016172593576279735,-0.02479106932839909,-0.030346055885337023,-0.032540450125062785,-0.03141026983879674,-0.02728838625500081,-0.020817272900285115,-0.012801710803558096,-0.00413121150583852,0.004306267972894494,0.011699800273991158,0.0173959747181715,0.020982503906081355,0.02226157287365108,underdamped,0.7593318087010745
1.0,0.9572074301450756,0.856862772665445,0.7298761682223333,0.5970587388242317,0.4718488800893271,0.3604886069621691,0.26600213046758375,0.18943359635429563,0.12914226538044554,0.08325130418984501,0.049655636322362695,0.02581818367456845,0.009686347598087359,-0.0005919595542944397,-0.006644793923424833,-0.009694754068065659,-0.010732577803174988,-0.010503620479302408,-0.009541811787261524,-0.008219991152695533,-0.0067895620036137255,-0.005413189784281467,-0.004170000875173555,-0.00310398330033183,-0.0022323368984739594,-0.0015397116431854986,-0.00100808662210908,-0.000615636705273558,-0.00033428570319195966,-0.00014142508996277343,-1.670788581135767e-05,5.8671270142997023e-05,9.866273275936191e-05,0.00011441666743661086,0.00011476428621727633,0.00010595629630260445,9.245904386913431e-05,7.715802533227921e-05,6.193683022838925e-05,4.810553791708656e-05,3.63555696660967e-05,2.6473847785126293e-05,1.8310803308312345e-05,1.1924756338319018e-05,7.37986629033818e-06,4.149319319165175e-06,1.8622310317940664e-06,3.017939039915967e-07,-6.172518865652816e-07,-1.0754341133211338e-06,-1.2632313165311501e-06,-1.2944798862661853e-06,-1.2327903896031097e-06,-1.0917259333332984e-06,-9.212454888240233e-07,-7.649534581839053e-07,-6.140525475180395e-07,-4.6589621889099417e-07,-3.2398869032680325e-07,-1.97984935808976e-07,-1.0369068528049088e-07,-7.85909254667541e-08,-1.1218292703841696e-07,-1.570286437579326e-07,-1.7943667702411022e-07,-1.5949753525747753e-07,-9.10836339002822e-08,1.8150704583511336e-08,1.4676925070821819e-07,2.5955386796643597e-07,3.075045128290421e-07,2.522503231320867e-07,2.50648545216122e-07,2.944305557021349e-07,3.3430022597945855e-07,3.3656831805803133e-07,2.831524845683936e-07,1.71577268761692e-07,1.4974104509677134e-08,-1.579186836953013e-07,-3.0275588074028057e-07,-3.595853808917005e-07,-3.1800085846014017e-07,-3.1013666726794657e-07,-3.1888351716132034e-07,-3.2231317553741483e-07,-3.054768047667933e-07,-2.6040496219342715e-07,-1.8610760013469983e-07,-8.857406588140081e-08,1.9226898302270184e-08,1.1734715517870095e-07,1.788592169244196e-07,1.9550746327732927e-07,1.8965556321460513e-07,1.7229016641154547e-07,1.5047533260581196e-07,1.2735253159742717e-07,1.0214064324877751e-07,underdamped,5.198503335366659
1.0,0.9557305978409835,0.8472843410999419,0.7056077221268474,0.5535659802937384,0.40727289273116046,0.27696683449834636,0.168019882820207,0.08207347297819759,0.018423213777623848,-0.025091164936455676,-0.05178843240552989,-0.06513184548097331,-0.06853811491355469,-0.06513599104830539,-0.05747488170995013,-0.04766619388959149,-0.03723626801828386,-0.027261977346852588,-0.018419140039397656,-0.011057823523729663,-0.005273975252226741,-0.0010114867380252197,0.0018836190408718697,0.003642648600458121,0.004502936107843093,0.004696798684815514,0.004438123557144943,0.003898172956874859,0.0032192568513085343,0.002504215768396076,0.0018243260618010754,0.0012243951227740087,0.0007270307405518512,0.00033827128352741586,5.2712369058027526e-05,-0.00013999226252613565,-0.00025523563161274,-0.0003110248957482527,-0.0003222147080223594,-0.0003024647018527512,-0.000264602655433926,-0.00021774998779705614,-0.00016862409859122674,-0.00012225118502378818,-8.152120600793335e-05,-4.790795165726469e-05,-2.170400413805502e-05,-2.5329420702833506e-06,1.0301418492647967e-05,1.765689840066164e-05,2.1111638996689866e-05,2.1933098987713634e-05,2.087342644698123e-05,1.8274425842906004e-05,1.4958964158779103e-05,1.1560885389232426e-05,8.418055600138358e-06,5.638229331933041e-06,3.3154571386966084e-06,1.514452843800711e-06,1.9147579317104258e-07,-7.089936979495288e-07,-1.254254345001001e-06,-1.4232637211271536e-06,-1.279761232762955e-06,-1.0450069186613693e-06,-8.637898115438772e-07,-8.032528880187188e-07,-8.528930685809041e-07,-9.245612176122009e-07,-8.524621433811431e-07,-6.257074973371515e-07,-4.174569493523705e-07,-2.488118080328204e-07,-1.2905536804475685e-07,-5.572935854727618e-08,-1.4633943192322248e-08,2.0172279875318193e-08,5.364603770757961e-08,4.2951814003257186e-08,1.375359623927197e-08,-1.220003929317016e-08,-2.0954705034643237e-08,-6.350202157501474e-09,2.99794794341211e-08,7.860616110430856e-08,1.2230747548536654e-07,1.3605527875464504e-07,9.448436063313007e-08,2.025259415529392e-08,-5.3982472640461124e-08,-1.0480399402271032e-07,-1.180358265670156e-07,-8.874252915591873e-08,-2.122936297894454e-08,7.095770846740263e-08,1.6503201937963115e-07,2.2896620164727288e-07,2.2149218485287365e-07,underdamped,4.105873776697196
1.0,0.95103288045535,0.8149928994962407,0.6131899402235614,0.3711450426378693,0.1159739528337379,-0.12624667691484082,-0.3337315163674001,-0.4896490757751903,-0.5835120394650148,-0.6125936743283958,-0.5798880606471808,-0.4941273420020131,-0.3689512799191777,-0.22001448425193115,-0.0638231472110687,0.08404277161155393,0.20975068249096257,0.3033620885012374,0.35916636017951553,0.375017627666674,0.3531977805945643,0.2994794624133237,0.2219143729683428,0.13020541907484112,0.0345275617357014,-0.05539993143493363,-0.13159384747749128,-0.1880123400914253,-0.2209163957822368,-0.22951424201715503,-0.2152126333582745,-0.18142112989463471,-0.13335510906933593,-0.07696971041892442,-0.01845991656836013,0.03639716062574679,0.08256751260838957,0.11638348277838009,0.13589161147664017,0.14045944047708606,0.1310158391167816,0.10987529763233608,0.08013159763301696,0.045444590744023246,0.009624974552732993,-0.023736112270483778,-0.05170333768745154,-0.0720677295063326,-0.08354925860813994,-0.08593845139555319,-0.07981147047252285,-0.06653943366754295,-0.04812092193140637,-0.026800576101366595,-0.004892822679948443,0.015455506093830979,0.03237564935749297,0.044580569586870344,0.05137293027195891,0.052559686599554484,0.04856614879005319,0.04027907411496154,0.028884437307755112,0.0157717723634657,0.002370501617988293,-0.0099940382019354,-0.020247651622541697,-0.027584007758853668,-0.03156573394593658,-0.03214661665051066,-0.029568370385181442,-0.024374578611351158,-0.017325950896333087,-0.00927192119915697,-0.001077049820542706,0.006460942157975881,0.01265655138189516,0.017050783461632878,0.01939944201879812,0.01965042684556531,0.017984191629736797,0.014745295339932102,0.010387658333110592,0.005436567653967234,0.0004268275702173554,-0.004151209811495677,-0.00790462072922119,-0.01054217772485742,-0.011913306698081815,-0.012013327245284335,-0.010943735602828608,-0.008916788683090844,-0.006223204419543079,-0.0031838637031706687,-0.00012190765949326087,0.0026679762160222347,0.004934301464842318,0.006511570808591851,0.007315834327770177,underdamped,0.9739520056474469
1.0,0.953404419481857,0.8316881541666511,0.6629467332916748,0.4726764023096185,0.28215073829114,0.10912788427609066,-0.034986714488754206,-0.14409421668810596,-0.21592692789560378,-0.2524185497033373,-0.25821265963059536,-0.2397064425683798,-0.20388405994185774,-0.15773594621513976,-0.10787968205646885,-0.05948692955860454,-0.016485304344457476,0.0183462396029222,0.0437856112744523,0.05966544055693218,0.06666107362252008,0.0661339877011519,0.059809144368920236,0.04957340982493543,0.037170537454060446,0.024195590587662002,0.01198086067055977,0.0014044253543961712,-0.006950315159522588,-0.012810651022096522,-0.016223915753514995,-0.01742800229312611,-0.01680619873304215,-0.014818405070347027,-0.011948382658535608,-0.008656903641257263,-0.0053192397913370045,-0.002248902260278716,0.0003323327036946003,0.0023126625953107205,0.0036455722842404807,0.004353730585582045,0.004515172892748985,0.004237544555383306,0.00364404202032601,0.0028553731635303226,0.0019871555705628843,0.001137282487144934,0.0003736531681170566,-0.00025372405339962574,-0.0007175502948720926,-0.0010143929189462158,-0.0011545639759993145,-0.0011601553500261673,-0.0010606501864581796,-0.0008883649259566685,-0.0006757572989876588,-0.0004498846493608678,-0.00023359547032035277,-4.526145915263898e-05,0.00010493914026537942,0.00021274778230485878,0.0002774476973713525,0.0003027813337996497,0.0002954155406418768,0.000263327027320766,0.00021501200250219896,0.00015814046844833486,9.961448223033689e-05,4.5489933971777587e-05,-4.5285928367095273e-07,-3.636399302820791e-05,-6.103026765660945e-05,-7.462454666067657e-05,-7.852658870112608e-05,-7.452982016339537e-05,-6.48008496039767e-05,-5.1507079709373806e-05,-3.655303527297237e-05,-2.151288149704416e-05,-7.963937252780647e-06,3.0870034817690852e-06,1.1334242136922861e-05,1.687689662425443e-05,1.968110162991468e-05,2.006973895152014e-05,1.8540366911962322e-05,1.572188905906892e-05,1.206068337186399e-05,8.149358003491341e-06,4.460697441380417e-06,1.2692972638835771e-06,-1.3461493979230985e-06,-3.3446795331395056e-06,-4.610050740034706e-06,-5.1227571736951335e-06,-4.970989274905047e-06,-4.350633770146578e-06,-3.557096232750163e-06,underdamped,2.49473519373388
1.0,0.9535631149685737,0.8327987507465429,0.6660778539877229,0.4787272918494909,0.2917457552788502,0.12231974372099347,-0.01880799440192532,-0.12583095385536058,-0.1968380002831849,-0.2339173099424819,-0.24162150556459022,-0.2261338747220647,-0.1940899468210392,-0.15212635197113633,-0.10643916933760816,-0.06181238133375,-0.021952579754544885,0.010587112386395425,0.03469015516743806,0.05015179331349354,0.05756568131959134,0.05814394839825265,0.05341925965111641,0.04505811615535159,0.03460219154013491,0.023481049812589295,0.012868004811635695,0.0035464402776159394,-0.0039395992274145735,-0.009335963131303051,-0.012659856221806171,-0.014091049337393084,-0.013937490871666371,-0.012577688768925972,-0.010415113743031652,-0.007831321610856961,-0.005142041327009544,-0.0026179831556117734,-0.0004486949412092732,0.001263173369753782,0.0024668508768243796,0.003171603016515369,0.0034316552134535214,0.003327137066475659,0.002951422695846587,0.002398676333115129,0.0017608412778903984,0.0011154576266833923,0.0005185284411288708,1.3444300771794449e-05,-0.00037525011436938044,-0.0006413461177518859,-0.0007889786206927538,-0.0008321319066640709,-0.0007912009173385844,-0.0006893461055418443,-0.0005502633588171642,-0.0003941384661002432,-0.00023862471306141728,-9.839099105050041e-05,1.7958726758573057e-05,0.00010625037505098236,0.00016464092897008396,0.00019475632620829172,0.00020062443335179235,0.00018729258981055625,0.00016051830206155677,0.0001256393475870292,8.743387042887596e-05,5.0424198848135376e-05,1.7730980119324508e-05,-9.107239405649233e-06,-2.903289900293836e-05,-4.170888154799279e-05,-4.766400206626781e-05,-4.8054569172830745e-05,-4.4050546531748447e-05,-3.7108869652228456e-05,-2.8518208375992294e-05,-1.933691706644955e-05,-1.0438545672815499e-05,-2.7288157358114136e-06,3.2824414983750498e-06,7.531165438268702e-06,1.0252689136627615e-05,1.1444799796075711e-05,1.133520765188172e-05,1.0224969282882643e-05,8.465356193109465e-06,6.3314554166446305e-06,4.0533336768047e-06,1.9714572096340226e-06,2.8837229598759176e-07,-9.343719155654256e-07,-1.776223408741913e-06,-2.338950280130069e-06,-2.5658913088772005e-06,-2.5118288682014536e-06,-2.246729427494593e-06,underdamped,2.600699285092138
1.0,0.9563346546035527,0.8511457329122682,0.7156955674957507,0.5720845645694735,0.4349276738355471,0.3129285505090481,0.21054304859069253,0.12873856636718473,0.06649303664268377,0.021860715874019845,-0.008146771307811773,-0.026438917739380195,-0.03584111053739494,-0.0388923922667602,-0.037648203509386156,-0.03381771115163504,-0.02865234584388714,-0.023061839411837523,-0.01765935055406144,-0.012819000948006493,-0.008715227765390403,-0.005411924673421465,-0.0028903128775539418,-0.0010595851748797088,0.0001835815850002958,0.0009519370655389811,0.0013624543917260018,0.0015104606691458081,0.00148114410846363,0.0013430258731815616,0.0011463968389031638,0.0009292053222765999,0.0007166963141638959,0.000524373965096838,0.0003600685996869123,0.00022712765890668365,0.00012522497068539627,5.0237724301543805e-05,-1.7691667186521109e-06,-3.413972118736542e-05,-5.16726657655862e-05,-5.8776385699217405e-05,-5.853199927997223e-05,-5.3491405341545444e-05,-4.599681418094231e-05,-3.7588800682120154e-05,-2.9195569680898616e-05,-2.153349629473852e-05,-1.493132272174245e-05,-9.536619245554626e-06,-5.379455158253819e-06,-2.5051322194103274e-06,-5.27144871120157e-07,8.804285146945788e-07,1.887700203435168e-06,2.508973097826224e-06,2.6203312651914184e-06,2.3935640089170073e-06,2.0520878579399983e-06,1.694846885190357e-06,1.3685318710484746e-06,1.0675803033451678e-06,7.592237172116164e-07,5.126713710345207e-07,3.23116782852928e-07,1.7413153134301582e-07,5.5250196306116534e-08,-3.802964133128766e-08,-1.0424739951755713e-07,-1.2591414295959421e-07,-4.513372205728179e-08,8.27546685785083e-08,1.9775970320887375e-07,2.583606735299721e-07,2.4150748867302045e-07,1.4262067520429434e-07,-2.440862287487101e-08,-2.2721864412808255e-07,-4.149770096838839e-07,-5.183807232357645e-07,-4.551210449660421e-07,-3.3815210432287414e-07,-2.5001818478612666e-07,-1.8888612194562028e-07,-1.5113542237772135e-07,-1.3135826364534978e-07,-1.2235949429797445e-07,-1.1515663387161532e-07,-9.897987288884357e-08,-6.12720728587802e-08,1.2311233722904248e-08,9.37032372605904e-08,1.1385011730440149e-07,1.0966799078660435e-07,1.0826982664892993e-07,1.222897896104018e-07,1.4988324016733521e-07,1.7472673459333892e-07,1.6601802493931354e-07,underdamped,4.545806626373668
1.0,0.9578822178564241,0.8607446775175875,0.7398602558259124,0.6153418951186376,0.4980019008949531,0.39394194079199873,0.3052690736898164,0.23193702894734602,0.17307394928632777,0.12664889720730943,0.0908707072454049,0.06384001809728787,0.043718698859136394,0.029084855544613264,0.01864275585076458,0.01133606873914703,0.0063688174806454025,0.0030923479626953493,0.0010175090395564048,-0.00022465465364706773,-0.0009044845462821187,-0.001215191703257928,-0.0012971846911387448,-0.0012429674450896342,-0.001116886710037328,-0.0009606016911852315,-0.0007987193541217247,-0.0006468730321360547,-0.0005115925889776301,-0.0003964426148819352,-0.00030147851852544967,-0.00022473404642373216,-0.0001645483290044894,-0.00011816827954442202,-8.289543516317597e-05,-5.678909665340411e-05,-3.783310823629864e-05,-2.4228712243749953e-05,-1.4691962799174539e-05,-8.25603165622531e-06,-4.006676687312892e-06,-1.3098777281569904e-06,3.091635392936692e-07,1.2003326994159354e-06,1.697641340006176e-06,1.8712112470315761e-06,1.7785917873276685e-06,1.505169791418152e-06,1.1641695535148832e-06,8.953053261077346e-07,7.33737032170414e-07,6.08757890515902e-07,4.863594725660819e-07,3.5247799616422754e-07,2.1299432557499844e-07,9.373397148444677e-08,3.855497001699894e-08,2.1705979064361897e-08,1.1061551545760264e-08,3.9653494572918775e-09,-1.382945925175031e-09,-5.927634046001659e-09,-9.756995069778608e-09,-1.2103289881325892e-08,-1.1342760085692941e-08,-9.602368636921035e-09,-1.9449958619519003e-08,-3.567621533967559e-08,-5.2437041463423344e-08,-6.51166678464339e-08,-7.032765353401817e-08,-6.591088576112626e-08,-5.093557995234727e-08,-2.569927972190937e-08,8.27214312631968e-09,4.822448859883381e-08,9.017522851248678e-08,1.289135064944947e-07,1.58000137982432e-07,1.6976761022423633e-07,1.5532008227820664e-07,1.045333850130005e-07,1.653819973926789e-08,-7.721487220686472e-08,-1.6434614157480854e-07,-2.3630577720596414e-07,-2.865103752361627e-07,-3.1034295909565924e-07,-3.051529795091341e-07,-2.7025631449569385e-07,-2.0693526936886997e-07,-1.1843857673662111e-07,-9.981396501328873e-09,1.1125468414019432e-07,2.2326761027742987e-07,2.7606763663574784e-07,2.8247428597241367e-07,2.606578985862206e-07,2.2767795613653807e-07,underdamped,5.717667362572139
1.0,0.9570126779927262,0.8555621644032434,0.7267446205438488,0.5917042057779234,0.4640110293808658,0.3504322436969378,0.2541576700442412,0.1764637218359789,0.11580671629713629,0.07007800479316798,0.03718859162727295,0.014466369295326402,-0.000352232096325228,-0.009184052573408414,-0.01377304465936453,-0.015435427149313959,-0.015205700928695307,-0.013864729692824068,-0.011960591538055966,-0.009868106412629682,-0.007829278542178636,-0.005989527936728434,-0.00440559912448465,-0.0031031320376598754,-0.0020792024528568263,-0.0012978649730917308,-0.0007250210628158552,-0.00032524629459274723,-5.863901823695034e-05,0.000106189875232415,0.00019625725454090065,0.00023505395038488772,0.00023970706965259557,0.00022342043030989823,0.0001959365881874715,0.0001639245919700605,0.00013185805882051605,0.00010203855549830414,7.589013578371449e-05,5.429086242822904e-05,3.718836683384213e-05,2.3826511914721413e-05,1.3706613891863912e-05,6.615156531698308e-06,1.9472147300682205e-06,-1.0414481352825995e-06,-2.8257340307091664e-06,-3.6652840601640848e-06,-3.833684221912764e-06,-3.6318068022943677e-06,-3.2407514512230616e-06,-2.767773752461116e-06,-2.251682156608059e-06,-1.7850379685997865e-06,-1.3828172125695033e-06,-1.0241085574051169e-06,-7.016013213668633e-07,-4.215854720873119e-07,-2.0395162657135776e-07,-8.404379861927585e-08,-6.022894636214926e-08,-7.13778873385594e-08,-7.222056606442662e-08,-3.742525521937009e-08,3.8401444353291483e-08,1.407146036465409e-07,2.3503096548965965e-07,2.6692894454823313e-07,2.135955606905902e-07,1.8698026087163165e-07,1.7510848323588847e-07,1.6028433434447107e-07,1.3177417711085187e-07,8.580663080086521e-08,2.5572571032707587e-08,-3.8774870223063804e-08,-9.012030464352905e-08,-1.04684697556171e-07,-7.884821548268111e-08,-3.680199793222717e-08,2.905113364591778e-09,2.70822508896087e-08,2.789652133708519e-08,2.873005613712395e-09,-4.5105241161389694e-08,-1.0779718965666847e-07,-1.7160383632814487e-07,-2.1756820341941046e-07,-2.213753389616237e-07,-1.5335231677351725e-07,-7.538717471426178e-08,-6.573676060992675e-08,-7.317890602481965e-08,-6.327804428457949e-08,-1.9203773478752513e-08,5.8269143539210394e-08,1.507607791519469e-07,2.2228604097819454e-07,2.1925467187277728e-07,underdamped,5.051060323544994
1.0,0.956800967116728,0.8541291369768823,0.7232655631821903,0.585708660434149,0.45520380800671656,0.33899468988906506,0.24097580471402122,0.16215782564429315,0.10094467188014597,0.05547139633402192,0.023428467981065404,0.0019442391437955453,-0.011319696563080637,-0.018481859519069787,-0.021393440293773824,-0.021452363519399494,-0.01977581224927456,-0.017176233998812022,-0.014218409303278985,-0.01127635310194406,-0.008584383729829486,-0.006259430752699699,-0.004333370126057152,-0.0028127521431480797,-0.0016641528690640652,-0.0008274077674187245,-0.00025099705514893607,0.00011936348973111074,0.0003368676626349527,0.000442328591204615,0.0004711388544402186,0.00045137625790304535,0.0004031509537418906,0.0003415136746428612,0.0002766412431333381,0.00021517196862664477,0.00016050347641654087,0.00011404134112278893,7.654381494644411e-05,4.7849093617889484e-05,2.6451083027113947e-05,1.1019150681247899e-05,7.283752738085942e-07,-5.443823286800438e-06,-8.805172237227874e-06,-1.0237138746998273e-05,-1.0274101251753335e-05,-9.435957081476267e-06,-8.176766884958247e-06,-6.776454966508321e-06,-5.389541450804161e-06,-4.112524095801545e-06,-3.0464058403111095e-06,-2.149345488527154e-06,-1.3954798436264438e-06,-7.810936959780771e-07,-3.246198231434491e-07,-6.479647373932108e-08,3.6081146239587733e-08,7.532468027574951e-08,1.1739407841088006e-07,1.9168154170305467e-07,2.9251152222671433e-07,3.7914072307265925e-07,3.7575809834805124e-07,2.971415615205647e-07,2.352691850612158e-07,1.8329065617985847e-07,1.364486556811131e-07,9.220843589421373e-08,5.025782067300924e-08,1.2507205395961774e-08,-1.6910443033851436e-08,-1.598028247211919e-08,3.0879509816950905e-08,9.060547004321113e-08,1.3721665848984676e-07,1.5330768598796095e-07,1.3004871391657493e-07,6.718545420262603e-08,-2.6960830679027828e-08,-1.3549332770561323e-07,-2.3293967330644154e-07,-2.852519533629012e-07,-2.5012542162529443e-07,-2.2542668741436076e-07,-2.749046917637836e-07,-3.461826277290536e-07,-3.994883371052578e-07,-4.0765431042708904e-07,-3.5611768696883804e-07,-2.429202547444009e-07,-7.870845050726848e-08,1.1326664024945829e-07,2.971492832930856e-07,4.2447909565131423e-07,4.407208526442579e-07,3.99637282352863e-07,3.4267601672701864e-07,underdamped,4.89196367643161
1.0,0.9531776454754474,0.8300890462742498,0.6584078025595068,0.463861312795129,0.2681466972630053,0.08977026778369934,-0.05880847804398098,-0.17105427578421706,-0.24416645505011098,-0.27980067044518153,-0.28273260771521946,-0.2596475326512883,-0.21805166846465945,-0.16549693322785392,-0.10922261315268081,-0.05502726409770371,-0.007203448647519171,0.031127397471687926,0.05855184639843548,0.07495598303200368,0.08114266486649252,0.07870922373633198,0.06969299592813784,0.05633142845678267,0.040702808473907004,0.024682597114011395,0.009857454909931104,-0.0027343742402287296,-0.012441407743505276,-0.01896742886765003,-0.022410920019435877,-0.023112278223375752,-0.021586076387167582,-0.0184356555576358,-0.014287521807549513,-0.009736360603464575,-0.005262516672470765,-0.001256134342754919,0.0020102499031129373,0.0044109751333890855,0.00590942203586539,0.00655737251163124,0.006478327371222893,0.0058331788201353004,0.004800305090468032,0.0035506366220159863,0.0022447612583543605,0.001015809871391687,-4.738915498015274e-05,-0.0008828393664463005,-0.0014610675287117644,-0.0017864018258023162,-0.0018824679252002147,-0.0017886377880682377,-0.001553328922540453,-0.001227653644026984,-0.0008610141507834218,-0.0004936502822600144,-0.0001588477085390001,0.00011867750972925932,0.00032706787318494525,0.00046248486997262474,0.0005275147549878764,0.0005312419257395462,0.00048627563394381876,0.0004072240282565765,0.00030828271241980517,0.0002019831066500392,9.994819420924234e-05,1.1079718971715815e-05,-6.0026527017482115e-05,-0.00011109497385160263,-0.00014131814165708716,-0.0001522994566500891,-0.00014731729123227769,-0.0001301095114612894,-0.00010490872370062421,-7.558784007456649e-05,-4.54547750999058e-05,-1.7638408529237453e-05,5.65509043296812e-06,2.3497953438806153e-05,3.562593958081043e-05,4.197676774601408e-05,4.3128433587869646e-05,4.014348710535641e-05,3.4175008930507555e-05,2.637978822493616e-05,1.7927460874490528e-05,9.695426574419574e-06,2.2423340566312636e-06,-3.997539982719047e-06,-8.505411341618418e-06,-1.1096523559594435e-05,-1.194822123001307e-05,-1.1599726944981946e-05,-1.0444124416495788e-05,-8.595112150340987e-06,-6.364056214283545e-06,underdamped,2.3442662359121633
1.0,0.9561366834418153,0.8498854475722774,0.7124297029712484,0.56611998672915,0.426050078871477,0.3014387009953726,0.19699408543248648,0.11387637535922399,0.051195265925386535,0.006900739283651633,-0.022098304138928257,-0.03886724101453623,-0.046450569253776906,-0.0475219386662851,-0.04431793917056046,-0.03865810249030605,-0.03186356373700158,-0.024904924812301478,-0.018411352480819678,-0.012746801846987278,-0.008067399031561923,-0.0044090774605822485,-0.0017053404226156314,0.00017165850740387834,0.0013582412893485489,0.002008787110432286,0.0022632678380790547,0.0022399181805669967,0.002042883940655738,0.0017495272983063725,0.0014183345662331082,0.0010902591423756459,0.0007910431600043134,0.0005343835252882915,0.00032604414516712544,0.00016641772590965943,5.037544274491117e-05,-2.8937122532825992e-05,-7.732621232955471e-05,-0.00010164827697022578,-0.00010917205426970832,-0.0001052182529432081,-9.388983541309408e-05,-7.89856114115726e-05,-6.304957084461326e-05,-4.7644876390458705e-05,-3.388167162866643e-05,-2.2274189150501804e-05,-1.3006402499542495e-05,-6.1069444999372865e-06,-1.3230506674655682e-06,1.932997204352511e-06,4.053636230489581e-06,5.227052263411358e-06,5.467042746163248e-06,5.084940824478883e-06,4.4304614326568334e-06,3.7015019666452424e-06,2.9860857442741664e-06,2.263801722316404e-06,1.5881039287614927e-06,1.0320136431358735e-06,5.908608051620517e-07,2.5605604448433617e-07,1.50906806688144e-08,-1.4794381206871758e-07,-1.5920625052992484e-07,-4.622170970904006e-08,8.539883972821112e-08,1.6247977110372662e-07,1.4428080172702883e-07,2.249699289526429e-08,-1.7874125010679625e-07,-4.028681780067587e-07,-5.608826975446024e-07,-5.367575965019525e-07,-4.0482937036026677e-07,-2.690799312129235e-07,-1.5916672759769006e-07,-9.201655743568331e-08,-7.182556803137748e-08,-9.005925607259607e-08,-1.254524676305171e-07,-1.4400939815967023e-07,-9.978420219879249e-08,-5.8585220742720624e-08,-6.422467984903087e-08,-8.467136622475207e-08,-9.674919984520618e-08,-8.613723395401077e-08,-4.736965506307665e-08,1.6164217047388957e-08,9.221992932888767e-08,1.596978954646212e-07,1.8864339586950252e-07,1.774346515695111e-07,1.5578833277203292e-07,1.2966901157614692e-07,1.0243735361092773e-07,underdamped,4.400586723838437
1.0,0.9504939019168396,0.8110117270708281,0.600844886069547,0.34498148325906175,0.07144636533635101,-0.19172367867484952,-0.4196752201342034,-0.5921397219175359,-0.6954966670504916,-0.7245254319511375,-0.6806505880100622,-0.5725386717976695,-0.41540341263713043,-0.22751646232802525,-0.029121516203128354,0.1597714878199548,0.3209015060891605,0.44034844440155557,0.5093797925853596,0.5239955348524419,0.4862447488972262,0.4034126333723824,0.2862319314913755,0.14835737941872723,0.0046592971225609126,-0.13036955776981174,-0.24419903194535758,-0.3269110223510422,-0.3722992631331854,-0.37852061600442066,-0.3471747681942041,-0.2836668875425175,-0.19649227814703313,-0.09557988945060447,0.008369025239564742,0.10502308570725824,0.18516944991539527,0.24210447711871355,0.2718609154598043,0.2729985676711129,0.24729029188671883,0.19905684592039685,0.13433324614767728,0.06051608066904942,-0.014564173511476666,-0.08345368463275457,-0.1398742532958937,-0.1790101383252499,-0.19811905359022788,-0.1966951508729464,-0.17602220245436187,-0.1393707657770277,-0.09142701773752879,-0.037555741714654076,0.016619166036643297,0.06578407512178337,0.10533251003954325,0.13207833268141075,0.1442564496734598,0.14146582463508678,0.12499528631785388,0.09735211632296413,0.06189647697190845,0.02260743399243313,-0.01640952816773321,-0.051347369113717886,-0.0790820947710738,-0.09729886250431705,-0.10483125207235755,-0.10165705045068014,-0.08868262336588463,-0.06782868478619143,-0.041666469824962284,-0.013074823184813032,0.015006964186229557,0.03986218912416079,0.059206306896449755,0.07154266731037001,0.07611816943828409,0.07290922483953921,0.06276711828664487,0.04713078438689762,0.027854470528558897,0.0070609416517742885,-0.013106226039813533,-0.030713199546905795,-0.04421875330081996,-0.052525933656808646,-0.05516315678038423,-0.05224877030089547,-0.044378074655237146,-0.032652879928648994,-0.018477620430238983,-0.003388367897035012,0.011087735684777384,0.023572071359585257,0.032939402021436893,0.03849385612835326,0.03993258541915859,underdamped,0.6437949612327002
1.0,0.9543147809684878,0.8379554709215224,0.6804282109685111,0.5062580537385131,0.33498295055496163,0.18104420121701864,0.052764627229985345,-0.045532811206109025,-0.1133099815200937,-0.15298621974617788,-0.16872748489839368,-0.16563287812537728,-0.14891747503842137,-0.1238304535590321,-0.09479149923292259,-0.06529692714544627,-0.038120277117947576,-0.014959403443672359,0.0032695940235044907,0.01629051352976805,0.024386264107191,0.028183324113059464,0.028524898198760317,0.026289515904566896,0.02237338618426346,0.01758406589469748,0.01254952358389607,0.007784633166577237,0.003632723668167565,0.0002808860616108741,-0.0021910261264501867,-0.0038053131544228125,-0.004653476891464612,-0.0048715794884873495,-0.004608485537020957,-0.004013932031321119,-0.0032336916980025155,-0.002383263387509791,-0.0015538241912322428,-0.0008142678136961636,-0.00020315520651914424,0.00026114395722882813,0.0005773675961052516,0.0007581388790041019,0.0008241807136274714,0.0008015829080116559,0.0007154767211043282,0.000589904792177144,0.000447547480673809,0.0003050021646101691,0.00017395198584929097,6.324603886536398e-05,-2.2970888768834765e-05,-8.403149002490277e-05,-0.00012136438370338063,-0.00013811074866509651,-0.00013827063086054958,-0.00012620161063387096,-0.000106695960892437,-8.345042130352356e-05,-5.9049548805816625e-05,-3.5986046990362506e-05,-1.6139421024858527e-05,-3.670886735700652e-07,1.1292322416652719e-05,1.88359886748693e-05,2.2716002030539586e-05,2.357432008828933e-05,2.2120463927984084e-05,1.9003789506716955e-05,1.5128676796245549e-05,1.114260003619596e-05,7.39291897708803e-06,3.945995860413819e-06,1.0039242857172147e-06,-1.2262408018332698e-06,-2.699198083558312e-06,-3.486862697966109e-06,-3.778329640984228e-06,-3.683055529831854e-06,-3.268289914375985e-06,-2.696277801895142e-06,-2.079954871088236e-06,-1.4829474720746177e-06,-9.194962439621867e-07,-3.672371047075735e-07,1.107043847383731e-07,4.4469173678315845e-07,6.038814400339712e-07,5.962229592977205e-07,4.684587355810074e-07,3.061241860901391e-07,2.3109957368634858e-07,2.076860602405519e-07,1.7107777070696576e-07,1.3076276036405142e-07,9.273396028743259e-08,5.9489177349890376e-08,3.0031094221368523e-08,underdamped,3.1102303918343637
1.0,0.9547562440140809,0.8409131587814175,0.688523093272216,0.5216235615676981,0.35874346904180426,0.21286226223253107,0.09123728681512584,-0.0027176266550561767,-0.0689974324810727,-0.1100061072662848,-0.12970323446211032,-0.1326151920137385,-0.12325507246735141,-0.1061284967102343,-0.08492566258735107,-0.06261487405693113,-0.0414828319822834,-0.02295526239805098,-0.007867129066982732,0.0034843599478633705,0.011227705066028063,0.015757345047584647,0.017619584718044715,0.0174233295152261,0.01580307418803462,0.013301073650824457,0.010389086147941939,0.007441475244992384,0.0047142550279485685,0.002380406368606428,0.0005246655661202773,-0.0008348420786031747,-0.0017272790700249814,-0.0022112415470027314,-0.002364149960324234,-0.0022718497419433807,-0.0020113775705986776,-0.001654584616301249,-0.001261232420441647,-0.0008740627265278122,-0.0005251878789748041,-0.00023343962691797958,-6.729498665914574e-06,0.00015450035110112193,0.00025547643951006054,0.00030489235404972614,0.00031385324938322404,0.0002938607549692848,0.0002544368528074554,0.0002044915257839773,0.0001518694136854101,0.00010170821628249511,5.7302713285426175e-05,2.0974208236620783e-05,-6.486301312168228e-06,-2.5385280585504953e-05,-3.656371301132628e-05,-4.1433162225744503e-05,-4.138740998451702e-05,-3.7724593533779505e-05,-3.181669715837026e-05,-2.5034965723680306e-05,-1.8253022313273973e-05,-1.1843984776611145e-05,-6.201944828901897e-06,-1.684324535745206e-06,1.619192787264015e-06,3.800858052542651e-06,5.040481929800524e-06,5.447266304490117e-06,5.2846930833942125e-06,4.762040053889862e-06,4.023391385479874e-06,3.1445132049133516e-06,2.1550484573401e-06,1.226764085086667e-06,4.992566697816918e-07,3.29133636749506e-08,-1.910881103626343e-07,-2.707794588389957e-07,-3.7963843557739453e-07,-4.817682544888642e-07,-5.040200185853565e-07,-4.7657014871508543e-07,-4.223089024740828e-07,-3.5684037420619947e-07,-2.884824950031007e-07,-2.159032104376733e-07,-8.956183564549493e-08,6.425595466203776e-08,1.9761756409388928e-07,2.77263688715894e-07,2.8460831705077167e-07,2.1573873007811584e-07,8.14155012344006e-08,-9.292750358702853e-08,-2.671831260359376e-07,-3.865709153052279e-07,-3.816371281309089e-07,underdamped,3.4155212842930114
1.0,0.9556380412395146,0.8466875325500297,0.7040289395549497,0.5506438040976079,0.40287997859076796,0.27121263288947617,0.16116806348098733,0.07453566717550533,0.010671050381085234,-0.0326381101986357,-0.05876503517529378,-0.07125230642398564,-0.07362356308415213,-0.06911077620330042,-0.06034725762303016,-0.04951762493814041,-0.0381986133968019,-0.027497321522462374,-0.018100596465864184,-0.01035281660983902,-0.0043347756665214066,3.262749357046263e-05,0.0029298764740988414,0.004616069153745258,0.005354252294079612,0.00539838309420451,0.004981920153861606,0.0042895355555194244,0.0034731287104660426,0.0026417372791708166,0.001869252247355389,0.0012005450153333558,0.0006564465772707058,0.00024013173526084308,-5.7580458054304774e-05,-0.0002505455841944494,-0.0003575449003852131,-0.0003997847078730624,-0.0003947208912088244,-0.0003581375521683559,-0.0003043117944639189,-0.00024326441489654925,-0.0001823340092319497,-0.00012671759136741067,-7.922419952751349e-05,-4.1121156600290835e-05,-1.2307101785947864e-05,7.950816926585572e-06,2.067850411979631e-05,2.71754209178693e-05,2.93706673798871e-05,2.8703311647431853e-05,2.600018846686324e-05,2.1817136888373478e-05,1.7199814007800356e-05,1.275186082011906e-05,8.7822259697298e-06,5.37274648807577e-06,2.6678392451753477e-06,6.4387917217239e-07,-7.670789283915592e-07,-1.651493620307613e-06,-2.066396718520845e-06,-2.0112298091825495e-06,-1.748190362227196e-06,-1.4783407410514312e-06,-1.308095260872551e-06,-1.2492201887284977e-06,-1.2188337434778636e-06,-1.0402565593428083e-06,-7.377694062353792e-07,-4.710040030887493e-07,-2.598743623904514e-07,-1.1106262349271539e-07,-1.801905261247232e-08,3.903795716864946e-08,9.092369054920525e-08,1.0190485374494832e-07,7.304389245899054e-08,3.5603525368294475e-08,1.1081941682558383e-08,1.1212801144212496e-08,3.7965234028422e-08,8.354384114308479e-08,1.3038869382883433e-07,1.5117533395903613e-07,1.0894810534315696e-07,1.3959193467453275e-08,-9.04912430722906e-08,-1.716328721360649e-07,-2.07674677952865e-07,-1.878049611206926e-07,-1.1219133860655512e-07,8.019256253528306e-09,1.5070057375453624e-07,2.8274704782244146e-07,3.600737960142023e-07,3.286625519514893e-07,2.419765096476583e-07,underdamped,4.03928841122622
1.0,0.9541503192043315,0.836840947492053,0.6773520481031677,0.5003850883140042,0.32582853976061366,0.168703939179765,0.03778347889667222,-0.06227080005813315,-0.13067107243948742,-0.16981010457536816,-0.18393600144776573,-0.1783814547677427,-0.1586367627310653,-0.1302387774488658,-0.09795131181096843,-0.06548158760617026,-0.03580925914101712,-0.010775778026194342,0.008679477935806274,0.022287254255675022,0.030391311875446404,0.03372336819700355,0.03325927033460052,0.030010216799477418,0.024981892407097122,0.019103185325101475,0.013086411049933418,0.0074962459558834856,0.0027196578062688506,-0.0010507763735332896,-0.0037449725980698186,-0.005406626118252682,-0.006162111979785762,-0.006183853178703479,-0.005662794714273644,-0.004780736042293903,-0.0037130303748096286,-0.0026021281069102597,-0.0015521351892530957,-0.000641785108272671,8.62484002714528e-05,0.0006170812289407307,0.0009554276180674724,0.0011218650256743113,0.0011464673840311252,0.0010652611329791098,0.0009128327567488759,0.0007197773384707191,0.0005146011787326352,0.0003186880890276401,0.00014565550984773962,5.129187562889033e-06,-9.893637581563159e-05,-0.00016724624497706814,-0.000203132891111987,-0.00021200005775356113,-0.00019998805152691884,-0.00017336977994234976,-0.00013885681137998525,-0.00010161200011639564,-6.50424826384654e-05,-3.2203005662842784e-05,-5.2501571929003984e-06,1.501755610453797e-05,2.8777516588817383e-05,3.642915218605088e-05,3.891725562555731e-05,3.736291192055793e-05,3.283824803956148e-05,2.6534056910290662e-05,1.9700760350662987e-05,1.3139888195648903e-05,7.2012808523531005e-06,2.0301926439158884e-06,-1.9853819720177757e-06,-4.735950720225644e-06,-6.292086710561298e-06,-6.900877587537684e-06,-6.76984484876622e-06,-6.056636530771088e-06,-5.025009820056518e-06,-3.866926457268741e-06,-2.7025272406878133e-06,-1.571962773817956e-06,-5.059063955692772e-07,3.4748644001808797e-07,8.967808286523936e-07,1.124832022277771e-06,1.0887854290742323e-06,9.200766134576994e-07,8.133550411940562e-07,7.068827889724812e-07,5.56487786585168e-07,3.999366357400088e-07,2.6156581157559343e-07,1.5228166266121698e-07,6.956041099688695e-08,-1.549564961042001e-09,-5.838134421126957e-08,underdamped,2.9976538075908605
1.0,0.9565753971281156,0.8526776705168103,0.7196191567756973,0.5791974599030287,0.4455030822771818,0.32654093313486654,0.22651141915411846,0.1462526966938713,0.08453103310116356,0.03950994825296113,0.00838385662567765,-0.011630890272754147,-0.023082432370843814,-0.028356611779222725,-0.02933699363265077,-0.027584081082089387,-0.024281554735072645,-0.02027529446351648,-0.016156998639545138,-0.012305854545521007,-0.00892639549724503,-0.006103222575136267,-0.003862547330111467,-0.0021630278137589475,-0.0009308720861533554,-9.355788790608294e-05,0.00043370148855296337,0.0007274410076908418,0.0008499756491902518,0.0008579344387427177,0.0007939317813982079,0.0006901634100749099,0.0005702984224128041,0.0004501025652685029,0.00033933122797106705,0.0002430801048197262,0.0001638889709014047,0.00010195187425815338,5.498874701772362e-05,2.0980848487633783e-05,-1.5942652788766297e-06,-1.5310382317142223e-05,-2.272409550857946e-05,-2.5589556399170622e-05,-2.5186832830636583e-05,-2.290586146942587e-05,-1.9694188293336813e-05,-1.6128422830456695e-05,-1.2604534052220534e-05,-9.413121844222475e-06,-6.659731339053594e-06,-4.399124891108426e-06,-2.6470428069065123e-06,-1.5141911635554944e-06,-7.935701964722452e-07,-2.5424993091096117e-07,2.3317604673246526e-07,6.965905889204347e-07,1.0623529869736556e-06,1.1560317636896031e-06,1.0189304639475857e-06,8.46235286910673e-07,6.771237832923597e-07,5.3287549897339e-07,4.16871975001753e-07,3.145967475926827e-07,2.097394308498319e-07,1.5420827895117803e-07,1.2835565971700574e-07,1.0693221144557572e-07,7.439189182478097e-08,2.4891977932145655e-08,-3.770693376517312e-08,-9.984092741038741e-08,-1.3824276775707538e-07,-1.2470649217189945e-07,-7.124478035549027e-08,-8.426716507253253e-09,4.107534650514292e-08,6.249915198035061e-08,4.899253938334013e-08,1.613444345402432e-09,-7.067010133585352e-08,-1.5097996969649612e-07,-2.1452793660627752e-07,-2.2861568176862792e-07,-1.656955234427992e-07,-1.8980026710554346e-07,-2.981387106661515e-07,-4.2016620345083056e-07,-5.03285700257984e-07,-5.128477613582043e-07,-4.321505524942821e-07,-2.62439844881206e-07,-2.290901520615412e-08,2.4930095437150395e-07,4.99101476220191e-07,6.534563572361512e-07,6.353672740746874e-07,underdamped,4.723791034852381
1.0,0.9562077586088453,0.8503383051355767,0.7136065792100932,0.5682731016962426,0.42925711960336754,0.30559595609011814,0.2019020534928689,0.11926056374309393,0.056737157239535735,0.012318715954512734,-0.017051535559118244,-0.0343786502557416,-0.04262970153105261,-0.04442786662025199,-0.04194173953562274,-0.03695208789934273,-0.030752790741571178,-0.024292272155365446,-0.018194158607874558,-0.012826437718739512,-0.008351225621051436,-0.004815896625417047,-0.0021719318254491823,-0.00030445683861686935,0.0009096188468116252,0.001609363638271629,0.0019266517070725831,0.001970326084203563,0.0018381823292865401,0.0016042880992252148,0.001324074741666952,0.0010375801267114462,0.000770457746176876,0.0005372202671235947,0.0003444891344256204,0.00019389547664648414,8.225069839791051e-05,3.610570630072844e-06,-4.705389931988552e-05,-7.503760532286301e-05,-8.688930539778504e-05,-8.759839253236452e-05,-8.074665358207083e-05,-6.976674361402602e-05,-5.715088819768591e-05,-4.44396885539544e-05,-3.270883457332467e-05,-2.2550769107252016e-05,-1.4222487212706466e-05,-7.76547384496105e-06,-3.2042253722444976e-06,-6.816941317401227e-08,2.0740866985283165e-06,3.4662599558606302e-06,4.164391678541356e-06,4.1396354524653425e-06,3.7377611564263233e-06,3.1919009895299597e-06,2.631017118840751e-06,2.099691121069988e-06,1.5629467427052789e-06,1.0799515148564497e-06,6.916866265762658e-07,3.8652829022649825e-07,1.5400723154855273e-07,-1.5191310336523973e-08,-1.2922758292804515e-07,-1.617084140816674e-07,-9.954005312309783e-08,-1.3954857549277578e-08,4.368610526863808e-08,4.4014235215242975e-08,-2.0346600569124582e-08,-1.3478006768837835e-07,-2.62677364490681e-07,-3.45437222068458e-07,-3.101908724370554e-07,-2.2689888169782626e-07,-1.5046641778337768e-07,-9.16417612949145e-08,-5.594554359650511e-08,-4.367074681507352e-08,-4.9882703840404576e-08,-6.441909832514254e-08,-7.188996468479037e-08,-5.1677688097711154e-08,-2.858832777157757e-08,-8.342608351345642e-08,-1.6991690753955372e-07,-2.474097278755952e-07,-2.8713424040421945e-07,-2.722009088649763e-07,-1.9760096485432984e-07,-7.020640782566083e-08,9.122999491074243e-08,2.5607470818767716e-07,3.8181342898101926e-07,4.1405108640974435e-07,3.661639669055017e-07,underdamped,4.452605542680761
1.0,0.9563800078806723,0.8514341214327149,0.7164385130444462,0.5734365583517733,0.4369377522359068,0.31552204177993937,0.2135937918965029,0.1320846379575359,0.0699376212114591,0.02523078118406647,-0.004996509935116036,-0.02362394416329079,-0.03342529292491154,-0.036910886173113666,-0.03609847568229276,-0.03267119988695152,-0.027866513462101408,-0.022581044650746396,-0.017424069698735483,-0.012771232124416013,-0.008802126743126628,-0.005585413007411055,-0.003112055681341459,-0.001300199565597281,-5.263412590028905e-05,0.0007345924502579132,0.0011728772644182157,0.0013534853719105306,0.0013570050274283759,0.0012499190555982707,0.0010808691502283874,0.0008868805019134113,0.0006929677922082093,0.0005148731813265055,0.0003607807343370158,0.00023450801183378886,0.00013654488501478433,6.350967009411383e-05,1.17788003650368e-05,-2.1559919000708427e-05,-4.055394719140895e-05,-4.940600865135004e-05,-5.109253336162654e-05,-4.785860340319723e-05,-4.195321443256893e-05,-3.4898019087844414e-05,-2.7613598175400344e-05,-2.0793016168999014e-05,-1.4805955099603049e-05,-9.821333040507156e-06,-5.8791031486880814e-06,-3.0730903645087014e-06,-1.1742792641679184e-06,1.7048678802782358e-07,1.1692360860703685e-06,1.8848685822497774e-06,2.2351558871543827e-06,2.1387878715343214e-06,1.8769765840452978e-06,1.5683488053056436e-06,1.2755762869305945e-06,1.0178756801310522e-06,7.710085357135703e-07,5.315251753533704e-07,3.5497517398199423e-07,2.2035286932619447e-07,1.1200099048043363e-07,2.128153693612594e-08,-5.342422141835907e-08,-1.0671574429769959e-07,-1.176505095370112e-07,-4.3994281399107714e-08,6.506310348326894e-08,1.605351836546827e-07,2.0881266426445565e-07,1.9166341706666908e-07,1.0623248042016115e-07,-3.495794071147114e-08,-2.0400847475987062e-07,-3.5764258355192833e-07,-4.3720656230976964e-07,-3.743954475067713e-07,-2.8460129909776787e-07,-2.326724927936386e-07,-2.0444162357848224e-07,-1.8788751068166124e-07,-1.7313519757779656e-07,-1.524559519867701e-07,-1.202672658737251e-07,-7.313285544906383e-08,-9.76266116844851e-09,6.898715226719546e-08,1.5267378384247608e-07,1.8956134689756616e-07,1.9490386885255945e-07,1.8925802867153202e-07,1.8240423134086066e-07,1.733466078692218e-07,1.5031301528759323e-07,underdamped,4.579219687846074
1.0,0.950438451940048,0.8105980022445669,0.5995517727115476,0.3422185166320649,0.06670387634591479,-0.1987551985747299,-0.4289761425317846,-0.6033156851384913,-0.7077943971668534,-0.7368928484749304,-0.6918362955158828,-0.5812534697188905,-0.4205106100196061,-0.22815880884013895,-0.024860031939023506,0.16885929645513323,0.33421283539427404,0.45678463915241746,0.5274551922843839,0.5419711216465002,0.5023099493797106,0.41591637807511045,0.29382789404663734,0.1501678478364277,0.00038745332173864555,-0.14039570368835974,-0.2590577860140022,-0.3451865065434942,-0.39219663764117163,-0.3980802784707744,-0.36445686370625935,-0.29693668403198814,-0.20444980035060212,-0.09745193139993899,0.012742022868294393,0.11517230321653785,0.200043990366941,0.2601773132952339,0.29132153716491693,0.2919026628312987,0.26375817932383894,0.21150727637357322,0.14160011824551982,0.06196316305768848,-0.018979073692496073,-0.09317753693159442,-0.15384364573647968,-0.1957642266982924,-0.2159246062722992,-0.21378190884329018,-0.19072965295122052,-0.1502793293470563,-0.09756298007502226,-0.038439012841449,0.020938091283129078,0.07475013919424085,0.11793306190363752,0.14695168973247863,0.15988808560135598,0.15629253794888917,0.1375572321351425,0.10649108487321199,0.06682124256161284,0.02295804374986561,-0.020526864806998973,-0.059375473955547375,-0.09010533046607085,-0.1101386689257686,-0.11814308259479295,-0.11412417764940695,-0.09911541948207926,-0.07524951073809594,-0.04545503923935868,-0.01299172668843901,0.018813354788549,0.04689236221668733,0.06864951219649265,0.08236533100248752,0.08721836837191148,0.08318417143053077,0.0712187649669134,0.053005706539491076,0.030675968893040778,0.006662539440265243,-0.01657137021715742,-0.03676497784408941,-0.052154013190160615,-0.061516116341616967,-0.06425165629548751,-0.06053491987656136,-0.05110805175801766,-0.03720800046106655,-0.020494989244554843,-0.0027765075346722484,0.014151297105615177,0.028686874000851452,0.03953406370132577,0.045835880630854406,0.047275891646652045,underdamped,0.6101359014517151
1.0,0.9548522265731308,0.8415500032681983,0.6902528516368633,0.5248887860976257,0.36375723568846385,0.21953907855165072,0.09928083376901081,0.0062038144502642445,-0.05977903276995439,-0.10109205189932557,-0.12158914226919959,-0.12563980611681777,-0.11773352835957125,-0.10219312511801147,-0.08251435641378697,-0.06163451977837548,-0.04170460196609702,-0.024113956110536478,-0.009688837360269736,0.0012830205470446719,0.00889375242661972,0.013495922346231662,0.015576445654000069,0.01571453897969276,0.01447568516686061,0.012363897797748533,0.009828412247792934,0.007204965890594862,0.004744257736028974,0.002610778345254078,0.0008864302321993417,-0.0004025607284314776,-0.0012749423783094192,-0.0017792809736716841,-0.0019830646777818754,-0.0019585816445254344,-0.0017729242891634323,-0.0014916726921493932,-0.0011672147823243327,-0.0008386914472022121,-0.0005363486660534321,-0.0002780001414527763,-7.24582692680617e-05,7.834865101022701e-05,0.0001777249273596136,0.0002321534209681764,0.00025092799443155307,0.0002431278050980378,0.0002166320427950312,0.00017937901497025466,0.00013818889181079283,9.748752626585667e-05,6.035159620742372e-05,2.91122130049344e-05,4.716413872112566e-06,-1.286327309630664e-05,-2.4107656257821836e-05,-3.0021482650639137e-05,-3.165762695797515e-05,-3.003190117050426e-05,-2.6233342798672136e-05,-2.1432341157914995e-05,-1.639256029923359e-05,-1.1453310245750118e-05,-6.887790209613908e-06,-3.0878722531356063e-06,-1.8702860458205486e-07,1.834022555723197e-06,3.1267248462406706e-06,3.74036044935568e-06,3.84612084692954e-06,3.622419606805195e-06,3.1966522944258155e-06,2.6451964728348065e-06,1.981793655241155e-06,1.2624134736991097e-06,6.336521663384039e-07,1.8547273975326774e-07,-5.4199324229531455e-08,-1.194760685506886e-07,-1.0650706091835433e-07,-1.680133756496994e-07,-2.4792371747422743e-07,-2.761363896793133e-07,-2.709695570631621e-07,-2.4680275023480895e-07,-2.140768656141194e-07,-1.7929416543178932e-07,-1.4501827772934741e-07,-1.0079480051358065e-07,-4.2131548995664e-08,1.2081467035946848e-08,4.8611874829634895e-08,6.03299865088868e-08,4.6208799072298443e-08,1.1323994393570558e-08,-3.314606077848759e-08,-6.99203148199615e-08,-7.561503123182871e-08,underdamped,3.4825045574706293
1.0,0.954598063625853,0.8398588870902005,0.6856491835702505,0.5161840144098102,0.3503635268829061,0.2016742826707058,0.07773564278130372,-0.017715879198173856,-0.08450592744888552,-0.12505312723176581,-0.14339283546966175,-0.14425139097242762,-0.1323832328537344,-0.11254831085087555,-0.08867867552760143,-0.06392084820797389,-0.040723625225403286,-0.020598446907227543,-0.0044090891952753425,0.0075549315967423925,0.015475028888510151,0.01982107349582993,0.021234752094804632,0.020410577598346302,0.01807364177178572,0.014847522636590553,0.011254370958943796,0.0077184765237849305,0.004520245793194203,0.00184046027504969,-0.00023508188408298547,-0.001701708017375651,-0.0026065364895562926,-0.003031033209693402,-0.0030727320436152116,-0.002839763714996459,-0.0024294748434033255,-0.0019253608606135798,-0.00139963547592539,-0.0009026579041273479,-0.0004687813020135456,-0.00011813696482525877,0.00014316133114940918,0.0003179641486619052,0.0004160580508574429,0.0004504647035596938,0.00043596764943938643,0.0003886130179178522,0.00032162107895309505,0.00024553433343917915,0.00017000639432409627,0.0001015123840381501,4.357503201054303e-05,-1.6790553985468292e-06,-3.389042635731476e-05,-5.403749629295005e-05,-6.371810136015374e-05,-6.527531420830979e-05,-6.090433817267948e-05,-5.247103976166543e-05,-4.171697775360751e-05,-3.052346058833706e-05,-2.013223952640124e-05,-1.1051108795080603e-05,-3.406980314029498e-06,2.367698697911293e-06,6.282322832591106e-06,8.527029062072456e-06,9.403755077669967e-06,9.148594096601003e-06,8.193677016279846e-06,6.879677923426923e-06,5.421419341484891e-06,3.9081122231611725e-06,2.4048553943075134e-06,1.093198252954092e-06,9.463066771469197e-08,-5.537650093374072e-07,-8.993139426694059e-07,-1.0737488132890063e-06,-1.1808696369119493e-06,-1.1384961035075819e-06,-1.0085013899025066e-06,-8.415997457031224e-07,-6.696172686716222e-07,-5.054919047260136e-07,-3.4229329044873095e-07,-1.4292084985232086e-07,5.659917576703422e-08,2.0722309272488796e-07,2.792278614172486e-07,2.622110963205783e-07,1.6509106599179946e-07,1.6106693068295338e-08,-1.3718244573209806e-07,-2.27896119611087e-07,-1.8886147813931564e-07,-1.2154486428897387e-07,-6.291792018069858e-08,underdamped,3.305608060961012
1.0,0.957807918244245,0.8603101143368393,0.7387530038565389,0.6133876685731148,0.4952089541272612,0.3903575654162661,0.30114172385440163,0.22743205857064033,0.16842267499470387,0.12206525601743728,0.08646940030328143,0.05976181540014309,0.040038829013951956,0.025826522580165594,0.01582598399334821,0.008948843554423484,0.004379169266107122,0.0014644616683555994,-0.0002922435481786823,-0.0012618007177736675,-0.0017119207080537571,-0.0018328567741578868,-0.0017612136090188447,-0.0015840685393998368,-0.0013621783319714717,-0.0011321570680163742,-0.000914649173410853,-0.0007218683757362643,-0.0005570178220188587,-0.0004210998504410785,-0.00031211229765789537,-0.00022622964143093836,-0.00016043436473567833,-0.00011101982588337492,-7.441396843681033e-05,-4.803586102881342e-05,-2.9517708740148003e-05,-1.6752034809280422e-05,-8.208326415265456e-06,-2.783181318181352e-06,5.065799527627384e-07,2.313829266015438e-06,3.141547093098244e-06,3.3630700414783027e-06,3.3781577720426484e-06,3.2355084959516756e-06,2.8825481748963468e-06,2.335861732290263e-06,1.6811930532696658e-06,1.0734449846934403e-06,7.180732457779083e-07,5.198716302387833e-07,3.7370321336218713e-07,2.543945929208664e-07,1.504967969886758e-07,6.428528394058217e-08,1.1759942452662026e-08,-4.84298377221591e-09,-1.6053494830916488e-08,-2.2986888777757746e-08,-2.617931846450158e-08,-2.6179289023467017e-08,-2.3547657867530092e-08,-1.885763469012389e-08,-1.2694781465238688e-08,-5.657012447421665e-09,1.4356684867283575e-09,9.150113579969817e-09,1.9952989622925698e-08,3.566954351501341e-08,5.7394465547682296e-08,8.549188940441445e-08,1.195953921607236e-07,1.5860799428415583e-07,2.007021596342889e-07,2.433197954627341e-07,2.8317225241313336e-07,3.162403245211616e-07,3.377742492145256e-07,3.422937073129643e-07,3.235878230282497e-07,2.7471516396418453e-07,1.8800374111660344e-07,5.505100887337713e-08,-1.3327613498560022e-07,-3.8124279471622974e-07,-6.374822763036037e-07,-8.399453464735574e-07,-9.474176780849176e-07,-9.384768216217828e-07,-8.114922051935032e-07,-5.846251345346959e-07,-2.958287930052245e-07,-2.848241590231961e-09,2.1677958109989692e-07,3.14754943263277e-07,3.4552950425150367e-07,3.3458657509330046e-07,3.0208167167128816e-07,underdamped,5.659860121902425
1.0,0.9530334894335479,0.8290689160323987,0.6554880504152072,0.4581474429782928,0.2590570530792696,0.07714884313497661,-0.07441349946872877,-0.18874646668445527,-0.26273382292699893,-0.2978151579463164,-0.29884467057526043,-0.27267907899682736,-0.2271686154926256,-0.17026228365311266,-0.10960740890709081,-0.05144029976020789,-0.0003282902651408903,0.04037544196334936,0.06911436438780247,0.08580322290630675,0.09133060783630076,0.08746108079697168,0.07645577470100418,0.06080026762430746,0.042818840837422704,0.02458897423216415,0.007882555004191688,-0.006139456374220335,-0.016778629170417968,-0.023723296531507274,-0.027109734522071702,-0.027357836024846982,-0.02508301580509876,-0.0209988546260827,-0.015841322861126165,-0.010310050166367764,-0.00496588273496424,-0.0002539606397291951,0.0035135565943596146,0.006200553366709453,0.007782743209600122,0.008336831500634703,0.00802390772097344,0.007049151582100209,0.005636788949408304,0.003998798272382506,0.002331672763330626,0.0007971311530321889,-0.0004997182634854236,-0.001488861783282299,-0.0021403800252224976,-0.002466454184762057,-0.0025033807002350994,-0.0023062611205850584,-0.0019403207630773905,-0.0014731139222896477,-0.0009686458082000299,-0.0004783639937895793,-4.408834992968122e-05,0.0003046844609855446,0.0005553120962569612,0.0007051487456272237,0.0007604587399894255,0.0007356836024885062,0.0006493187407928845,0.0005220845321696029,0.0003734826714347238,0.00022067950559659727,7.93809782040548e-05,-3.967764121234592e-05,-0.00013134831427722172,-0.0001926856675953206,-0.00022392680371372228,-0.00022853466448318128,-0.00021154266863271812,-0.00017895328610353087,-0.00013684934314140833,-9.070269158289145e-05,-4.5557442557931285e-05,-5.8449533833216505e-06,2.5962228575222585e-05,4.9202294326860634e-05,6.338599588246677e-05,6.888304915427254e-05,6.694295546401537e-05,5.939611802903228e-05,4.7975376480983135e-05,3.460950236513091e-05,2.0888891186222895e-05,8.004789145554663e-06,-3.09054956823905e-06,-1.1562401223035463e-05,-1.7098401201431287e-05,-1.9937840020097253e-05,-2.0511547316624125e-05,-1.910663384356389e-05,-1.6253936215054054e-05,-1.25014788154753e-05,-8.406496101840424e-06,underdamped,2.249192456982435
1.0,0.9544953931580519,0.8391713489165703,0.683768075119687,0.5126140655299777,0.3448450492006786,0.1942867915854266,0.06880461997965753,-0.027653016961384863,-0.09478927240105728,-0.13502743981239765,-0.15245052500881368,-0.15191826628943272,-0.13834760431597812,-0.11667070412506919,-0.09098807578218497,-0.0645679778990123,-0.039971776781443535,-0.018773236494331193,-0.0018548735978118902,0.010498721076591763,0.018502318651894535,0.02268046947886892,0.023751550194123727,0.022465964933945398,0.0195998050644908,0.01585152506719014,0.011771346082747903,0.007815021146934165,0.00428924635564503,0.0013731811708900064,-0.0008476813416703477,-0.0023758260217435065,-0.0032721611795023206,-0.003638934765846502,-0.003589842743593012,-0.003242767348968948,-0.0027146058572516613,-0.0020994870373519095,-0.0014735600721390175,-0.0008958441807158132,-0.00040156996334219774,-1.018918034435953e-05,0.0002727513988114111,0.000453226580412208,0.0005441669821450686,0.0005633644424507726,0.0005285894336025803,0.0004573834369460603,0.000367021273336404,0.0002705466731524665,0.00017717519605160327,9.458518873956288e-05,2.7009907882393408e-05,-2.415254165709863e-05,-5.897929713144546e-05,-7.902397959257298e-05,-8.664704945976053e-05,-8.44542208713074e-05,-7.570001481676676e-05,-6.312258440066184e-05,-4.863536959049931e-05,-3.3787719450909e-05,-2.0180152424048738e-05,-8.760281400381591e-06,1.8796063175986538e-07,6.719548940026442e-06,1.0845631946695054e-05,1.2891527269026359e-05,1.3256299465493984e-05,1.2343098065320782e-05,1.0476443780055814e-05,8.237483544924209e-06,6.0401022027931025e-06,4.090802046582626e-06,2.3887028192659165e-06,8.370139667575736e-07,-3.779929427663167e-07,-1.2112382516735546e-06,-1.6793056243832174e-06,-1.8451115168373926e-06,-1.8179051765011535e-06,-1.6484115778312728e-06,-1.3452338292861862e-06,-1.010142953417797e-06,-7.100277746156876e-07,-4.762608305549563e-07,-3.046983721961822e-07,-1.5568036378544653e-07,1.295961817336109e-09,1.270930946345962e-07,2.066506866601255e-07,2.3426877111032057e-07,2.1332100901106994e-07,1.5625468919775038e-07,8.459072831522666e-08,2.892367081785025e-08,2.346139004540331e-08,3.0527103473930256e-08,3.299564625143588e-08,underdamped,3.2345811845288366
1.0,0.9553304787772738,0.8446923065259505,0.6987173408772033,0.5407674525040306,0.3879650101787008,0.2516018787504,0.1377570257084439,0.04874578275997227,-0.015884016074655505,-0.05846741579103659,-0.0825635635525878,-0.0920069329889022,-0.0906875725516424,-0.08221708169498686,-0.0695288544325495,-0.05507690596331076,-0.040624886515020435,-0.027386733483287386,-0.016094048105285044,-0.007063816271843109,-0.00032679824801258237,0.004283124818351417,0.0070516015127577575,0.008349596591336703,0.008530669614030375,0.007934860126412669,0.006867557865676015,0.005563120399316349,0.004209693348485354,0.002936554985283754,0.0018240804835525219,0.0009146459796911207,0.00021968965377826592,-0.00027115450076842717,-0.0005829765049547263,-0.000745572126280877,-0.0007934506161241581,-0.000760113157494183,-0.000673155585429197,-0.0005575851970788696,-0.00043245060551318996,-0.0003108508769973531,-0.00020212486986579932,-0.00011130120089065257,-4.026115336809069e-05,1.147680259560129e-05,4.580294191274106e-05,6.52008481595995e-05,7.26550403656247e-05,7.186105318813817e-05,6.563797509603569e-05,5.580057738731197e-05,4.4262804103299744e-05,3.2754419315820745e-05,2.2264675112943904e-05,1.3215484819373258e-05,5.947947303962115e-06,5.031245276112978e-07,-3.241694392585131e-06,-5.518815185237608e-06,-6.470134591493715e-06,-6.52459160266543e-06,-6.097709882420592e-06,-5.442234708193673e-06,-4.648132971185779e-06,-3.656835187489043e-06,-2.6048540671052707e-06,-1.667860564347443e-06,-9.174976151505407e-07,-3.702528871103205e-07,1.2541220516670944e-08,3.0796163874925366e-07,4.697273067751427e-07,5.267920821199574e-07,5.272674153945775e-07,5.027169981709515e-07,4.6815676298209774e-07,4.2205488332210416e-07,3.4450480894073683e-07,2.125806368719873e-07,6.943398485281438e-08,-4.397106445421002e-08,-1.0231841071325106e-07,-9.593993591520997e-08,-3.081550437772757e-08,7.14270372548125e-08,1.7351186001129428e-07,2.2251515259385882e-07,1.6637370170989993e-07,7.724984093668168e-08,-4.171936882750737e-09,-6.066202321857317e-08,-8.258951928626905e-08,-6.792223604662273e-08,-2.2226694205722895e-08,4.133187578504042e-08,1.0198953372897056e-07,1.3138362968407168e-07,9.539076538689396e-08,underdamped,3.819564475578031
1.0,0.9565581577276987,0.8525677407055959,0.7193397035499933,0.5786934656875833,0.44475331616214275,0.32557825104551175,0.22538639148881928,0.14501882903596552,0.08325923264877402,0.03826565712825647,0.007215722732428001,-0.012680376837170423,-0.023990663924163824,-0.02911232527239776,-0.029938856259350187,-0.02804217463876532,-0.024610410413491195,-0.020493552305857247,-0.016284870640687794,-0.012363397149055143,-0.008931380444056985,-0.006072196807369512,-0.0038094647567086448,-0.00209814175748867,-0.0008624619230084354,-2.7623481384921782e-05,0.0004936860790259857,0.000779193932743151,0.0008926429901135255,0.0008916328096700028,0.0008192669748007094,0.0007081854362651379,0.0005822131818016343,0.00045715018632228494,0.00034264377980952154,0.00024370337151735703,0.00016274738646297266,9.970480060093897e-05,5.213351204733167e-05,1.7957395594686408e-05,-4.455659181666466e-06,-1.7894030471781438e-05,-2.4951603360462076e-05,-2.7398904426319675e-05,-2.659162584453549e-05,-2.395385978652221e-05,-2.0435855306677195e-05,-1.6604904241865418e-05,-1.2883520690092282e-05,-9.538159909906418e-06,-6.67471948463269e-06,-4.3434365850859804e-06,-2.5694498998542744e-06,-1.4395907262648623e-06,-7.006935824198917e-07,-1.3205460679064665e-07,3.8175691425311216e-07,8.508985464431331e-07,1.180254707612689e-06,1.1913874660028896e-06,1.0362097167446434e-06,8.534978133937493e-07,6.808152745260097e-07,5.362897297476524e-07,4.186129196953238e-07,3.0704069603608933e-07,2.0518810486587382e-07,1.5405460956536995e-07,1.2463603962376222e-07,9.5399540589023e-08,5.434822438004968e-08,-9.788307133374162e-10,-6.350658003039223e-08,-1.1662401253944573e-07,-1.34191909525545e-07,-9.817360439152861e-08,-3.5310395515520855e-08,2.5892588435658684e-08,6.525195229471354e-08,7.090603439387138e-08,3.931490656488215e-08,-2.4739625860980494e-08,-1.0815402405292147e-07,-1.8950301568061882e-07,-2.390395949142319e-07,-2.1869502242439184e-07,-1.6948245463215672e-07,-2.2986336588506875e-07,-3.360161117830146e-07,-4.313865202370998e-07,-4.757294912297223e-07,-4.4510899681457137e-07,-3.318980811166306e-07,-1.447788603321803e-07,9.125747727120986e-08,3.3491067135467887e-07,5.285713895080638e-07,5.983212272499187e-07,5.423213218313184e-07,underdamped,4.710994501042703
1.0,0.9526903660937226,0.8266687279179916,0.6485055140920389,0.44423054347280544,0.23676895460685696,0.04608216379442781,-0.11308976765438505,-0.2327538063105535,-0.30902679062550975,-0.3427916309893958,-0.3390024289743846,-0.30493845571744255,-0.24927899617823537,-0.18103047456091872,-0.10892394777861478,-0.04029365322669254,0.019453793747960364,0.06632490611360586,0.09839107759814902,0.11558992053292633,0.11902590725403096,0.1109202556700235,0.09416467178502357,0.07192423713190643,0.047213009763529164,0.022714587659861916,0.0007249492807092986,-0.01725400656226622,-0.03036171024113505,-0.03825007049461757,-0.04117863083881857,-0.0398030626397622,-0.03504352332951128,-0.027955129563856866,-0.019615419105587728,-0.011041141564834638,-0.0030377944412488173,0.0037709751009883698,0.008961158001653645,0.012375081585228737,0.014029511783746,0.014091034931785406,0.012852171292568777,0.010667791131424569,0.007914357797695545,0.004941506480864525,0.002067239166368683,-0.0004570413841852618,-0.0024766565020047752,-0.00389722785920696,-0.004695598209293262,-0.004918023434702803,-0.00464984034605972,-0.004005691663273144,-0.0031136550882099904,-0.0021021221834968975,-0.00108727166735437,-0.00015904875308743439,0.0006120929909007402,0.0011826026567713283,0.001540441333403937,0.001691481239263427,0.001659301901474603,0.001481360644057914,0.0012009390489098517,0.0008629815464064746,0.0005079572123658721,0.00017187666223078644,-0.00011647714836834834,-0.0003408935164299613,-0.0004932568943111814,-0.0005720009728082598,-0.0005836908239814372,-0.000539942328672154,-0.000455024133048919,-0.0003442175587587168,-0.00022204170627707602,-0.00010223061176008573,4.157178971877758e-06,9.053483754261347e-05,0.00015301000967364798,0.0001897642006238913,0.00020212040866637743,0.00019387717110085735,0.00016944028816183533,0.00013407008636314333,9.295514642842366e-05,5.06631125451245e-05,1.1702417819937046e-05,-2.075865121135095e-05,-4.527083257769557e-05,-6.135738648475884e-05,-6.883642425372085e-05,-6.849407862137678e-05,-6.193165036647876e-05,-5.0969284928896537e-05,-3.738273614895238e-05,-2.295671089115643e-05,-9.118285475724084e-06,underdamped,2.024673417917215
1.0,0.9546922281682252,0.8404872125096876,0.6873635271937174,0.5194309655828881,0.3553697896944634,0.20836241041077858,0.08581037891801085,-0.008742590567925562,-0.07522566005900838,-0.11604970446555793,-0.1352054106473685,-0.13729915755171826,-0.1269404577636929,-0.1087362597437664,-0.08647212671259037,-0.06318721494909584,-0.041232178970576586,-0.022066025182025474,-0.006535380540864038,0.005065669510252328,0.01288670107287446,0.017351692148175536,0.019044357931303494,0.018606758265816443,0.016709559136844687,0.013926331846020115,0.010748701017879926,0.007570979621156616,0.004658202633575647,0.002186972167371716,0.00024265071052800375,-0.0011617197655829576,-0.0020623081264785296,-0.0025262475747541155,-0.00263852682106794,-0.0024939518974797896,-0.002177082517419424,-0.0017643183796665438,-0.0013202718257158198,-0.0008906424482372214,-0.0005086371151254309,-0.0001936254573658017,4.7215521303380374e-05,0.0002145908654288466,0.0003153315389961183,0.0003597583273255189,0.000360434154029303,0.0003305801551160277,0.00028098444558193747,0.00022129286142430946,0.00016005831235186882,0.00010288409961576758,5.322290167665439e-05,1.3349844632297097e-05,-1.6098986367472977e-05,-3.566706602656684e-05,-4.6491359883517524e-05,-5.0302586336624395e-05,-4.875935554925624e-05,-4.337765423987786e-05,-3.575387943697434e-05,-2.7403319458832148e-05,-1.9269946793692686e-05,-1.1753168950073926e-05,-5.328315164586119e-06,-3.164200510289686e-07,3.234355560169303e-06,5.482531686139058e-06,6.605901707904587e-06,6.810426322377641e-06,6.403080624774245e-06,5.61503186905389e-06,4.6016287305117095e-06,3.431351420036372e-06,2.2092256638279383e-06,1.1441733661637075e-06,3.5983573757349114e-07,-1.1432222256871681e-07,-3.430117260447347e-07,-4.851201957921947e-07,-6.563350680599837e-07,-7.145838047791146e-07,-6.924336918029747e-07,-6.230928762315767e-07,-5.304254564316061e-07,-4.289514820364288e-07,-3.228730300721689e-07,-1.497772216805481e-07,6.668670689840135e-08,2.579040150751148e-07,3.760307279506436e-07,3.9399363631665046e-07,3.0549029665542063e-07,1.2498903113985879e-07,-1.1227107236651596e-07,-3.5028016030957237e-07,-5.122576134445477e-07,-5.010080762189554e-07,-3.766282447313471e-07,underdamped,3.370968103757895
1.0,0.9550176274756204,0.8426424756345358,0.6932090611245767,0.5304534489931132,0.37227348014679046,0.2308514772588654,0.11288447034709204,0.021269552121747692,-0.044222277959171774,-0.08599405587366826,-0.10779940963598611,-0.11381153661901136,-0.10830825628418611,-0.09534970325558577,-0.07821947809809252,-0.05968246452041958,-0.041738236921103164,-0.025712724190953384,-0.012397074600069384,-0.002086866737107112,0.005261635317268915,0.009928259868052985,0.012325395218533196,0.012952215882951002,0.012287283024638228,0.010781557228375533,0.00882499514234444,0.006712440375297438,0.0046754343328337606,0.0028632051476027397,0.0013597790417588167,0.0001991352841827919,-0.0006245393835637563,-0.0011439677156445294,-0.0014093675267821313,-0.001473847523422986,-0.001393288286207237,-0.0012201875893712744,-0.0009957941394440084,-0.0007552564705861744,-0.0005242570711193924,-0.000318958622332541,-0.00014919379225952913,-1.858749885131612e-05,7.364509053076935e-05,0.00013162748512144092,0.00016103788054298954,0.00016770554632055282,0.0001578491630979487,0.00013792242246063002,0.00011267151967222198,8.529631527159497e-05,5.898448199612797e-05,3.578014000147137e-05,1.6608100630688364e-05,1.8576865908155325e-06,-8.567135276536434e-06,-1.5099638197525242e-05,-1.835522025213635e-05,-1.8877486299233103e-05,-1.7626615143826594e-05,-1.5427991995476936e-05,-1.2784889368851127e-05,-9.878467083723166e-06,-6.878566984201682e-06,-4.198306035924925e-06,-2.0158367613069284e-06,-3.8010977784591674e-07,7.890014093317937e-07,1.564522585416064e-06,1.94749728167232e-06,2.056048060005271e-06,1.9813171111293054e-06,1.7862693060082596e-06,1.5056636243007291e-06,1.1073417906156711e-06,6.574401274764835e-07,2.7365748167487376e-07,2.684867286346481e-08,-5.8975506444211467e-08,-6.6482908737018995e-09,1.1415305781035385e-07,1.8690725070423918e-07,1.0576871794660452e-07,1.935750328318522e-08,-4.2154874139179096e-08,-7.735410311073685e-08,-8.839682495546576e-08,-8.101063353107349e-08,-6.449407522899883e-08,-5.171664897441104e-08,-5.2259725834605427e-08,-4.7669605183068125e-08,-3.9369366838624283e-08,-3.091165380101544e-08,-2.4343204308192214e-08,-2.0204851836314814e-08,-1.7531525099752045e-08,-1.3852248051082225e-08,underdamped,3.598449174062553
1.0,0.9551717322543447,0.8436548338233594,0.69593581089638,0.5355681773088704,0.3800699363518637,0.24117651433388787,0.12527369782928904,0.034966499391741235,-0.030090092630412346,-0.0722709369040464,-0.09523403918787608,-0.10298047044759719,-0.09959517105765398,-0.08890922576921167,-0.07402658118905577,-0.05755595911452646,-0.04137311249321423,-0.026747809501142455,-0.014440866005999323,-0.00475688196329803,0.0023075651852741998,0.0069729122459972976,0.009587642456622199,0.010583375171896215,0.010372216047761914,0.009351044940963286,0.007863752495802998,0.006174129957841321,0.004492343780223607,0.002956935390799627,0.0016511044881423538,0.0006139509276342475,-0.00015093222872524507,-0.0006641981555791081,-0.0009620890329543803,-0.0010850556471135838,-0.0010781106454557697,-0.0009831581563061714,-0.0008342882939428455,-0.0006616474766830249,-0.0004872225249735476,-0.00032598681390354645,-0.00018768794894758503,-7.678667229616559e-05,5.86147814388705e-06,6.234355010257552e-05,9.603400902533966e-05,0.00011088341722213656,0.00011161928650916186,0.00010306967573591651,8.871137536361183e-05,7.107714608449396e-05,5.293858889249809e-05,3.6099148568668376e-05,2.1465877668359646e-05,9.56145245473656e-06,5.653205999601798e-07,-5.666207669107994e-06,-9.477588004295744e-06,-1.1168086922974622e-05,-1.1354816904286908e-05,-1.063450499601276e-05,-9.391175570586863e-06,-7.796150325098477e-06,-5.9277494947502215e-06,-4.1077438479721575e-06,-2.535028979380004e-06,-1.2986051812093372e-06,-3.8266625226518964e-07,3.218414290282345e-07,7.833959211809251e-07,1.0243718893767017e-06,1.112238909855139e-06,1.0971729377661307e-06,1.0120563071698873e-06,8.718745324994604e-07,6.25426041925262e-07,3.236399632637099e-07,6.157547618229266e-08,-9.986839076814145e-08,-1.3395276015336586e-07,-4.809890565579574e-08,1.1611174792552949e-07,2.829376246749259e-07,3.424769975600909e-07,2.394958756519263e-07,1.2415933649716953e-07,2.8379102515257783e-08,-3.2929522807675116e-08,-5.4411806843351804e-08,-4.0273587821343726e-08,-4.2812748290746825e-09,3.023815218818198e-08,3.039714242729881e-08,2.8475797818903315e-09,-1.6245984550649978e-08,-2.8107325703255155e-08,-3.402009341352834e-08,-3.5308186382141376e-08,underdamped,3.70706865654556
1.0,0.9573648252146897,0.8577465350942997,0.732154308937695,0.6013865691887686,0.47815223533068785,0.3684096878381242,0.2755340433463207,0.19976704570743087,0.1396969953456232,0.09376916109987936,0.05957370393390993,0.034874626532975087,0.017765952170996732,0.006359473958325108,-0.0008124195915567888,-0.004926517164471933,-0.006948772580473691,-0.007587230559143114,-0.007366559711205165,-0.00665747415692428,-0.005722136627633661,-0.004730087031964319,-0.003776545811075886,-0.002924092740479254,-0.0021984829056062114,-0.001600663131468797,-0.0011268780524993484,-0.0007620179010639849,-0.00048826958386387234,-0.0002907091354167553,-0.00015249026303268832,-5.9417544969498216e-05,-6.497269122372244e-07,3.373619569669655e-05,5.130933963526229e-05,5.751424431975772e-05,5.664286976785592e-05,5.166393884877084e-05,4.469587525004894e-05,3.7305752041236024e-05,3.0167157477990864e-05,2.3467118936936232e-05,1.748331513708357e-05,1.2584445529797991e-05,8.900406833054093e-06,6.0680401057421985e-06,3.873895740971315e-06,2.2186328841384946e-06,1.1081145757308768e-06,4.19916155389997e-07,-1.3862147161637602e-08,-2.882243163158166e-07,-4.5357904833640126e-07,-5.157397513593125e-07,-4.923896287534162e-07,-4.4790823360262375e-07,-3.8963830653507885e-07,-3.2362103153200897e-07,-2.553290269275225e-07,-1.8966634540861177e-07,-1.3096847401515118e-07,-1.0416894058513391e-07,-1.347687039398352e-07,-1.831867374370627e-07,-2.180399602846418e-07,-2.186803696473953e-07,-1.7519504064714385e-07,-8.840612636270468e-08,3.012914217010696e-08,1.5811845595847844e-07,2.6253442805259866e-07,2.9961459354566334e-07,2.516861527223166e-07,2.8070624176943954e-07,3.55713430345991e-07,4.2147137734608373e-07,4.3967030662362744e-07,3.889270069923329e-07,2.6478483222571154e-07,7.971370105706934e-08,-1.3688990282047774e-07,-3.3870293075402425e-07,-4.6247576913086246e-07,-4.3649160946940975e-07,-4.1971181480597234e-07,-4.56839849565166e-07,-4.953824114478101e-07,-4.983839058390251e-07,-4.4442644580823136e-07,-3.2762985210915065e-07,-1.5765165317980074e-07,4.031291485749063e-08,2.2553090819610676e-07,3.417316753451175e-07,3.4221829996108157e-07,3.0848856299736235e-07,2.6418337998607087e-07,2.1677253065389318e-07,1.7182702607101247e-07,underdamped,5.318437879599099
1.0,0.9557699909039765,0.8475378676937887,0.7062769441650889,0.5548027707026597,0.4091294947346037,0.2793956504998533,0.17090956980686364,0.08525145482758617,0.02169027361180481,-0.021909797881775946,-0.04884426059528151,-0.06254395183380154,-0.06638064828945485,-0.06344055164711578,-0.056238236009677985,-0.04685485989751078,-0.03679612410607674,-0.027126428918510033,-0.0185170548074638,-0.011320317450895748,-0.005638356098597107,-0.0014243882517984557,0.0014647980005187472,0.0032491902578493416,0.004155680703901711,0.004407765677466672,0.004211287165631985,0.0037320722342245065,0.00310844047990662,0.002440594591797274,0.0017986646202263275,0.0012273332264603218,0.000749827293093827,0.00037325009725395705,9.366707751144428e-05,-9.791035136678335e-05,-0.0002155792912308463,-0.00027606566118484123,-0.00029316961422779306,-0.00027972607666093655,-0.00024796296114193656,-0.00020661590853790778,-0.0001621442217111127,-0.0001194822123267929,-8.152952255684079e-05,-4.982180593731313e-05,-2.4791585446066626e-05,-6.196069955960925e-06,6.537216051420124e-06,1.411421780799805e-05,1.7970752819141212e-05,1.9298279448153362e-05,1.8810705729316638e-05,1.6800886418113984e-05,1.3977239795766928e-05,1.0983573882046332e-05,8.162493112817642e-06,5.642701651413621e-06,3.4806776751466205e-06,1.7807289996110538e-06,5.08507620821558e-07,-3.816561364153945e-07,-9.45619908788257e-07,-1.1970254313263795e-06,-1.1143659483075894e-06,-9.034213543369098e-07,-7.189003234921365e-07,-6.442087760552512e-07,-6.914498785124321e-07,-8.014240435540457e-07,-8.436289300746463e-07,-6.772891124116072e-07,-4.776194601328306e-07,-3.04955867589206e-07,-1.7456425152432113e-07,-9.016550370435788e-08,-4.393549091810018e-08,-1.6505054976928188e-08,2.1904412007132885e-08,3.756372292720215e-08,1.96926591404044e-08,-7.0453850153884296e-09,-2.5149171474827447e-08,-2.4279618445085162e-08,-1.2598004058568145e-09,3.992505189063861e-08,8.812755141966151e-08,1.2503815488395002e-07,1.2554698130340407e-07,8.291555660804006e-08,2.4507864123065847e-08,-2.6336723902851287e-08,-5.4122143960886354e-08,-5.119564128205141e-08,-1.774776983719907e-08,3.818760766298107e-08,1.0073331976795734e-07,1.461688862873626e-07,1.4293051829098686e-07,underdamped,4.134278755165306
1.0,0.9556670350579134,0.846874659151998,0.7045244700790941,0.5515616511061661,0.40426074384109306,0.2730223751100314,0.16332387711820276,0.07690771691767329,0.013111027115216778,-0.030263027145613533,-0.05657059653923423,-0.06932895466551803,-0.07202805340050909,-0.06786702007836011,-0.05945257251076638,-0.04894606640952277,-0.037908156924348645,-0.027436331580561656,-0.018213924922048444,-0.010587160352882428,-0.004641670981389734,-0.0003057242602940678,0.002592672621971102,0.004303727176923966,0.0050822502761768635,0.005175277425028195,0.004810031440484221,0.004166896797042739,0.003394717315598748,0.002600587770450629,0.0018576194075165717,0.0012106918535991554,0.0006812325616849129,0.0002733523492681729,-2.0858270954091313e-05,-0.00021410320169733358,-0.00032409361330621567,-0.0003709862773808218,-0.0003713730319598316,-0.00034037700401409526,-0.00029180987287765766,-0.00023539938707492394,-0.00017829841142024436,-0.00012565634988447353,-8.031403315295117e-05,-4.361498356765136e-05,-1.5589887705399032e-05,4.3718472679158635e-06,1.718414689932964e-05,2.4003755329444546e-05,2.665032160475069e-05,2.650283779039347e-05,2.436015386360078e-05,2.0698176312706545e-05,1.6511416861477376e-05,1.2409003527608113e-05,8.710195303140467e-06,5.498379949794065e-06,2.913557534656767e-06,9.559416590025318e-07,-4.332173019324811e-07,-1.3291997108262221e-06,-1.8017465037996286e-06,-1.8120691452935958e-06,-1.5846359083085104e-06,-1.3273329845371843e-06,-1.159092321541254e-06,-1.1098916227511785e-06,-1.1207543474662474e-06,-1.043749710854569e-06,-7.762909309864909e-07,-5.192858664550695e-07,-3.0767951869189363e-07,-1.5265264018458137e-07,-5.271221858924694e-08,6.308523269504017e-09,5.1250127398567194e-08,8.606432258843188e-08,7.128262167461462e-08,3.6900164075252636e-08,7.112242328697748e-09,-2.9463636032767028e-09,1.2798613664527304e-08,5.136092894073063e-08,1.0069382445737978e-07,1.396900298699408e-07,1.3694678564094165e-07,6.170085477432468e-08,-4.893850480652996e-08,-1.537133929282559e-07,-2.2275814316329395e-07,-2.375993228298881e-07,-1.9115573299209219e-07,-8.773840845976899e-08,5.6949382211412805e-08,2.1581213671998345e-07,3.503621190186524e-07,4.1071935931433696e-07,3.4696748803617845e-07,underdamped,4.060123422908017
1.0,0.9576462268118398,0.8593659746432623,0.7363371864682982,0.6090808105496782,0.48906953741482195,0.38244256948288236,0.2920096847132249,0.21751043412853183,0.15813216401390112,0.11194443524948262,0.07678177918056694,0.050793193941566755,0.031981817698811435,0.018726588860686597,0.00972034134102581,0.003811948095961167,0.00013389309677061008,-0.0019745447285504886,-0.0030254950160745453,-0.0033924086508362985,-0.003339823124457674,-0.0030489108459734546,-0.002647706702730531,-0.002212470245987108,-0.001792022217253103,-0.00141335500361849,-0.0010864903751530808,-0.000815990489374523,-0.0005979973503242204,-0.000426582147119082,-0.0002959765051931837,-0.00019822550968003402,-0.00012676891076628062,-7.631793512844111e-05,-4.152413812712853e-05,-1.8301912985969486e-05,-3.672254794260775e-06,4.967969009028611e-06,9.528032633062025e-06,1.1402498700814958e-05,1.163785562827169e-05,1.0946863109166405e-05,9.648860344113822e-06,8.050465984292164e-06,6.452535008835047e-06,5.117968034573667e-06,4.030669228520972e-06,3.082006526179665e-06,2.228260045012932e-06,1.491362876814774e-06,9.589010877099818e-07,6.419419442486943e-07,4.218817021394783e-07,2.571494780458169e-07,1.2466211025678358e-07,1.9822728064188234e-08,-4.3479248237428405e-08,-5.9491940340908317e-08,-6.788857155112793e-08,-7.049830014618986e-08,-6.760646461216066e-08,-5.98859090417421e-08,-4.8396983134270774e-08,-3.458754219571865e-08,-2.0292947138692607e-08,-8.13080895280147e-09,-1.5262600333168254e-08,-3.881333940623053e-08,-6.592303018434283e-08,-8.66282900338194e-08,-9.386234967493398e-08,-8.345505318192035e-08,-5.4132857982971634e-08,-7.518834860240659e-09,5.186733205015981e-08,1.1660934525815824e-07,1.76394293919723e-07,2.1801265383686206e-07,2.2535828745762343e-07,1.7942844387609754e-07,8.503626506112796e-08,3.98026893644251e-08,2.488808185570047e-08,1.399409673386031e-08,-8.953375090572066e-09,-4.98042059954527e-08,-1.0418403164702116e-07,-1.574942509998982e-07,-1.849120262970834e-07,-1.5139028306996273e-07,-9.10979792428148e-08,-6.460435204550982e-08,-5.003957253977406e-08,-3.275418457314947e-08,-5.533598214614881e-09,3.1401910245414055e-08,7.039719829508129e-08,9.636225720109733e-08,8.677221200873077e-08,underdamped,5.534615420012841
1.0,0.9565845437416569,0.8527360254620935,0.7197673463661132,0.5794645103434024,0.44590042284500736,0.3270510001485272,0.22710716458218047,0.14690605836405,0.08520458341818835,0.04016890364443863,0.009002650992386785,-0.011074744511330451,-0.022600905162372058,-0.027955598708259338,-0.029017269774350533,-0.027340333806152042,-0.02410612345271979,-0.02015836415371272,-0.01608792729744704,-0.012274062351628909,-0.008922523305301607,-0.006118554170502121,-0.0038896963991320813,-0.0021965784047805453,-0.0009664548074973228,-0.0001279755819699113,0.0004022981521578121,0.0007002679611336656,0.0008275177170996372,0.0008401445771674821,0.0007805079762655269,0.000680568145870804,0.0005639082796246315,0.00044627449533498524,0.00033747506084235357,0.0002426512987219894,0.00016440386083779992,0.00010306037723154436,5.6431651247991884e-05,2.2528600521139338e-05,-1.2041194296641807e-07,-1.397336379155752e-05,-2.1565779873171983e-05,-2.464249704776742e-05,-2.444928102548868e-05,-2.2352773693802383e-05,-1.929973580634304e-05,-1.5872110348823815e-05,-1.2451593957634336e-05,-9.341045412315981e-06,-6.646134359082659e-06,-4.42357679995897e-06,-2.6869464001066006e-06,-1.5500433715262741e-06,-8.374611128223936e-07,-3.132124445834008e-07,1.5913758184931755e-07,6.164716843814144e-07,9.961203501655983e-07,1.1358618356016087e-06,1.0097371733494796e-06,8.427254090121432e-07,6.758064086785365e-07,5.316843184020473e-07,4.159425943702893e-07,3.170440029051025e-07,2.1338938580036638e-07,1.5396169137913875e-07,1.2915551679989314e-07,1.1166817297853413e-07,8.399031182071673e-08,3.8405926221845714e-08,-2.3007649932924087e-08,-8.837974176868702e-08,-1.3604633342078722e-07,-1.3601364503422646e-07,-8.951849173874953e-08,-2.7626142970478058e-08,2.579748782393753e-08,5.4580501172081434e-08,5.024501157576789e-08,1.2007147511046304e-08,-5.322294857180401e-08,-1.3084112024826738e-07,-1.9854919711959998e-07,-2.263549948128195e-07,-1.767387630428085e-07,-1.6989458324199286e-07,-2.72552381932716e-07,-4.05836867384982e-07,-5.097382167396881e-07,-5.431120760086157e-07,-4.836795600744422e-07,-3.2802725269073434e-07,-9.160720648195186e-08,1.9126305705656553e-07,4.6740054755857073e-07,6.647568057869441e-07,6.927476084519338e-07,underdamped,4.73058364642133
1.0,0.9534712330939328,0.8321566838654031,0.6642695821380795,0.47523508290957517,0.2862106754889243,0.11471707186047592,-0.028127050976642747,-0.1363459604457238,-0.20782417771883913,-0.2445646312127279,-0.2511721689264806,-0.2339550068731163,-0.1997487725319817,-0.15539139283193865,-0.10732152435908401,-0.06054238183305187,-0.018885775014176015,0.014965792153182195,0.03983762317211811,0.05554629086667441,0.0627319302722951,0.06269178979313242,0.057067307879673984,0.047650260685525886,0.036096138554319646,0.02392770673555135,0.012408607320605818,0.0023751367196332964,-0.005606344377888045,-0.01127069612824759,-0.014652267180096256,-0.015963101303581244,-0.015553205198510292,-0.013846552915093666,-0.011291311926840063,-0.008313652250068828,-0.0052623822989817885,-0.0024320993841069286,-3.075503073774952e-05,0.0018338834231149247,0.0031132041438997815,0.0038235994044734513,0.00403245003369064,0.0038349291233798163,0.0033409026410647865,0.0026591346786028047,0.0018946221079549181,0.0011363125190172675,0.0004467944945071321,-0.00012684716789575158,-0.0005583548931146342,-0.0008429411810716091,-0.0009880571665347394,-0.0010120388405681002,-0.0009401949657168857,-0.0008006407815072422,-0.0006218917577868208,-0.0004279110693053621,-0.0002391622084746302,-7.238651995735801e-05,6.285997518931082e-05,0.0001623404077260491,0.00022477234620016604,0.00025287815683949603,0.00025209031393883555,0.0002290103201553526,0.00019088115106795085,0.000144300465867643,9.517691504597618e-05,4.8887562146891504e-05,8.94505008086345e-06,-2.2957199039852126e-05,-4.564363719735971e-05,-5.9029445979748506e-05,-6.407753024668332e-05,-6.229440622734322e-05,-5.5358994494694265e-05,-4.51216903563934e-05,-3.319826144632172e-05,-2.0890330755326717e-05,-9.46922791706751e-06,6.235634837230579e-08,7.2812420731452885e-06,1.230353987771031e-05,1.5151545525798177e-05,1.5994553024839704e-05,1.5190316243673408e-05,1.3203688825806055e-05,1.0486995069352652e-05,7.381028764898085e-06,4.355535496834936e-06,1.716831213600586e-06,-4.028024314229242e-07,-2.037967950411267e-06,-3.1652819443365445e-06,-3.7526671680998266e-06,-3.850869365357031e-06,-3.559235665843216e-06,-3.025714585372555e-06,underdamped,2.539280669943971
1.0,0.952872647670393,0.8279354688767284,0.6522133928589822,0.45167411058006757,0.24872889732038728,0.06276891317268579,-0.09227200922412981,-0.20902867668228753,-0.28405020177744555,-0.31851290780355457,-0.3173369723081724,-0.28757109085217714,-0.23745456395230208,-0.1754135095815298,-0.10957729041451418,-0.046692050320864875,0.008315639916319603,0.05181452724424625,0.08207529544857484,0.09903374084241262,0.10367787211265991,0.09797474217914208,0.08446471565720294,0.06593319144715257,0.04501065053154324,0.024032420385851752,0.004999702068749376,-0.010772763112249985,-0.022523093554168643,-0.029922671652524893,-0.03315799748654912,-0.032751252622140486,-0.02944852191156391,-0.024108030814557275,-0.01760952836030038,-0.010788847993071548,-0.004311865780310713,0.001303468328502845,0.00569571247874941,0.008716908506012132,0.010360569165613853,0.010739513387835012,0.01006761907026075,0.008611525463233896,0.006658249219574099,0.004476328189939778,0.0023119884533652863,0.00036471865416718395,-0.001239266219457144,-0.00241951425229796,-0.0031475897115795597,-0.003448464308968613,-0.003377485880562183,-0.0030131069818265725,-0.0024452819124955137,-0.0017655820757949273,-0.0010591173408499817,-0.00039291036445822483,0.00017970355868587287,0.0006229404609062862,0.0009237259147556133,0.0010823449755026954,0.0011112927394990285,0.001033520153586983,0.0008768690985874425,0.0006713886129703817,0.000444656963697813,0.00022102827042063728,2.164697303693407e-05,-0.0001403197448559038,-0.00025868603243081405,-0.00033044033310027587,-0.0003578774309041539,-0.00034754570926558473,-0.00030763685736581297,-0.00024763277417070125,-0.00017672894469693322,-0.00010317988416176679,-3.486818980191848e-05,2.282907449820224e-05,6.73858268074316e-05,9.735457944012818e-05,0.0001125264616762283,0.00011436630896634823,0.0001055465321300817,8.88365643646367e-05,6.737273575663992e-05,4.398310964237873e-05,2.1004189916552663e-05,5.718308669018285e-07,-1.572705571945741e-05,-2.728391620234933e-05,-3.4270332162091014e-05,-3.6809793026652944e-05,-3.546568539560402e-05,-3.10991258204712e-05,-2.481002302636346e-05,-1.751836486034922e-05,-1.005832218880128e-05,underdamped,2.1436375391379086
1.0,0.9539954175156253,0.8357844789555527,0.6744232280364075,0.4947779691245449,0.31705167205517215,0.15682741562499408,0.02333532552916394,-0.07844859531590218,-0.14747459197518056,-0.18608873524491287,-0.19861776034212222,-0.1906250597623201,-0.1678754805939148,-0.13617035313417145,-0.10063576374060883,-0.06520529287921899,-0.03304600799327287,-0.006166551346241159,0.01447352973023332,0.02861161088254461,0.036650228516016084,0.039433372298385984,0.0380694710291848,0.03371725722204458,0.027493473858451394,0.020449964565787727,0.013398656390303326,0.00694887694413545,0.0015314436918650916,-0.002649346740141982,-0.005540635738892018,-0.0072124301457149875,-0.007827529298952142,-0.00759963840438567,-0.006767381341337153,-0.0055505764686692395,-0.0041537098185879355,-0.002749905383691301,-0.001458826363199557,-0.0003663453443723001,0.00048020918370075133,0.0010707384553008026,0.001417921496923561,0.0015527755783306166,0.0015169574654149056,0.0013571197300986991,0.0011198912280049166,0.0008440265371816185,0.0005636363860971037,0.00030560116223601874,8.591817513139051e-05,-8.588292060820736e-05,-0.0002064282719698868,-0.00027832016676647664,-0.0003075209531878657,-0.0003025533687499321,-0.00027237068238282594,-0.00022557045234473892,-0.00017092414334529593,-0.00011563382375107093,-6.420097549505741e-05,-1.9890621979859192e-05,1.487140955709241e-05,3.940835452057446e-05,5.434038469013493e-05,6.071428359322334e-05,6.018903313336526e-05,5.4531609116089324e-05,4.5367899704247106e-05,3.442799520478711e-05,2.3433528005502402e-05,1.3438127642192323e-05,4.82217410293441e-06,-2.2206943652300706e-06,-7.2863375554236266e-06,-1.0382725157758038e-05,-1.1740234818841244e-05,-1.1761663591890137e-05,-1.0704772439326902e-05,-8.987770081784482e-06,-6.969935885160683e-06,-4.898411257789777e-06,-2.904903580522968e-06,-1.0534649756162345e-06,4.5287377176490905e-07,1.4768924755805997e-06,1.994235453514045e-06,2.0934115269714128e-06,1.9757940210818556e-06,1.840979094061759e-06,1.5702307416800682e-06,1.2288811493665924e-06,8.807390357852674e-07,5.647128502751933e-07,2.948107728505935e-07,6.248110409789399e-08,-1.2106159583475871e-07,-2.472826473257169e-07,-3.196657339921253e-07,underdamped,2.8921860963491817
1.0,0.9573558216493933,0.8576957982151048,0.7320225257131917,0.6011368421172716,0.47779637936063046,0.3679581658048283,0.27499325086409426,0.19918564413357476,0.1390987306864395,0.09317419513858366,0.059013348925745876,0.034359146755153724,0.01730636490744929,0.005963018173153759,-0.0011473033388841088,-0.0052016546003035855,-0.007168663242132514,-0.007758443512271788,-0.0074960170789798546,-0.006752129869366776,-0.005788464455126764,-0.004774293685253897,-0.0038038122416123497,-0.002938660630755657,-0.002204222622096152,-0.0016004200040146905,-0.0011227814242661031,-0.0007558651110821645,-0.0004812068059071642,-0.00028350388901160977,-0.00014572267322679586,-5.336642964204623e-05,4.564652803847985e-06,3.8062759910505306e-05,5.4788052871019226e-05,6.0237865616500976e-05,5.871488366551288e-05,5.318750593573635e-05,4.57729096378964e-05,3.802762306085529e-05,3.0643634364605995e-05,2.3764135407886965e-05,1.7635802888686318e-05,1.2611359931602662e-05,8.858956351402649e-06,5.995588256583939e-06,3.7927547045515137e-06,2.1375098491264424e-06,1.0256492830658243e-06,3.4446283351863394e-07,-7.821782196516514e-08,-3.398583294194696e-07,-4.936432504992815e-07,-5.484760624807034e-07,-5.175202920560879e-07,-4.673787024572375e-07,-4.047460080164402e-07,-3.346668480522674e-07,-2.6223785840689706e-07,-1.9260767144611806e-07,-1.3097691605932736e-07,-9.882676700580141e-08,-1.259906257148449e-07,-1.7404534372400188e-07,-2.107351777504386e-07,-2.1456935719368678e-07,-1.748220841356436e-07,-9.153253334057087e-08,2.4495147744904583e-08,1.5169183899179024e-07,2.57723447588727e-07,2.994909080419948e-07,2.5091481477087543e-07,2.740684639113341e-07,3.4788231058308565e-07,4.155148313847703e-07,4.3724922394907825e-07,3.90493406942753e-07,2.6978002006659144e-07,8.676642405543955e-08,-1.2976529932179583e-07,-3.3390834726216664e-07,-4.6263119592866617e-07,-4.4094750914075904e-07,-4.177842025730955e-07,-4.5168250890996455e-07,-4.892718799355738e-07,-4.928401159992915e-07,-4.4033336601564555e-07,-3.2535612746432496e-07,-1.5717124639017428e-07,3.9300082596792595e-08,2.234783163214133e-07,3.391255630433532e-07,3.38749279620741e-07,3.042983936929098e-07,2.5989526385478596e-07,2.1276116270891863e-07,1.6827552645296222e-07,underdamped,5.311558384314317
1.0,0.95453817136813,0.839458130313944,0.684553369939985,0.5141052848906069,0.3471520090442765,0.1973770199162418,0.07254202387324708,-0.023493000581138596,-0.09048349581417792,-0.13085133647915342,-0.1486597749674866,-0.14871267561262627,-0.13585868331630702,-0.11495752040915655,-0.09003837938954276,-0.064318167900565,-0.04031064217475653,-0.019562914288072837,-0.0029496801801629814,0.009242426345247905,0.017212588439208358,0.021463386339024417,0.02268513013147036,0.021600327340763215,0.018959044682209047,0.015435518789800567,0.01156309984788325,0.0077845323285477145,0.00439821610470287,0.0015814045596964869,-0.0005794964941454673,-0.0020830374027769496,-0.002983962315460592,-0.0033773035243902898,-0.0033693922521614217,-0.0030716330739859778,-0.002594775515067463,-0.0020282312451275087,-0.0014450733122077937,-0.000902057590232134,-0.0004335147105574779,-5.9033669933623335e-05,0.00021511187464746614,0.0003936561001829958,0.00048804612064617844,0.0005143895538537299,0.0004889718935971337,0.0004280813216037162,0.00034787345509365846,0.0002605763448388849,0.0001749139521676704,9.828257550602369e-05,3.486077702622914e-05,-1.3842682784088634e-05,-4.768195266386261e-05,-6.791820795159186e-05,-7.660761405477105e-05,-7.605114621879417e-05,-6.919117398104998e-05,-5.855034532208664e-05,-4.5908963828182665e-05,-3.266263900930098e-05,-2.0323050213523306e-05,-9.828104165279939e-06,-1.5060934390368445e-06,4.710141370006691e-06,8.771484923816091e-06,1.094182816449792e-05,1.1560981775404675e-05,1.1002978756354077e-05,9.5085817265534e-06,7.587583121246879e-06,5.653346867076287e-06,3.9307938321987726e-06,2.4564018262868693e-06,1.1027270586667119e-06,-2.30453613877028e-08,-8.285060989623299e-07,-1.3159305106211558e-06,-1.5255997983095386e-06,-1.5358010093541842e-06,-1.4397430271336543e-06,-1.2095570615936102e-06,-9.203262227707635e-07,-6.463432709741194e-07,-4.3011041347674307e-07,-2.823393045157248e-07,-1.819510452922e-07,-7.744810261410792e-08,3.245162037022855e-08,1.1584553705017059e-07,1.6333130420583302e-07,1.7219385929117364e-07,1.464054204339873e-07,9.66254864359078e-08,4.0200836772406424e-08,1.1655315927958672e-09,4.520373020644047e-09,1.5915990808387825e-08,underdamped,3.264144948595355
1.0,0.9550341059236418,0.8427509777676134,0.6935018943019535,0.5310035700407438,0.37311346606811646,0.23196532098455114,0.11422224141030997,0.022749603685538244,-0.04269468305899027,-0.0845110542876746,-0.10644298644898434,-0.11264477592834961,-0.10737343351216333,-0.09466386100931048,-0.07777968563723928,-0.05946886166235623,-0.04171695702082886,-0.025843780271928515,-0.012637137328673491,-0.002393438421432286,0.004926466102532447,0.009595588940303146,0.012019538180299673,0.012689550406725706,0.012076461583364801,0.010626318141361394,0.008722989150371317,0.006658009869502061,0.0046608588410005395,0.002879234102551752,0.0013973347194987853,0.00024983099321288687,-0.0005680649125487665,-0.0010877303806938062,-0.0013576458679790712,-0.001429366748355556,-0.001357786718738187,-0.0011940158448754696,-0.0009784449183230302,-0.0007458148361105239,-0.0005212887565511411,-0.0003209604549156178,-0.00015467707134514012,-2.615598092482199e-05,6.515656458094314e-05,0.000123187063299978,0.0001532660155721195,0.00016099484537404095,0.00015249576957691486,0.00013401465935065056,0.00011008550543507022,8.385433825565886e-05,5.850819101190871e-05,3.604400114792511e-05,1.7372671811326207e-05,2.9221107948813263e-06,-7.372198308361428e-06,-1.3902233977787615e-05,-1.7245904822908207e-05,-1.793040888618938e-05,-1.6892629990950673e-05,-1.4905691355476832e-05,-1.2438714382699038e-05,-9.658021497158796e-06,-6.784770660170091e-06,-4.207456112182444e-06,-2.1039588575375066e-06,-5.203239887318662e-07,6.292393135828311e-07,1.4033344738344827e-06,1.8014538963209377e-06,1.9331134949590634e-06,1.8830174915314313e-06,1.7108383175330918e-06,1.450625921215699e-06,1.0614379117738287e-06,6.19689770637412e-07,2.4495865405330413e-07,9.322129931285594e-09,-6.264182215594695e-08,6.145189027235448e-09,1.4526196637938204e-07,2.3678772446196705e-07,1.601572866172187e-07,6.237485452117159e-08,-1.2209242990867299e-08,-5.8752169263633817e-08,-7.741320630999419e-08,-7.335375481094629e-08,-5.673733411562093e-08,-4.272958224128107e-08,-4.600663775765733e-08,-4.583003532153546e-08,-4.06996662938547e-08,-3.4106302974371604e-08,-2.821209465952448e-08,-2.3850567642433886e-08,-2.052662521290177e-08,-1.6416547657412478e-08,underdamped,3.61003643663507
1.0,0.9543583467876249,0.8382495164759163,0.6812374576655749,0.5078001212590204,0.33737998658574436,0.18426772940843755,0.05667264614208446,-0.04117262585785866,-0.10879125560096836,-0.1486051780892963,-0.16476029723625896,-0.16229757633423078,-0.1463586851904751,-0.12211463872060055,-0.09390545230802562,-0.06517061891254002,-0.03863084509082352,-0.01595227816856707,0.0019572126626455286,0.014819448024641926,0.022900542742544168,0.026800968121980552,0.027332887244519093,0.025342346921232824,0.021694924772684185,0.017170851195585073,0.012378363543050228,0.007817343934894128,0.003822089425321196,0.0005777857375440232,-0.0018340833905893163,-0.003430521774465088,-0.0042949552394133715,-0.00455472534496554,-0.004349607733689002,-0.003820935838705292,-0.00310705096206651,-0.0023180938860762126,-0.0015412840744322702,-0.0008430845294225705,-0.000261346096697985,0.0001852217003581809,0.0004941310744495718,0.0006761703731337958,0.0007499431167491909,0.0007393236941565589,0.0006674986822209385,0.0005567740115922284,0.00042841855318852105,0.0002981308349788248,0.0001769527734995767,7.346745819459811e-05,-8.113832467978308e-06,-6.690699974931259e-05,-0.00010394046332242735,-0.00012191331985146508,-0.00012437216449019667,-0.00011517938593668077,-9.872875011727666e-05,-7.846791058760581e-05,-5.6786994389924855e-05,-3.592868093298423e-05,-1.7722319877615306e-05,-3.0684275547722585e-06,7.950602911969241e-06,1.530782865746919e-05,1.934454516980519e-05,2.060510108038266e-05,1.9731049188974296e-05,1.7236947955966083e-05,1.3926210710099461e-05,1.0443580240907176e-05,7.158476700418634e-06,4.164997603159802e-06,1.5045292883450119e-06,-5.767274158802196e-07,-2.0128187039137607e-06,-2.833201027050307e-06,-3.1620521103970424e-06,-3.1737456708863447e-06,-2.87680713234885e-06,-2.4058648465659826e-06,-1.8809333156312167e-06,-1.3755156216013458e-06,-9.166034264964166e-07,-4.854433359696586e-07,-7.765111187064771e-08,2.4705716476341457e-07,4.482341926136664e-07,5.137148728784691e-07,4.596163092733818e-07,3.3033780803117205e-07,1.9856087790180967e-07,1.5541581760210336e-07,1.3919730267956583e-07,1.1528117252640509e-07,8.881704274733964e-08,6.291861673309421e-08,3.866368566040306e-08,underdamped,3.1401561151857695
1.0,0.9537190685497525,0.8338824595061657,0.6691187051922125,0.48458792939530104,0.3010141509424379,0.1350055252652051,-0.0032865500998978184,-0.10834708811693766,-0.17859627291678087,-0.21624100306647698,-0.22574891077002232,-0.2130852168366815,-0.18455718949250005,-0.14647988690497932,-0.10464923709745531,-0.06350935613604038,-0.02656569745985681,0.0038382127718458725,0.026664661854701285,0.04167786497570536,0.049397714808260336,0.050898463101392365,0.047543718455358486,0.04080146322514476,0.03203979182549993,0.022543023287206566,0.01334162217671301,0.0051423199775935844,-0.0015486872744143645,-0.006496824788112618,-0.009690579648672488,-0.011264077708641358,-0.011463312443691932,-0.010598141776746058,-0.009005814994898787,-0.007000178668676525,-0.004849237151447845,-0.0027864357007197508,-0.0009724501824035255,0.0004968937593743225,0.001569951384881899,0.0022468632017453916,0.002563094912754572,0.0025776994102987413,0.0023608169962745624,0.0019857639151459453,0.0015257217741863434,0.001041542168914274,0.0005796798787073485,0.00017740515800376193,-0.0001438203538418226,-0.0003760583895955727,-0.0005194519800353851,-0.0005823977066539091,-0.0005786576180630845,-0.000524721625695388,-0.00043762054089127947,-0.00033233255388719844,-0.0002225434213518486,-0.00011985945146465553,-3.132203102294952e-05,3.9204582376376276e-05,8.935298175866786e-05,0.00011947459443144271,0.00013186281143556116,0.00012960377798930639,0.00011651381732918449,9.626260944331544e-05,7.215496618416825e-05,4.7472196565391767e-05,2.472615029920809e-05,5.261168789980262e-06,-1.0175907217184118e-05,-2.1008022815994942e-05,-2.7308936335390465e-05,-2.968076149244925e-05,-2.8864944351256122e-05,-2.568496976132885e-05,-2.1047198478686954e-05,-1.5694251417042586e-05,-1.0183892436629612e-05,-4.992857684396502e-06,-6.473582088796987e-07,2.5844777069464532e-06,4.7145568266986036e-06,6.002582356488559e-06,6.4849272031487695e-06,6.274547084391071e-06,5.559130961138469e-06,4.5237374442312e-06,3.348560715390415e-06,2.0653779380163257e-06,8.289284631673977e-07,-1.6400005634410992e-07,-8.11190919328837e-07,-1.1049983762202354e-06,-1.1323476290745732e-06,-1.0747348315709666e-06,-1.0375633034005452e-06,underdamped,2.7053730535129787
1.0,0.953778119956643,0.834290821334221,0.6702610279750942,0.4867859316845142,0.3044823696553799,0.13973828196169308,0.0024954702131816525,-0.10184369451245986,-0.1718191111949819,-0.2096745391317636,-0.2198466767823885,-0.20821639311715395,-0.18097048673447888,-0.14430835388860244,-0.10387923931284997,-0.06400831091209506,-0.02812675167131943,0.0014970631852181393,0.023848573342355774,0.03868303237377162,0.04649388798597953,0.04830479911728662,0.045420246050102114,0.03923776372341108,0.031065831130412516,0.02213689292794516,0.013430936284046614,0.005630128618075275,-0.0007745161607893725,-0.005555365647407171,-0.008691137247469248,-0.010300639669918938,-0.0106095091717816,-0.009904051714120775,-0.008499075938969324,-0.006685532435811321,-0.004715782958954147,-0.0028098491567878792,-0.0011185498897157337,0.000264582544524604,0.0012882609534087043,0.0019499047740200637,0.002279130444477692,0.0023280358662540815,0.002159459503462681,0.0018399748503141247,0.0014365313411104615,0.0010045055600194038,0.0005872096183087254,0.00021963625765538872,-7.790402245731265e-05,-0.00029701017046186907,-0.00043676392657773116,-0.0005039312845144197,-0.0005102198949268339,-0.0004700726183880797,-0.00039843827027360133,-0.00030866197906641074,-0.0002131400379586068,-0.0001224602008971538,-4.311565732454028e-05,2.1201451262021337e-05,6.80295587536235e-05,9.738451440585388e-05,0.00011107313586273852,0.00011161700660370856,0.00010225615194672555,8.615485922679438e-05,6.61845946839128e-05,4.5211984762261114e-05,2.5545264242450532e-05,8.472308831642859e-06,-5.386955350427164e-06,-1.5420286417673075e-05,-2.1592088930200324e-05,-2.4319972423800468e-05,-2.4278336460613782e-05,-2.2071687955836364e-05,-1.8493630450366907e-05,-1.419863984736984e-05,-9.688188883727397e-06,-5.306743113151492e-06,-1.5037913609118478e-06,1.414438672953306e-06,3.3744516955626724e-06,4.5354848211914344e-06,5.1201326375349115e-06,5.102817104964642e-06,4.639885362261671e-06,3.884119323967249e-06,2.975292187570806e-06,2.0259010454433547e-06,1.0339864796267279e-06,1.4813115900133912e-07,-5.034401586706467e-07,-8.658568851246949e-07,-9.576026015939039e-07,-8.705150588090335e-07,-7.697861769984952e-07,underdamped,2.7451483965456323
1.0,0.9569220765103198,0.8549334751383076,0.7252370087849243,0.5891448352369888,0.46029611891598265,0.34558095550982726,0.24855346927630695,0.17039748313553227,0.10950650490696506,0.06387537714944277,0.0313423580726692,0.00913771591761571,-0.005030662998114799,-0.013162514597219524,-0.01704863962470931,-0.018037272334695993,-0.017198274633887036,-0.015326318704366673,-0.012975622725431912,-0.01052107145421656,-0.008201705743433941,-0.006152020759562546,-0.004417594558170014,-0.0030164103102718683,-0.0019336400337143596,-0.001122995124969183,-0.0005430911150319164,-0.00015091750768209578,9.909697950380067e-05,0.00024230516622920635,0.0003092258348899947,0.00032538611167360097,0.0003092166649854015,0.00027480535499124715,0.0002321503082021246,0.0001879681720598483,0.00014646144222267484,0.0001095279957227996,7.833727088791674e-05,5.3454017909742374e-05,3.426056598530448e-05,1.972899952461377e-05,9.207586417729366e-06,2.2750685873909075e-06,-2.0444976572573895e-06,-4.554968178313363e-06,-5.770037927859618e-06,-5.992692775999098e-06,-5.6336395046676185e-06,-4.978898728058641e-06,-4.208302592809809e-06,-3.410660052679019e-06,-2.6589252271391508e-06,-2.0279700215931982e-06,-1.4843345119687023e-06,-1.0104235657807386e-06,-6.06337014501323e-07,-2.8986965355942026e-07,-9.731775302474223e-08,-3.229356917980255e-08,-2.269971701692371e-08,-1.2489447199060452e-08,2.9563750689507112e-08,1.0986614814317368e-07,2.1000377773500886e-07,2.8674243311675706e-07,2.7268510377636204e-07,2.1705802997257822e-07,1.8281961695843856e-07,1.5559043169144423e-07,1.2578385430822056e-07,8.860607812451576e-08,4.4056109635202374e-08,-3.0742314857236146e-09,-4.320031238514184e-08,-6.14156452037997e-08,-2.3840849782536632e-08,5.185056060540516e-08,1.3094762715168556e-07,1.874329230878283e-07,2.0398255368521434e-07,1.7196615625508937e-07,9.144690014855671e-08,-2.8818513243414798e-08,-1.713798504900023e-07,-3.100933461205119e-07,-4.101217026243961e-07,-4.279340904512447e-07,-3.160843182105096e-07,-2.621365407660771e-07,-3.088574985406249e-07,-3.678055336144361e-07,-3.781096900122353e-07,-3.064697137031852e-07,-1.4715605260088843e-07,7.799014343661871e-08,3.195570226068475e-07,5.005620311628842e-07,5.164519134133671e-07,underdamped,4.982824906845229
1.0,0.9520758020118371,0.8224522105739509,0.6358950355015673,0.418361049771251,0.19463972671172575,-0.013081156444263053,-0.18801782898026545,-0.31906802635541104,-0.4002672920901482,-0.43185324518299806,-0.4184306143497161,-0.3679312704450234,-0.290774972406611,-0.19822792097942016,-0.10132467878025875,-0.009553995800376996,0.06916433375992637,0.12931341761079043,0.1683880216925752,0.1858350479881159,0.18324991233853016,0.16398712160785184,0.1323692340088304,0.09319464298844,0.05121537415087661,0.010900151133651975,-0.02428336393933523,-0.05192573820787782,-0.07049481467839769,-0.07965718951923821,-0.08002462822364655,-0.07286207289231321,-0.05998325898709548,-0.043464449034173125,-0.025417430758141166,-0.0077289242661018175,0.008002981380199153,0.020579688729667575,0.029343372553431765,0.03403899272247452,0.03483839453038945,0.032271622428938565,0.02708634996700856,0.020159015099462444,0.012394627692592924,0.004664782175183187,-0.0023236754535027036,-0.00804644990593971,-0.01214149898305533,-0.014479724718630856,-0.015118877740453122,-0.01424817814883439,-0.012179183108761838,-0.009289130688460476,-0.005973992857360152,-0.002602614978785761,0.0005003256780124433,0.0030820785926961294,0.00498789739182898,0.00613831212016358,0.006540086511830285,0.006272117975328659,0.005459761946687009,0.004260794788425397,0.0028454236057467858,0.001381540553078031,1.1260728797817069e-05,-0.0011545009200968522,-0.0020334927251530227,-0.002588376555388486,-0.0028194240904156477,-0.002751910195460749,-0.0024374137723807794,-0.0019436214800005727,-0.0013439786118157754,-0.0007096467337409788,-0.00010428560616296712,0.00041732388366033006,0.00082022033650027,0.0010867124090799866,0.0012110045492747606,0.0012030485466125022,0.0010844230293232764,0.0008827692435061666,0.0006293168111099346,0.00035513851106936046,8.98176503867764e-05,-0.00014297465092347086,-0.00032763018838554016,-0.00045387989589252317,-0.0005179979903286772,-0.0005241374328819385,-0.00048068814892355215,-0.00039899013915841895,-0.0002924205780129521,-0.00017455084525247764,-5.849489983598743e-05,4.51124427020098e-05,0.00012893898202964103,underdamped,1.628665181682434
1.0,0.9554828845599256,0.8456833748846344,0.7013620375218305,0.5456936181989755,0.3954176410514876,0.2614148593818033,0.1494831133169226,0.06167101183502685,-0.0025694107400610067,-0.04552122244881763,-0.0706501830988144,-0.08164094326474873,-0.08220004160383314,-0.0757436640205376,-0.06505242084761485,-0.05244063744815521,-0.03957588363658099,-0.027619057005014647,-0.017276817540876326,-0.008882631851792508,-0.002489937236078729,0.0020225156383659737,0.004883706739150393,0.006403319313583076,0.006891443031453453,0.006641435382853173,0.005921953077233551,0.00494189937017619,0.0038702742474319707,0.0028267683669268026,0.0018886750117660099,0.0011001806412758107,0.0004782029032839127,2.014060117655947e-05,-0.0002903979616248791,-0.00047463605543909577,-0.000558624837453094,-0.0005692113387275695,-0.0005284923408650706,-0.00045682332046642437,-0.00037079676888433424,-0.0002818149353000415,-0.00019840814142078208,-0.0001258313078974411,-6.652522143956912e-05,-2.1115126080027485e-05,1.1295034577370013e-05,3.217517379492675e-05,4.324684273921762e-05,4.707830671996916e-05,4.6048614075504866e-05,4.173304703160606e-05,3.512249925859738e-05,2.7683808596321816e-05,2.043110803010429e-05,1.390647400795544e-05,8.30683127695641e-06,3.852352878956971e-06,5.295655500305785e-07,-1.7551470655564942e-06,-3.1537123993699935e-06,-3.71626414375412e-06,-3.6825899956007292e-06,-3.3836872756907444e-06,-3.02444216428574e-06,-2.683629701127936e-06,-2.3139137854401983e-06,-1.7769120262254157e-06,-1.2185285719549264e-06,-7.408889080249351e-07,-3.731182234803469e-07,-1.180978241652353e-07,4.753486727713809e-08,1.7288895631495862e-07,2.384222288125268e-07,2.3626927337275863e-07,2.0808775907062527e-07,1.8201060812183617e-07,1.726459958828379e-07,1.810773508508139e-07,1.948633546636858e-07,1.8803794210011194e-07,1.3265263336574749e-07,4.972211505457626e-08,-2.9397834458735087e-08,-8.268213906527945e-08,-9.744602208294757e-08,-7.034500625642049e-08,-7.374913757174213e-09,7.612813381652369e-08,1.5548771543961372e-07,1.9668711066023812e-07,1.6241867122111252e-07,1.0774020631009476e-07,6.191970179534333e-08,2.7022334992006272e-08,3.041970861927471e-09,-1.2098837986356816e-08,-2.254885129761486e-08,underdamped,3.928150073954861
1.0,0.955709035094393,0.8471454467865102,0.7052407198262486,0.5528872474435665,0.4062533466968298,0.27563226483663555,0.16643145805887538,0.08032633865844521,0.01662678342340823,-0.02684028367349548,-0.053406320707516976,-0.0665526778107538,-0.06972081364943532,-0.0660631088342771,-0.05814826019817497,-0.04810445958009561,-0.0374695461209068,-0.027327317483641454,-0.018356114033385534,-0.010904729565924445,-0.005065657572925033,-0.0007775699952337727,0.0021195312184363437,0.003863275143253864,0.004696836297389967,0.004857455431690325,0.0045634990739338846,0.003989270197003324,0.003279280663045346,0.002537817118936297,0.0018367805601970648,0.0012210205277010146,0.0007127703736748109,0.00031744537765459094,2.880843168594758e-05,-0.00016426331349858202,-0.00027791561699659504,-0.0003308735930620633,-0.0003385771601390126,-0.000315162964433268,-0.0002737906732137702,-0.00022378998649667898,-0.0001720231896406601,-0.0001235619654573232,-8.128444399930484e-05,-4.662482994430646e-05,-1.9791755062012088e-05,-3.319013231583011e-07,1.252225589872809e-05,1.9721561338278492e-05,2.2924993874262186e-05,2.3439643646234327e-05,2.2035902759820486e-05,1.9091475235933834e-05,1.549123783446419e-05,1.1861381855434924e-05,8.535214590948725e-06,5.610022025090867e-06,3.1988967755258586e-06,1.3436558664157688e-06,-4.232392106248928e-09,-9.063389752522004e-07,-1.4365637596920444e-06,-1.5513919944190412e-06,-1.377028236334591e-06,-1.1323287196111862e-06,-9.548169624682793e-07,-9.006837671722709e-07,-9.447872200365288e-07,-9.806526914213748e-07,-8.314194395590211e-07,-5.925893229711177e-07,-3.817949538217885e-07,-2.1683518347930018e-07,-1.035551133796415e-07,-3.584609502652215e-08,4.35427000862453e-09,4.6677840524599524e-08,6.354619882234573e-08,4.199591919829498e-08,1.0041009488094725e-08,-1.2495504710683257e-08,-1.398158003854097e-08,9.023844625944806e-09,5.1770848166123885e-08,1.013185272272696e-07,1.3653499621658205e-07,1.2696432064021397e-07,5.7996949753414115e-08,-3.332591883744306e-08,-1.1371511725715056e-07,-1.600277595592771e-07,-1.592672417261752e-07,-1.0858324166897711e-07,-1.52717192275942e-08,1.0322508382928513e-07,2.1931864380418275e-07,2.952741550708529e-07,2.832105300742589e-07,underdamped,4.0903422245930114
1.0,0.952384867817665,0.824580907747,0.6422933374854101,0.43153214848864807,0.21623023014166215,0.01738106557282293,-0.14941518379165042,-0.274523272774054,-0.353043969861038,-0.38569359764449124,-0.3772764385575617,-0.33541167533233485,-0.26959516225555497,-0.18994795841073292,-0.10630497643012493,-0.026877416015853334,0.04170403325541239,0.09472019879071567,0.1301013870344353,0.14754162918677688,0.1483709825543943,0.13536433620050886,0.11206069019808709,0.0823434473460209,0.04997937497906479,0.0184839366977693,-0.009350933289072605,-0.03168330803152511,-0.04731902742483829,-0.0559213086395042,-0.05792886307671753,-0.05424775012710921,-0.046167900799821714,-0.035183160477404,-0.02281268510920281,-0.010423945939586093,0.0008597544157329245,0.010143110587380075,0.016916513884335904,0.021000128098287912,0.0224509261503957,0.021581965055282783,0.018866935977852523,0.01486971848349091,0.010168773217308238,0.005317659270828501,0.0008044548559158014,-0.0030249719989565342,-0.005934242588811621,-0.007799128703241337,-0.008630765687864217,-0.008526588432807958,-0.007651077612597745,-0.006216192814487219,-0.0044492209776723895,-0.002571386687271475,-0.0007700300676721601,0.0007990464138731392,0.0020257684244458394,0.0028605768515933853,0.003291202859698667,0.0033440237129460882,0.0030794099748501363,0.002575273990668671,0.0019184572394952241,0.0011939756213268627,0.0004816785836488744,-0.0001531577674979143,-0.0006678832679608442,-0.0010346194419161426,-0.0012428949497003835,-0.001301595313705232,-0.0012304152579992048,-0.0010574916077786666,-0.0008159269976439425,-0.000539521578346873,-0.00026050833258641317,-4.406171129595776e-06,0.0002095559756921833,0.00036750762194769234,0.0004644065623987594,0.0005026300246042319,0.0004879759675910414,0.0004305311010648399,0.00034304009663055325,0.00023862458483487513,0.00012999164181684802,2.7507386179879205e-05,-6.059812246186699e-05,-0.00012782784447153424,-0.000171448516760437,-0.00019224581350887874,-0.00019187383685073304,-0.00017375294350841422,-0.00014260888775870996,-0.00010350641326448994,-6.150816945542953e-05,-2.1041092939435354e-05,1.4584191518317057e-05,underdamped,1.8268483752314022
1.0,0.9527207599250542,0.8268783449229437,0.6491227974467373,0.4454786649642811,0.23878238573065624,0.04889365352299141,-0.10957564329924452,-0.22874121349429938,-0.3047991800678821,-0.33868026002721807,-0.33533503488868616,-0.30200432271217337,-0.24729392422424598,-0.18011045885005458,-0.10908017087847252,-0.04143879613671775,0.017492598961809325,0.06378542849354116,0.09554405155698133,0.11270776042631864,0.116361427355997,0.10868180910650643,0.09249961182775765,0.07091319977540955,0.046869866212190886,0.022990617382481964,0.0015194299414808266,-0.016073944397952226,-0.02894769266134523,-0.036757037146739516,-0.039748012443220716,-0.03855265039717763,-0.03405999399108012,-0.02728960981075774,-0.019283186112607056,-0.0110251687111261,-0.003296061313880574,0.003300067802820503,0.008350190360962522,0.011697925957332473,0.01335593136800324,0.013480703059550313,0.012350115729427543,0.010302719580260229,0.007698588476989941,0.004872383490708878,0.002128677493783042,-0.0002903882666204574,-0.002235236028331679,-0.0036141109941568612,-0.004402578036466891,-0.004642729638825848,-0.004414191360407728,-0.0038247273510365366,-0.0029951584944015383,-0.002046874913376383,-0.0010903151726031762,-0.00021113287467422112,0.0005234748929012279,0.0010712436294213357,0.0014198041159082758,0.001573916593309595,0.001554927343236119,0.0013974277410199092,0.001141687089243273,0.0008297918121388135,0.0004997250638991345,0.00018521237410423622,-8.633395330406922e-05,-0.00029922464165865677,-0.0004457254208763483,-0.0005238993178208688,-0.0005393903260296647,-0.0005028342445138337,-0.0004272536683110678,-0.0003267776586154683,-0.00021486853300870255,-0.00010416012947943822,-5.186987717333013e-06,7.56960919890413e-05,0.00013497274947064998,0.0001707538445235212,0.00018399735827184948,0.00017808633382126004,0.00015702304954872168,0.00012559988421757123,8.856873731098051e-05,5.0088310621851576e-05,1.4227628283303162e-05,-1.588442467664953e-05,-3.871933844126387e-05,-5.401942367643309e-05,-6.157349744211251e-05,-6.199487684532794e-05,-5.658379008840777e-05,-4.710479630921215e-05,-3.508933323555978e-05,-2.2160206149331903e-05,-9.634227007139441e-06,underdamped,2.044461134891601
1.0,0.9560897399548693,0.8495860245113902,0.7116496573231197,0.5646907241472328,0.4239193602987906,0.29867277626301836,0.19372546922621484,0.11029007929049353,0.04750383504423522,0.003292967125799677,-0.025455263887342955,-0.04184843721055219,-0.048981346285981234,-0.04956267670351256,-0.04587559808874419,-0.03976438147783331,-0.032570352871274896,-0.02527836872306687,-0.01852121494476786,-0.012660160772440492,-0.0078475891541319,-0.004110910241244888,-0.0013714156517703451,0.0005072103623424773,0.0016710702156187353,0.0022846307951547486,0.0024933189251306995,0.002422171263872176,0.002179292891037226,0.0018443424280444728,0.0014778513323424976,0.0011212752632517385,0.0008003131767861495,0.0005280786627494426,0.0003096497489428151,0.00014447004666686073,2.6038217589575356e-05,-5.3072488016590446e-05,-9.932010331748581e-05,-0.00012068215793238071,-0.0001248430084183112,-0.0001173428373624466,-0.00010275054191830293,-8.501037934100535e-05,-6.669238014648068e-05,-4.941514201236698e-05,-3.425653309715666e-05,-2.1688830591992943e-05,-1.1826288929844099e-05,-4.687987894615073e-06,2.376146212301444e-07,3.5287866318059657e-06,5.550013797614682e-06,6.451999425546404e-06,6.3611251425690265e-06,5.749192735715777e-06,4.923775353258518e-06,4.0587946292749095e-06,3.197653197132872e-06,2.3254309230995055e-06,1.5763482649311634e-06,9.673410474756276e-07,4.953308958965044e-07,1.4853271456377265e-07,-9.354531294624303e-08,-1.9357570258086067e-07,-1.370705206255107e-07,-3.612566859030526e-08,2.9840418540428794e-08,1.5988932321081858e-08,-8.793930915523444e-08,-2.576238612566955e-07,-4.341646528127545e-07,-5.240819861141498e-07,-4.454759372142002e-07,-3.229411170827744e-07,-2.0744079115201014e-07,-1.2201423707870613e-07,-7.764459719211485e-08,-7.325887849394145e-08,-9.572795265834546e-08,-1.198665560319401e-07,-1.0843328963379065e-07,-5.89490095769695e-08,-5.068805989627174e-08,-6.322670552443203e-08,-7.645749811422447e-08,-7.67491362043051e-08,-5.6946465219211675e-08,-1.637047746936383e-08,3.9181687848938205e-08,9.743674465350953e-08,1.396452599762869e-07,1.4628619672488877e-07,1.3465468679992863e-07,1.1648336890884897e-07,9.709393181861046e-08,7.85984464256849e-08,5.989936575605792e-08,underdamped,4.366301415861837
1.0,0.9565501501860391,0.852516702153793,0.7192098318582317,0.5784590732689543,0.44440467195646416,0.3251305011751932,0.22486285919696353,0.1444446354798278,0.08266746730602123,0.037686672222441306,0.006672318189340401,-0.013168419695623065,-0.024412819514586664,-0.0294632957435785,-0.030218080731279275,-0.02825436534354568,-0.02476235838524956,-0.02059397939011272,-0.01634323314773721,-0.012389063258083106,-0.008932664272802577,-0.006056836374701233,-0.0037839559379647496,-0.0020672681477792746,-0.0008300885753633486,3.4750266202451417e-06,0.0005219007082595663,0.0008034692655046075,0.0009126098821057935,0.0009073575440376499,0.0008310474581649227,0.0007165259216541625,0.0005876875503717117,0.0004603471005044192,0.0003440979852325273,0.00024390922646981518,0.00016213978029033685,9.859001835382827e-05,5.0746473030719444e-05,1.650569005368725e-05,-5.822035029358987e-06,-1.9122392692508232e-05,-2.6005765044467907e-05,-2.8249728932866192e-05,-2.7250416341579388e-05,-2.4442841415924847e-05,-2.0779242181311042e-05,-1.6823506246429154e-05,-1.3008739045033374e-05,-9.591254818973705e-06,-6.6768276236259736e-06,-4.313194635301898e-06,-2.5319237165976363e-06,-1.4014645790817654e-06,-6.528199089248055e-07,-7.034536526094598e-08,4.5457451620183074e-07,9.235263231817407e-07,1.231067766823212e-06,1.2076144254254856e-06,1.0442715988982122e-06,8.572238741747963e-07,6.831000875658871e-07,5.383443569351252e-07,4.192160816991368e-07,3.017899428275342e-07,2.0373868326354084e-07,1.5351604260484823e-07,1.2187710311067293e-07,8.895053930004685e-08,4.432344573236726e-08,-1.2958662992603972e-08,-7.439185223473958e-08,-1.2201376731354674e-07,-1.2863864859715038e-07,-8.39311857808941e-08,-1.8348876778188665e-08,4.06637772904821e-08,7.417965393694126e-08,7.178900930531937e-08,3.159947817205373e-08,-3.9763926054110775e-08,-1.2715881133212565e-07,-2.069254069886298e-07,-2.468865637179589e-07,-2.0634775358214128e-07,-1.7803498878513027e-07,-2.474523415192024e-07,-3.483390396597659e-07,-4.2994272476901357e-07,-4.5709508612212325e-07,-4.1021186070725646e-07,-2.852928332255603e-07,-9.392183609117321e-08,1.367332505687856e-07,3.6392049891421383e-07,5.293039333920151e-07,5.608667878550697e-07,5.04764564956797e-07,underdamped,4.705053329289067
1.0,0.9516116259423297,0.8191785875353612,0.6259902575642149,0.39788853340000735,0.16078194145100227,-0.06137792518592017,-0.2497695178167919,-0.39087680503470423,-0.47693353149107937,-0.5071396103900752,-0.48557091909695593,-0.42059993377433,-0.32408633417439225,-0.20913297393115168,-0.08892242558723285,0.024642505000292303,0.12144126405797967,0.19450610949017105,0.2400417334839187,0.25702075307970845,0.24754935242769652,0.21587436523354828,0.16773812906898775,0.10977838826916575,0.04875379950178507,-0.009113424931118053,-0.05887634696281678,-0.09678980908921549,-0.12067926097435351,-0.13019349509578348,-0.12618587454943125,-0.11069740811918517,-0.08670993575765067,-0.05755703689728582,-0.02663559737372209,0.0029276004152171825,0.028451334499151645,0.048071047469712094,0.06067770579157531,0.06592789514226692,0.0642907416103,0.056776253199185854,0.04482389027905852,0.03013678526765113,0.01446186838601762,-0.0005969478437327785,-0.01371994481468099,-0.023873152737412626,-0.03047196865666621,-0.03337363264320855,-0.032743906586186707,-0.0290880860501746,-0.023146499779752108,-0.015767077432459482,-0.007823017382921509,-0.00014042781207521116,0.006578967888658589,0.011835332259360325,0.0153052736286921,0.016885337126241805,0.016673069016893357,0.014906911704163053,0.011950603500956595,0.00823708562593729,0.00421603351752352,0.0003018422708040071,-0.0031512575482722793,-0.0058628930068148994,-0.007677568722641572,-0.008540828602254621,-0.008483562492733283,-0.007630697053656216,-0.006164456278034672,-0.004300033953307834,-0.002262129572004159,-0.00026716818950121455,0.001497584356971519,0.002899611142142912,0.0038513577580233903,0.004316045664171727,0.00431486209263878,0.003905884707838334,0.003177767918102994,0.002240869045538471,0.0012104416222858047,0.00019640547865430692,-0.0007095392428369481,-0.0014340437540533893,-0.0019292680500404352,-0.002180505227999897,-0.0021942039013807006,-0.001997473674647841,-0.0016367906160337383,-0.0011669826320587556,-0.0006462285446571236,-0.00012930922895090677,0.00033471210382699185,0.0007071061127014232,0.0009658589368812602,underdamped,1.3346335808509322
1.0,0.9519947731963413,0.8218871876337315,0.6341910362686716,0.414849273388237,0.18885587678515744,-0.02128600332144459,-0.19846227755066137,-0.3311652591389187,-0.41313524694482395,-0.4444590117742815,-0.42966827909264094,-0.37677556241628773,-0.2964502428165229,-0.20026753300483474,-0.09960451776930218,-0.0043244620414286394,0.07728541678074,0.1394746665112555,0.1795879665777543,0.19699685027552977,0.19336940469136127,0.17221857747701935,0.1380961637990118,0.09607436299164038,0.051204384585873154,0.008234140992475963,-0.02915428469271092,-0.05837101149394346,-0.0777824338224902,-0.08705253673538321,-0.0868427825096352,-0.0785286621320836,-0.06409033204107106,-0.04578808475696716,-0.02591962500179982,-0.0065416813695311216,0.010596890582924769,0.024197510310944727,0.03355007558381252,0.03838379425381036,0.0389076719653539,0.03572140271786383,0.029665834097770266,0.021725026122479323,0.012914658051370312,0.004208975571862856,-0.0036063170495343718,-0.009944813510276998,-0.01440847388675912,-0.01686594010033319,-0.017390730386984594,-0.016208113904294167,-0.013683123821001666,-0.010251852508761428,-0.006370280248279897,-0.0024620420314618975,0.0011002745197232723,0.004031396014082332,0.0061576807799957126,0.007393135898913338,0.0077541308628305905,0.0073381900825623975,0.0062969511263310084,0.004819597870279776,0.0031083843798230884,0.001361183322279809,-0.0002563187140970342,-0.0016138392514370085,-0.0026174099134136947,-0.0032280971562171504,-0.003448726436538175,-0.003313415256382172,-0.0028879009371534283,-0.0022553911979352596,-0.0015056999950579574,-0.0007248488918070635,9.438089519800278e-06,0.0006325842765942593,0.001104872310325639,0.001405351442856535,0.001529387508412958,0.001492049465050571,0.0013209719264383447,0.001051630396697176,0.0007234708428613808,0.0003755442186625379,4.452900452196957e-05,-0.00024160080908153342,-0.0004637768726915672,-0.0006094997720506536,-0.0006760793911919092,-0.0006701437990075782,-0.000602484695064302,-0.0004882974097575061,-0.0003452408127961542,-0.00019091304507751382,-4.1826687391168416e-05,8.921243191832406e-05,0.00019270282089793128,underdamped,1.577027367098986
1.0,0.9552508346593808,0.8441724713443486,0.697325273267775,0.5381676997055403,0.3840210856739029,0.246397778369787,0.13152893300735807,0.04187374524343579,-0.022967470996032302,-0.06535130902452958,-0.08888642896677805,-0.0974895429060561,-0.09514800848327777,-0.08558144457507898,-0.07180717888307599,-0.05635594917841491,-0.04104583261232328,-0.02711855855265076,-0.01532013595008972,-0.005961032719579754,0.0009442880700089272,0.005588717728096803,0.008288417017107324,0.00944410246510944,0.00943788564120066,0.00863734514442194,0.0073670610516691545,0.005875610270722939,0.004361970506948599,0.002960198564709774,0.0017521187361737422,0.000778656012028079,4.762148194515395e-05,-0.0004561894703022406,-0.000763231578103119,-0.0009083922484925059,-0.0009311395629365165,-0.0008690985822000934,-0.0007529947103261033,-0.0006103069547725079,-0.0004615694176446208,-0.00032081692793151475,-0.00019762890029009447,-9.681600330312752e-05,-1.9811396525840202e-05,3.460613142132208e-05,6.902407247320202e-05,8.660536538201646e-05,9.112569694391463e-05,8.68459199361643e-05,7.692157569561513e-05,6.345944133072461e-05,4.8817237302509664e-05,3.477542733034943e-05,2.2302970971095963e-05,1.1836973297562281e-05,3.6882355385464536e-06,-2.1981056376647686e-06,-6.0381515981346046e-06,-8.108783529046277e-06,-8.714734783602693e-06,-8.429358793286441e-06,-7.66047430903896e-06,-6.627930370275352e-06,-5.363618918974249e-06,-3.94269247884421e-06,-2.624684623749996e-06,-1.5286650731686283e-06,-6.985035159979856e-07,-1.028696105567505e-07,3.5181262208660997e-07,6.276346237048107e-07,7.509544377887426e-07,7.795119480621145e-07,7.531721106603638e-07,6.939249541306565e-07,6.058855794318865e-07,4.630610898729126e-07,2.606550822171432e-07,6.670724269097787e-08,-6.961873674349686e-08,-1.2174522412580988e-07,-8.568064749709037e-08,1.9980505099925883e-08,1.540576856209012e-07,2.5278428601988627e-07,2.3174986456498604e-07,1.3507751769771042e-07,4.244279009057208e-08,-2.7348616608341232e-08,-6.351636810181355e-08,-6.330549744350055e-08,-3.198640503793251e-08,1.7145141359486098e-08,6.276800664247951e-08,7.553568835389709e-08,3.8601838861904555e-08,5.691062633626696e-09,-1.7305049980559632e-08,underdamped,3.7630475383857456
1.0,0.9539318589114051,0.8353490287194915,0.6732123992436219,0.4924557627495268,0.3134064514871525,0.15188138997738193,0.017309835615080232,-0.08520560915258113,-0.15450024908550794,-0.19289518165375413,-0.20474896224443034,-0.19571884646695292,-0.1716891326412473,-0.13857347550232096,-0.10164925929154478,-0.06495625690158477,-0.0317373440994471,-0.004075108759835869,0.01705993395963317,0.03140776383776579,0.03939666036822451,0.04192148011149243,0.040145371008049664,0.03529362403497523,0.028534374649556042,0.020971135228248533,0.013461837169643035,0.006635082549346697,0.0009395652446467367,-0.0034139267746277242,-0.006381163027954099,-0.008045087422182629,-0.00858508293506386,-0.008234069006906895,-0.007251973995576019,-0.005877267243430337,-0.004327116047275018,-0.002788040522193408,-0.0013878567074952623,-0.00021465351958958878,0.0006826726028750681,0.001295942760483332,0.0016421050067541361,0.0017575809919188447,0.0016894369311834074,0.0014894762494072928,0.0012098902623840391,0.0008936618263929179,0.0005773097793162073,0.0002900675035418522,4.913610739510847e-05,-0.0001361940453663562,-0.0002630455517705822,-0.0003350015676372345,-0.0003594175721581683,-0.00034635812321287264,-0.00030624999569882485,-0.00024890216244420686,-0.0001839947288644509,-0.00011967304120378487,-6.09906702511734e-05,-1.130483676282684e-05,2.6896118858880076e-05,5.306541171171266e-05,6.808299555622065e-05,7.334800249105482e-05,7.09025951061405e-05,6.28555196512701e-05,5.1116850611681646e-05,3.770744434564915e-05,2.456083149923279e-05,1.2830481920858685e-05,2.8883218672804058e-06,-5.000461402515893e-06,-1.047176125284445e-05,-1.3603621133188986e-05,-1.4725808810367851e-05,-1.4302494300976403e-05,-1.2683214335115468e-05,-1.038463326183167e-05,-7.80899627126996e-06,-5.226318005756772e-06,-2.7662041746944654e-06,-5.773454388609483e-07,1.1034344850505043e-06,2.1662210647064626e-06,2.6379738382333467e-06,2.6825264142173017e-06,2.5844607095314777e-06,2.3275900138399298e-06,1.9205450858996037e-06,1.457666940129362e-06,1.0036876481214058e-06,5.937303386413357e-07,2.338545750030234e-07,-6.336117997879437e-08,-2.802227434710144e-07,-4.162988620030699e-07,-4.815258163975302e-07,underdamped,2.8490683351831634
1.0,0.9543274981774535,0.8380413558901197,0.680664677424784,0.5067087844645168,0.3356838668325648,0.1819871177968001,0.05390799762675137,-0.044256888489647345,-0.11198750951360215,-0.15170407953484924,-0.1675666931813139,-0.1646574614568869,-0.14816993176524568,-0.12333035041063939,-0.09453497135410685,-0.06526339356474833,-0.03827362533217814,-0.015254145618325821,0.0028813603997578895,0.015856117531030285,0.023948107662070416,0.027776120358466966,0.028174237939673982,0.026011401569841396,0.022174760082512266,0.017463828265565022,0.012500749726237326,0.007795966619450298,0.0036901617264457143,0.0003698694855934653,-0.0020845623779188627,-0.003693851349987989,-0.004547095252685423,-0.004777768803887441,-0.0045320432004864455,-0.0039571514351236445,-0.0031966649725712433,-0.002364505539068993,-0.0015506708582663695,-0.0008233422184171385,-0.00022088071474537954,0.00023823930789916212,0.0005523843884402161,0.0007336252053424798,0.0008020487649921602,0.0007830840797597625,0.000701283224444034,0.0005801681935688654,0.0004420000933381658,0.00030311254308411134,0.0001749975392657815,6.642759326016265e-05,-1.8428877550843753e-05,-7.883894046592445e-05,-0.00011610853909964282,-0.00013324572673977962,-0.00013411398751107467,-0.00012292062881531806,-0.00010434006607454549,-8.199559184246814e-05,-5.841200968303806e-05,-3.600759513911312e-05,-1.66485895237928e-05,-1.207083694420552e-06,1.02674293285489e-05,1.7761708187453736e-05,2.1695279099969656e-05,2.2679810692013616e-05,2.140575124646114e-05,1.8477224906608195e-05,1.4773107255631465e-05,1.094051494995465e-05,7.3338042180186405e-06,4.02216261581795e-06,1.162567371590686e-06,-1.0254844425888699e-06,-2.4896484369309695e-06,-3.287740263494174e-06,-3.5877356161853274e-06,-3.530090271975684e-06,-3.150124386227068e-06,-2.6088743199235076e-06,-2.021336458779141e-06,-1.4539356422689644e-06,-9.24525163628765e-07,-4.0941580501722224e-07,5.041167218050554e-08,3.852746466948053e-07,5.604769918641295e-07,5.767604934833404e-07,4.7030484980367617e-07,3.1272767153277387e-07,2.110844818346486e-07,1.9344907571806218e-07,1.630221850500754e-07,1.2743284197641575e-07,9.249893064340638e-08,6.101536666671866e-08,3.2754097131376965e-08,underdamped,3.1189614189210983
1.0,0.9551421709006241,0.8434610406876897,0.6954147887143611,0.5345922199435184,0.3785845612102082,0.23921168682953475,0.12291805768903401,0.03236391061537175,-0.03277455760376086,-0.07487832055817872,-0.09762381390482687,-0.10504432580787365,-0.10126150620207709,-0.09014916508495277,-0.07484453476910251,-0.05798588947508737,-0.04147152361819368,-0.02658180792324098,-0.014083221279654966,-0.004278326150999394,0.0028434276491278616,0.007513012638254369,0.01009154479880595,0.011022522001206715,0.010729740533572596,0.009621551793918943,0.008049043637646863,0.006282110254503356,0.00453513890301741,0.002948275744824374,0.001605236280577901,0.0005443300669905867,-0.0002326016712561812,-0.0007484256822870315,-0.0010416576452652792,-0.0011549762213494512,-0.0011356385153151712,-0.0010271810081008217,-0.0008650337593965485,-0.0006803915581781142,-0.0004957791944525634,-0.00032651543308424066,-0.00018239124813680387,-6.770102537516563e-05,1.695671783481537e-05,7.402340068250775e-05,0.00010719913424199273,0.00012076177699401847,0.00011983248682917092,0.00010945536906380843,9.322945368671741e-05,7.389233387155386e-05,5.433630544482055e-05,3.6374340883001996e-05,2.0895268878068223e-05,8.443266714034464e-06,-8.546692641177638e-07,-7.184954849508141e-06,-1.0933924091411887e-05,-1.245523050724304e-05,-1.2455939680584936e-05,-1.1533496744204199e-05,-1.0062994900600932e-05,-8.197576623089417e-06,-6.110499173949897e-06,-4.140865133273289e-06,-2.476225249372092e-06,-1.1860746950044162e-06,-2.218530673740748e-07,5.189164450579877e-07,9.71816368447977e-07,1.1999374034842324e-06,1.2687758573917693e-06,1.227281561429879e-06,1.1078578708921265e-06,9.033411930962415e-07,5.776200561102988e-07,2.435384081478876e-07,-8.414163152480139e-09,-1.27212605874662e-07,-1.0129640382486606e-07,4.143042346832967e-08,2.3359932075399638e-07,3.6837719705883154e-07,3.168964540777452e-07,1.934070554028562e-07,8.102378541521776e-08,-8.538918225889964e-10,-4.2899368572589644e-08,-4.5858893421426125e-08,-2.055157128034868e-08,1.213063661477934e-08,2.1222912703484635e-08,-3.2703414674976453e-09,-2.0529119261907305e-08,-3.071102030584868e-08,-3.5359604815639597e-08,-3.584975909557427e-08,-3.338769553792249e-08,underdamped,3.6861879380228535
1.0,0.9563305396004725,0.8511195642181494,0.7156280647353492,0.5719616265406464,0.43474487016970076,0.3126925386012602,0.21026527046078322,0.12843389615475514,0.06617941308312608,0.02155389798097082,-0.008433438396790213,-0.026694914847493152,-0.03606057788929366,-0.039072103354943426,-0.037788427085164625,-0.033921067778125674,-0.02872274851816312,-0.023104412516929653,-0.017679568601365603,-0.012822177162062007,-0.008706232188504416,-0.005395165060221155,-0.002869290158741909,-0.0010369943965778611,0.000205619449515702,0.0009721197126154122,0.0013799772735494226,0.0015249044467960768,0.0014925083290736288,0.0013514907864255487,0.001152300818639894,0.00093296287305566,0.0007187414139208963,0.0005251166148379854,0.0003598845873170121,0.00022634611680657666,0.00012409604939481148,4.89478508270241e-05,-3.065624085774282e-06,-3.5333867441381497e-05,-5.2720199470376465e-05,-5.96518005213792e-05,-5.922117232094013e-05,-5.4008785708019414e-05,-4.636378396415169e-05,-3.782813462377833e-05,-2.9332029955830347e-05,-2.1592044320903724e-05,-1.4933804393525473e-05,-9.502319028996995e-06,-5.3281214804309355e-06,-2.4462855075377844e-06,-4.613207495492906e-07,9.504443575876055e-07,1.9558438054273954e-06,2.5648740130259068e-06,2.6548803758221516e-06,2.4176133289941325e-06,2.069052984462043e-06,1.7072670626687153e-06,1.377240822696953e-06,1.0708770622695348e-06,7.583172972252389e-07,5.105428647679587e-07,3.19529256086591e-07,1.6930611412532187e-07,4.9766690204070366e-08,-4.333215598151567e-08,-1.0836995636005333e-07,-1.2370833387908785e-07,-3.548141870911975e-08,9.507724717795968e-08,2.0853478522113385e-07,2.6422372975480926e-07,2.4024202800881564e-07,1.3345304010840358e-07,-4.051446092575193e-08,-2.472662891775555e-07,-4.3364284583548467e-07,-5.277191191926007e-07,-4.505225890417797e-07,-3.337718973358577e-07,-2.4506296212997397e-07,-1.8346407961864439e-07,-1.4589849134176523e-07,-1.2714438418462193e-07,-1.1983489037788298e-07,-1.1445808749760388e-07,-9.935699846522509e-08,-6.072959154757328e-08,1.7371219643141348e-08,9.196249023902825e-08,1.0605128817057543e-07,9.971034923616797e-08,9.942326921467724e-08,1.1687231293108715e-07,1.489384142564931e-07,1.777011761081045e-07,1.704388704492417e-07,underdamped,4.542777664244808
1.0,0.9556597416554504,0.8468276024417427,0.7043999026423039,0.5513309782417658,0.4039138141510277,0.2725677553272068,0.16278239576401177,0.07631195975303909,0.012498250369156305,-0.03085953332641464,-0.05712183262256188,-0.0698122488856001,-0.07242919225183606,-0.06818000711304104,-0.05967807429525328,-0.049090572538920685,-0.037982176341677665,-0.027452778342831056,-0.01818659160126264,-0.010529380894759289,-0.0045655699886635835,-0.00022158717565610997,0.0026766798347200734,0.004381658831050532,0.005150216695716476,0.005231117609763833,0.004853143273047618,0.004197752293985178,0.003414546705502817,0.002611109420368422,0.0018607602142307546,0.0012083768541452905,0.0006752360077147159,0.00026520968226260706,-2.9909231096022582e-05,-0.00022310857731221867,-0.000332384571769264,-0.00037814738356119475,-0.00037719100664639977,-0.00034481721834067944,-0.0002949515970126903,-0.00023739019776851985,-0.00017933727544616903,-0.00012595419115420543,-8.007337004746823e-05,-4.3020502777605226e-05,-1.4793575947944209e-05,5.246446469210368e-06,1.8040011505204656e-05,2.4783157950718304e-05,2.732345222401542e-05,2.7051728330838733e-05,2.4770859584891542e-05,2.0978657926334725e-05,1.6685742948753866e-05,1.2498387657211707e-05,8.732633783763347e-06,5.470777127418443e-06,2.8556377307384735e-06,8.808232213573831e-07,-5.143740021844626e-07,-1.4079463203728952e-06,-1.866320741862269e-06,-1.8593228631901267e-06,-1.6237497065830449e-06,-1.365029761239564e-06,-1.1982566470576717e-06,-1.1481891146348003e-06,-1.1492510452678375e-06,-1.0455314509531102e-06,-7.650622407345305e-07,-5.055702348712747e-07,-2.943500189738998e-07,-1.4136200547971167e-07,-4.3719498549422524e-08,1.431130593285374e-08,6.131132035959294e-08,9.057360245686102e-08,7.156546096532673e-08,3.615208005139547e-08,7.736992850163921e-09,4.996922437475269e-10,1.9395630861283262e-08,6.015622107892715e-08,1.0928883501985864e-07,1.440768045542736e-07,1.3050811917656982e-07,4.7707528398265986e-08,-6.249589964125975e-08,-1.6129752627851359e-07,-2.2116310145504304e-07,-2.258287637174344e-07,-1.7030104021731792e-07,-6.08568467113677e-08,8.495651243870301e-08,2.3832134426614208e-07,3.591495671991438e-07,3.9608271106087665e-07,3.1637557744836294e-07,underdamped,4.05488038216709
1.0,0.9536494103646953,0.8333993558424065,0.6677648314975668,0.4819803557308897,0.2968939114837078,0.12937298310801543,-0.01017390454871308,-0.11610061116069523,-0.18668193546901746,-0.22407569199603553,-0.23278686959005362,-0.21887896887243374,-0.18880397959139295,-0.14901737022747474,-0.10549287035585343,-0.06282120050827499,-0.02459512714622468,0.006749127787643791,0.03014144555942394,0.04535936274942672,0.05295481053949585,0.05406264342516528,0.05011949349727396,0.04268013129132871,0.03318714170523377,0.022987686930255546,0.01317472775111941,0.004487123593861431,-0.0025519994524262173,-0.007699196141466042,-0.010955641037314431,-0.012474526239236942,-0.012528076663988244,-0.011455709503354778,-0.00962276978182243,-0.007372161766178276,-0.004991943679519389,-0.002731798854588233,-0.0007649145379457897,0.0008101280868093113,0.0019416475548726699,0.00263348271300455,0.002928861410561582,0.002895733725148026,0.0026138719929824504,0.002165379490050267,0.001631293477586693,0.0010794943775094268,0.0005605278764849774,0.00011439252144509278,-0.00023610978585998448,-0.00048371270650978456,-0.0006300973088184988,-0.0006859136230094624,-0.0006676520424274898,-0.0005945508755223886,-0.0004863793884318739,-0.00036026616533195465,-0.00023158531213285556,-0.00011323525258402753,-1.2917265359488964e-05,6.53183512051247e-05,0.00011928427030405151,0.00014982793232695351,0.00015992802778421692,0.000153456556825672,0.00013501142367063686,0.00010894134181086188,7.915083623357976e-05,4.945080566865051e-05,2.2606313540131094e-05,3.4261761314297e-08,-1.7358459390213826e-05,-2.9078703338503935e-05,-3.536993078247798e-05,-3.707541957096672e-05,-3.5065304647943845e-05,-3.0447069332514307e-05,-2.4273247991328962e-05,-1.741629186895354e-05,-1.0519852241334584e-05,-4.281709001486517e-06,7.561376927717158e-07,4.398366658862219e-06,6.796335689448678e-06,8.123639775752939e-06,8.411557486326398e-06,7.880756896109484e-06,6.7684677244403325e-06,5.328468491136101e-06,3.7002498223925712e-06,2.0478203836227755e-06,6.255647669205426e-07,-4.253045182462228e-07,-1.0769937604206106e-06,-1.4151280461565957e-06,-1.620211116228358e-06,-1.6709563641034082e-06,-1.5617015065141352e-06,underdamped,2.6585529584551493
1.0,0.9541621176220166,0.8369211439960186,0.677573863244301,0.5008091471244591,0.3264908702707664,0.16959836053928923,0.038870390296425444,-0.06105517136806182,-0.1294093839926278,-0.16858784907531793,-0.18283253381547104,-0.17745852399034695,-0.15793626979687153,-0.129782784639957,-0.09773472321681008,-0.06548409904152036,-0.03599580879631727,-0.011099489969994792,0.008266730202777902,0.02183308211728336,0.029939078135057057,0.03330847637597709,0.0329070880477003,0.029735782587060555,0.02479249156744285,0.018996846848215385,0.013054316297375206,0.007526314549637149,0.0027964208062131145,-0.0009433904137831788,-0.003621992894121409,-0.005281381754443376,-0.00604530053644794,-0.0060833521922751994,-0.005583107361050545,-0.004723855268469995,-0.003678804797606697,-0.002588212728059409,-0.001555228881423729,-0.0006579064904799312,6.142411918350538e-05,0.0005875503394222357,0.0009246760826486938,0.0010927291725689608,0.001121008081659485,0.0010447909667047185,0.0008978607687515868,0.0007102981763531345,0.0005101826136950213,0.0003185031072735089,0.0001487343379989655,1.0473343061272416e-05,-9.230582234496333e-05,-0.0001601890302296262,-0.00019634438526068353,-0.00020597870891923397,-0.00019505391547933683,-0.00016969506022668769,-0.0001364594102733635,-0.00010037953295187078,-6.479672802963199e-05,-3.2738921702674196e-05,-6.340113136592539e-06,1.359806844073065e-05,2.722884819127483e-05,3.4913141969013134e-05,3.755276382261434e-05,3.622854627653051e-05,3.1978941944305085e-05,2.595669268136426e-05,1.9382102438940968e-05,1.3040617790932063e-05,7.279838792252313e-06,2.23967614839148e-06,-1.6963903305508745e-06,-4.412070535090965e-06,-5.968333973143487e-06,-6.59921463106518e-06,-6.51785780907806e-06,-5.861198434653567e-06,-4.886566532763948e-06,-3.782380377026738e-06,-2.6675410184990716e-06,-1.5847847007733032e-06,-5.532206374818002e-07,2.8437723924121667e-07,8.33382543506213e-07,1.0709483443932658e-06,1.0460071659520687e-06,8.792709872019675e-07,7.607511239018369e-07,6.693464290418907e-07,5.318531108007213e-07,3.853716496410003e-07,2.5434634970480885e-07,1.505653388136442e-07,7.316056846842648e-08,8.683811205645975e-09,-4.5696530263930905e-08,underdamped,3.0057093677428663
1.0,0.9538977218739374,0.8351146657176359,0.6725598405916753,0.49120328671859304,0.3114379893111526,0.14920711983507506,0.014049843473936952,-0.08886386252862075,-0.158305806913671,-0.19658207818429962,-0.20806837501305453,-0.19847205957562203,-0.1737430246642954,-0.1398565333086409,-0.10217181624278669,-0.0647886251352297,-0.03099083486595873,-0.002901483686071807,0.0185012654286465,0.03295973651104882,0.040916150272681015,0.04329374949598649,0.0412853948421301,0.03615340835468238,0.029095189557899317,0.02124222037794799,0.01347835323719605,0.006443056285833972,0.0005945437877620981,-0.003852708028899299,-0.0068593314558098905,-0.008515705511084597,-0.009010681241819928,-0.00858813134549308,-0.00751975936474589,-0.006054816193510056,-0.004417643289586451,-0.002802061044484173,-0.001340641210447438,-0.00012261981600293842,0.0008023754585851266,0.0014272771860336744,0.0017715546190686287,0.0018748107827319476,0.001787241998848235,0.001563610115915083,0.0012592377663995515,0.0009196246794499048,0.0005826231185880799,0.0002787432132661254,2.5884660864244213e-05,-0.00016684013366773017,-0.000296892439806721,-0.0003684466236520153,-0.00038969908376266426,-0.0003716008808601159,-0.0003254710650887397,-0.0002618215777032283,-0.00019085560059893723,-0.00012124866953178577,-5.837648804818681e-05,-5.6406646014460135e-06,3.445005474694615e-05,6.143879114477166e-05,7.637068902573201e-05,8.08591083038544e-05,7.717847534710452e-05,6.764238192128176e-05,5.433148563990087e-05,3.943404868874187e-05,2.5005725560903116e-05,1.225608681679171e-05,1.552143270741934e-06,-6.803656752246764e-06,-1.2477286702200124e-05,-1.5591773718244696e-05,-1.6539204001911472e-05,-1.5814612806899664e-05,-1.3838182306114468e-05,-1.1175415486685747e-05,-8.2539928358221e-06,-5.3570938329287636e-06,-2.618068556680526e-06,-2.4379471143840824e-07,1.5264113948825846e-06,2.6027877569466804e-06,3.047149884419256e-06,3.072890801966695e-06,2.9576346830403658e-06,2.6128214421925067e-06,2.1222619301328005e-06,1.583227681073886e-06,1.0608686202950715e-06,5.882130641424041e-07,1.7348258307330196e-07,-1.5688952486478363e-07,-3.891622890148699e-07,-5.253676834314694e-07,-5.816623135019044e-07,underdamped,2.825947569998584
1.0,0.9543315237460037,0.8380685336085458,0.680739488237667,0.5068513597482122,0.33590553156883196,0.1822852589037553,0.054269480294701494,-0.0438535437761767,-0.11156947655660998,-0.15129878924166884,-0.16719972206012193,-0.16434901097563304,-0.147933406067633,-0.12317191467679892,-0.0944534036579006,-0.06525220309516572,-0.03832142360810932,-0.015346597097912034,0.002759353423499117,0.015719470558830002,0.02381018083093247,0.027647856741581066,0.02806370347108609,0.02592364538697215,0.02211198405012571,0.01742569972880334,0.012485103421900245,0.007799244196979454,0.0037079687519462243,0.00039763545642592475,-0.0020512546981892033,-0.003658924563480188,-0.004513718991502104,-0.004748300983515724,-0.004507996092147534,-0.003939253543464982,-0.0031849535115129825,-0.0023585207386076085,-0.0015495838372798962,-0.0008260990573433159,-0.00022636292178686046,0.00023111803769000172,0.000544595166629352,0.0007259671997048048,0.0007951228536421926,0.0007772844148026502,0.0006968226177858425,0.0005770970375385348,0.0004402373093777628,0.00030249380102930433,0.000175298689259864,6.740004816001611e-05,-1.702697306849596e-05,-7.72290566408713e-05,-0.00011447435555102715,-0.00013172949183455754,-0.00013281545342410105,-0.00012189297965203753,-0.0001035994303397964,-8.153497873836447e-05,-5.820606871456844e-05,-3.6007629309726396e-05,-1.680146199093952e-05,-1.4639272259230589e-06,9.951664318432744e-06,1.7429404985288982e-05,2.137854396729171e-05,2.2401485473181625e-05,2.1182506960614603e-05,1.831240881035522e-05,1.4661307679446405e-05,1.0876133963539789e-05,7.313365934763581e-06,4.044139487636144e-06,1.2105934876555828e-06,-9.638754979548354e-07,-2.4249178332805425e-06,-3.226196820908246e-06,-3.5293887019258926e-06,-3.4824546725684387e-06,-3.113408123591098e-06,-2.58164645009435e-06,-2.002825453904448e-06,-1.4442777431902814e-06,-9.250127324633008e-07,-4.2143508227323054e-07,3.2192214949176766e-08,3.6667212221872054e-07,5.462852908245755e-07,5.697388660402044e-07,4.70166487123327e-07,3.151282873159367e-07,2.0661089384429055e-07,1.8874627559683139e-07,1.6024117005699925e-07,1.261650144687441e-07,9.226675826623475e-08,6.14140034358083e-08,3.3593004515974715e-08,underdamped,3.1217259593820685
1.0,0.9566109281350017,0.8529044920325815,0.7201945316313854,0.5802334661189237,0.4470448129982127,0.3285196949715422,0.2288211774667237,0.1487857385625193,0.087142781004174,0.04206498868310046,0.010783834905757586,-0.009473094514380855,-0.021213249329652874,-0.026798625487563926,-0.02809346879913932,-0.026634530402064524,-0.02359640937576331,-0.019816708273662435,-0.01588395293006045,-0.012177484920596024,-0.008906610618209304,-0.006158413294120809,-0.003964430964244098,-0.0022918640411992834,-0.0010671824430409653,-0.0002236282199856275,0.0003141669964440548,0.0006233818770582911,0.0007641625705875415,0.0007895754528135384,0.0007422387041744013,0.0006530614288800583,0.0005453783859611583,0.0004349393158474387,0.00033184020899219694,0.0002411792931882186,0.00016551331090922453,0.000105685138829345,6.027888677377981e-05,2.6924628046306695e-05,3.916211612357731e-06,-1.0328206229926189e-05,-1.8316535636953827e-05,-2.192245610831936e-05,-2.2379835729319292e-05,-2.079253153832356e-05,-1.8154330520790386e-05,-1.5101915125531319e-05,-1.1988400360001371e-05,-9.113485098366379e-06,-6.605084297780901e-06,-4.4978127761434545e-06,-2.807849081469995e-06,-1.5407768935816582e-06,-7.780029131471166e-07,-3.372324536917227e-07,-1.8242944599428298e-08,2.9176389375553867e-07,6.181620500086792e-07,8.989012218052167e-07,9.845068158000966e-07,8.430907731317478e-07,6.839576679280993e-07,5.334251017428856e-07,4.052706683105161e-07,3.0297519588026514e-07,2.1972274721627284e-07,1.3922969328495523e-07,1.0257399173802674e-07,1.1178148034330111e-07,1.301869576725537e-07,1.3239924902680348e-07,1.0430120643631207e-07,4.304970866058378e-08,-4.292433881163211e-08,-1.3391600376234694e-07,-1.9894632724432568e-07,-1.9753803807054038e-07,-1.460951213649092e-07,-8.374568756101702e-08,-3.055576601741608e-08,7.515700117485398e-11,1.4141383238650984e-09,-2.6605222126405563e-08,-7.738278133286923e-08,-1.3765185318492399e-07,-1.8747920847814213e-07,-2.0026507491426534e-07,-1.4274313710120335e-07,-8.832949413401664e-08,-1.1287783869361835e-07,-1.5664662756701202e-07,-1.7729614596391754e-07,-1.5022976555015058e-07,-6.859394444762554e-08,5.67217727656494e-08,1.9708475505556261e-07,3.061192849319126e-07,3.1970655844839315e-07,underdamped,4.75019021044521
1.0,0.9548750126559873,0.8417008754484543,0.6906619460972433,0.5256600416271863,0.3649397026253555,0.22111193394835038,0.1011741024494798,0.008302257777620253,-0.0576114197833385,-0.09898883650934773,-0.11967028072522018,-0.12399750325294091,-0.11643049876984361,-0.1012549110459246,-0.08193592448310047,-0.06138683888745066,-0.04173658612945658,-0.02436554604042955,-0.010094922244529875,0.0007864984655699195,0.008363889656123375,0.012979345224074235,0.01510878129979893,0.01532035964194699,0.01416658993543355,0.012143660018170365,0.009692816606478732,0.007143512957732059,0.004743769563051905,0.0026560787502881407,0.0009626249387964651,-0.00030914788638976114,-0.0011759062959674988,-0.0016837413620732046,-0.0018978276639644313,-0.001887689376419287,-0.0017182847869564978,-0.0014534633588655236,-0.0011441784141857586,-0.000828735210125023,-0.0005368549860660527,-0.00028617392733648297,-8.563153504179252e-05,6.253952822187457e-05,0.00016124319157319458,0.0002165090119208451,0.00023716343827263897,0.00023183539681349147,0.00020806366343014706,0.00017350056203099313,0.00013475504649726027,9.612877458682023e-05,6.061198250257486e-05,3.053117530504717e-05,6.86682963088836e-06,-1.0356819244254486e-05,-2.1543679676497535e-05,-2.7620514560834517e-05,-2.957172588697985e-05,-2.8356055040794755e-05,-2.4981928192981517e-05,-2.057957598996563e-05,-1.5899800359053356e-05,-1.1288294488024235e-05,-6.963465178384498e-06,-3.32681078047688e-06,-5.208015582450222e-07,1.456139074636272e-06,2.7418057493342466e-06,3.3914129447623125e-06,3.543383445179383e-06,3.3730214803330145e-06,3.006347343760411e-06,2.5200973927884323e-06,1.9351433011824324e-06,1.273328743215683e-06,6.704645769484122e-07,2.2227943133706914e-07,-3.258389467836638e-08,-1.125684321743929e-07,-9.320304224396713e-08,-1.0710241599652894e-07,-1.958454824487097e-07,-2.3452294690410524e-07,-2.386395013391752e-07,-2.2220955642870832e-07,-1.9576915070446706e-07,-1.6637595055518712e-07,-1.3760925022657947e-07,-1.0760563204791969e-07,-6.453229248221637e-08,-1.9804682799341692e-08,1.4837808480624873e-08,3.243987194467475e-08,3.083027728687475e-08,1.2621873308363967e-08,-1.4788412082644368e-08,-3.9219571870864546e-08,-4.370651993393605e-08,underdamped,3.498438492090651
1.0,0.9570281412906667,0.8556721680863478,0.7270057595792683,0.5921385330648197,0.46463580482959105,0.35124975708517203,0.25510834766395063,0.1774924940482723,0.11687353880571814,0.07112984436464398,0.03818091598904853,0.015371606936411805,0.0004443922391100658,-0.008504844975147951,-0.013211824789071718,-0.014987349204195826,-0.01486020390544613,-0.013608798830921469,-0.011780244999193654,-0.009749309220446315,-0.0077585558021556625,-0.005954966719683725,-0.004397234466989792,-0.0031123978516171213,-0.0020993013281555986,-0.0013237403588676902,-0.0007529060831925301,-0.000352553231623032,-8.374456411421114e-05,8.42152618810005e-05,0.0001777814397575757,0.0002200838304039963,0.00022801411990557393,0.000214620911130602,0.00018959233544783665,0.0001595802824898704,0.00012907972391164218,0.00010045814114042173,7.518344221617212e-05,5.4177051710027895e-05,3.746178328107981e-05,2.433093124466575e-05,1.4317099698333877e-05,7.235045455829987e-06,2.5363134985323494e-06,-5.096449250363381e-07,-2.3683734709202866e-06,-3.29539379542742e-06,-3.541283339631093e-06,-3.407619856438215e-06,-3.0747990753004154e-06,-2.651531362512256e-06,-2.1770271396885653e-06,-1.7359231561962024e-06,-1.355408377019135e-06,-1.0149622450353884e-06,-7.068753949366186e-07,-4.362496532281193e-07,-2.2099803822881363e-07,-9.406058394037843e-08,-6.606624854756323e-08,-7.863097664496261e-08,-8.478911880186551e-08,-5.694234671555932e-08,1.3140346788668812e-08,1.1432264775753238e-07,2.161009211097445e-07,2.6860421063602066e-07,2.2406197404981342e-07,1.9253627409428688e-07,1.8181969666904306e-07,1.7124050267780372e-07,1.4751921539691355e-07,1.0476862047533917e-07,4.449376593467094e-08,-2.4408037830880576e-08,-8.56472180544801e-08,-1.1554193959667138e-07,-9.979298503089686e-08,-6.439391161592891e-08,-2.7268628194930595e-08,-1.2369990894601617e-09,5.6802942269461626e-09,-9.738246871225542e-09,-4.591493816146723e-08,-9.647291257324578e-08,-1.5023612018800813e-07,-1.9122932823917817e-07,-1.9867812111215515e-07,-1.4700890034431886e-07,-6.008565598372442e-08,-3.8865060224434935e-08,-4.1935673425588294e-08,-3.537315253700244e-08,-1.4908885805697102e-09,6.11599933497456e-08,1.377906340879009e-07,1.9737444039578494e-07,1.9264708496320723e-07,underdamped,5.062728883285468
1.0,0.9568671500246226,0.8545648307396148,0.7243390642919426,0.5875899103956719,0.4580011987576381,0.3426039903086338,0.2451298804234987,0.16668047788194112,0.10564342701649479,0.06008083700617847,0.027767854253742084,0.00588542788730282,-0.007877608680392348,-0.0155746717472056,-0.019024002443306272,-0.01959512753840941,-0.018379645979560044,-0.0161802112786653,-0.013555708434081803,-0.010880544314322064,-0.008391891369379725,-0.006216549289363049,-0.004393750397381452,-0.0029365877995074867,-0.001822088400263433,-0.000997679471147015,-0.0004174869209810747,-3.351533975052851e-05,0.00020325489314686857,0.0003306106482163259,0.00038127242641122273,0.00038194683275903456,0.0003518284042892308,0.0003054814859856646,0.0002530093224198184,0.00020111423936803547,0.0001536986632218613,0.00011242476399642601,7.828997422797148e-05,5.158872112615457e-05,3.130000405126581e-05,1.625143311385374e-05,5.711383727934153e-06,-9.528864383034758e-07,-4.9123179932470955e-06,-7.0011919255475435e-06,-7.744497876332332e-06,-7.516985033039306e-06,-6.777207213545323e-06,-5.803970534298875e-06,-4.770017931370422e-06,-3.7506939215847456e-06,-2.865334988380253e-06,-2.1195890578457565e-06,-1.4812086546622495e-06,-9.378449314390864e-07,-4.970476687139537e-07,-1.862764750130428e-07,-3.9341097446729507e-08,4.657859470505659e-09,2.129745440818956e-08,5.7260855676221927e-08,1.3033734122487542e-07,2.294222986447964e-07,3.1451722516700306e-07,3.1672972766288843e-07,2.4979730015207934e-07,2.0279570594475718e-07,1.6486307028339616e-07,1.2838996034896242e-07,8.939422815640727e-08,4.752101055466539e-08,6.042729226656666e-09,-2.814090931071424e-08,-4.188039907978733e-08,-8.092333358026666e-09,5.0002067610774724e-08,1.0471340513876351e-07,1.3627963433168259e-07,1.328660640888713e-07,9.056535710326538e-08,1.3397529861396036e-08,-8.669004735661109e-08,-1.898226504770289e-07,-2.6819820163254093e-07,-2.860872691622294e-07,-2.1697832861289165e-07,-2.0603019269106528e-07,-2.4726532783956975e-07,-2.8999105533551757e-07,-2.990563213068567e-07,-2.548516967323694e-07,-1.5330937744167104e-07,-5.903184115218744e-09,1.6035143771570361e-07,3.028974176689748e-07,3.6363606051163463e-07,3.167781607560987e-07,2.589366498943383e-07,underdamped,4.941567232958911
1.0,0.9551742696841332,0.8436714594194337,0.6959804884837928,0.5356518355219149,0.38019721133981754,0.24134482128813844,0.1254754380966625,0.03518935240767615,-0.029860247002867213,-0.0720476767506593,-0.09502935980389522,-0.10280361933110735,-0.09945225089300345,-0.0888026989413507,-0.0739560770704756,-0.05751858029826776,-0.04136405234847408,-0.026761354632913088,-0.014470820246733511,-0.0047972279524545955,0.0022622443259087636,0.006927135143516001,0.009544857855206049,0.01054602029930298,0.01034173771081501,0.009327918638183568,0.007847834315082371,0.006164764770042181,0.00448851391460039,0.0029574837050513354,0.0016548298658258555,0.0006197171927549822,-0.00014411552397894958,-0.0006571360936123868,-0.000955394229724733,-0.0010791535419302472,-0.0010732385117010051,-0.0009794137960599174,-0.000831656781328349,-0.0006600252657142641,-0.00048645993417593204,-0.00032590387613829614,-0.0001881005624282095,-7.7524273054203e-05,4.948514149627178e-06,6.137522583152654e-05,9.510340884294789e-05,0.00011005635176793134,0.0001109282837534341,0.00010252925486413375,8.832601888612469e-05,7.083447857236868e-05,5.281465773464802e-05,3.606947732517739e-05,2.150796923353401e-05,9.650317613240612e-06,6.805446711091119e-07,-5.541710728105844e-06,-9.3570184223753e-06,-1.1061525329579294e-05,-1.1263201600761479e-05,-1.0558937712392979e-05,-9.333696528401334e-06,-7.760513300170564e-06,-5.911507382879011e-06,-4.104367734118011e-06,-2.5395236933129578e-06,-1.3074737249841614e-06,-3.950343666384553e-07,3.055915513183679e-07,7.680186488906841e-07,1.0100066100970735e-06,1.0992682482579436e-06,1.0861618751098656e-06,1.0036913008055682e-06,8.673364215967591e-07,6.285933826927775e-07,3.3055906716390333e-07,6.852408089239872e-08,-9.593161310776696e-08,-1.3493869469089782e-07,-5.433848657959194e-08,1.0631704563527634e-07,2.73765293494538e-07,3.4103300567075107e-07,2.429196347848151e-07,1.278380461009379e-07,3.120878979866062e-08,-3.161606925332447e-08,-5.478625388641658e-08,-4.1953274632098436e-08,-6.270429721938764e-09,2.960719491240774e-08,3.3522725639199e-08,5.381718894960259e-09,-1.4567548239360629e-08,-2.714934977247781e-08,-3.363004112914766e-08,-3.5333004691241556e-08,underdamped,3.7088619658279516
1.0,0.954378843180604,0.8383876869151967,0.6816173797222043,0.5085236487698817,0.33850370267658947,0.1857778192582316,0.058502614279484944,-0.03913179530882899,-0.10667672897050068,-0.14655495684655612,-0.16290297405633725,-0.1607344636241318,-0.14515689409867916,-0.12130488814314061,-0.09348156710651429,-0.06510011245061459,-0.03885673882554937,-0.016403074621450565,0.0013568468503869606,0.014143903872969814,0.022216391595274828,0.026162867146813738,0.026781093874732056,0.02490218981743415,0.021377707903167918,0.016975242388782244,0.012293964828935987,0.007826881916483586,0.0039040776179140586,0.0007098413906373125,-0.0016736366588579934,-0.003260988449540091,-0.004131995558850316,-0.004410031682431859,-0.004230730484874296,-0.003731638237690276,-0.003047706163637653,-0.0022865979844720204,-0.001533749366646815,-0.00085448999643284,-0.00028631301987571306,0.00015193016764163255,0.0004572194959405118,0.0006395350543209043,0.0007165394700072434,0.0007111110941486004,0.0006455594859573133,0.0005414179919533202,0.00041931555311402086,0.0002945321584837461,0.0001778216594476626,7.763835876512e-05,-1.788330052177663e-06,-5.948059097398652e-05,-9.629690542225373e-05,-0.00011474172657955984,-0.00011816195711869109,-0.0001102055151121274,-9.508422350485404e-05,-7.613089945452466e-05,-5.5652840867190766e-05,-3.5781076395925225e-05,-1.831695313979324e-05,-4.1748187354862724e-06,6.537625648507853e-06,1.3791697954213873e-05,1.78775419096356e-05,1.929907088312504e-05,1.866326986296882e-05,1.6441513631850563e-05,1.3376682222899455e-05,1.0110683438113172e-05,7.021356275623691e-06,4.222470929697156e-06,1.6997816351070844e-06,-3.076379731797927e-07,-1.719933877918793e-06,-2.5516610662491637e-06,-2.903063284877507e-06,-2.9467137664553825e-06,-2.7047335592524162e-06,-2.2782835375369475e-06,-1.7905227587616785e-06,-1.3196355181042966e-06,-8.988313484674182e-07,-5.163450787544452e-07,-1.4729258238219645e-07,1.6280410711174305e-07,3.7191833077662184e-07,4.622690328947752e-07,4.4032076098159934e-07,3.367836657855619e-07,2.0661350128819376e-07,1.2901162470410617e-07,1.2057845804313164e-07,1.0434714761695633e-07,8.398885707615965e-08,6.25662766872459e-08,4.163875912503757e-08,underdamped,3.1542504340564608
1.0,0.958631624142231,0.8651053084326064,0.7508319137111908,0.6343251827105122,0.525199776574202,0.4282868037070735,0.3449155300438671,0.27513429864122185,0.21756555544267744,0.1709042934483222,0.13344889473059013,0.10362387816033183,0.08014131483151203,0.06172195767718114,0.047351518981508946,0.036224303397366944,0.027631294472673575,0.021018814668218287,0.015951253552498143,0.012075064909105936,0.009126599207609299,0.006890202059880446,0.005189468760438731,0.003898940884265015,0.00292832222698029,0.0021991951548632764,0.0016466712282069474,0.0012307806821881193,0.0009200778445448087,0.0006870915872573601,0.0005117010422513897,0.0003810060039494795,0.00028379607114149775,0.00021080121201449314,0.00015638096318546074,0.00011614804150021535,8.619022409936302e-05,6.37242466777609e-05,4.713754669081764e-05,3.496368408919897e-05,2.5861523324330968e-05,1.9027312097187194e-05,1.402450275361433e-05,1.0406683317615576e-05,7.71849110552223e-06,5.646393015401303e-06,4.115437081988755e-06,3.03293006369204e-06,2.281105320742897e-06,1.7171228151973488e-06,1.2420162154415708e-06,8.77482336516758e-07,6.243941771621531e-07,4.68617414154396e-07,3.8105112108198885e-07,3.176277683453028e-07,2.3313114438800188e-07,1.5055175282357626e-07,8.59741538952868e-08,4.629488434105899e-08,3.266325447562745e-08,4.0481348190537066e-08,5.940402295414314e-08,7.33389098116113e-08,6.191495716542785e-08,3.315039897005689e-08,1.8999184345204813e-09,-2.440370476276926e-08,-4.0651598302351716e-08,-4.4058797223718874e-08,-3.4164243925315476e-08,-1.2830788164538112e-08,1.575481294226386e-08,4.5081894919788894e-08,6.631588593378239e-08,6.829830679103861e-08,6.065110681252592e-08,7.181693199999928e-08,9.156843110205674e-08,1.1090883502007676e-07,1.2293765748881587e-07,1.2285069507641095e-07,1.0794002718437744e-07,7.759401604761087e-08,3.329730673438451e-08,-2.136917285364678e-08,-8.072821198145078e-08,-1.3700631708061624e-07,-1.8033371174935019e-07,-1.9874433675248268e-07,-1.7817585002146446e-07,-1.0329080990696797e-07,3.780157833114752e-09,8.885308090141872e-08,1.2039613774765246e-07,9.07450905311661e-08,1.6103285120957122e-08,-6.34583489043354e-08,-8.400129825642197e-08,critical,6.30994596361597
1.0,0.9587494847271147,0.8657845629379863,0.7525167179346622,0.6372025717607559,0.5293065164986441,0.43341527088761395,0.350853914421345,0.2815614687087546,0.22421042835039126,0.17754429326523294,0.13986022403916581,0.10968445489761218,0.08574611675837508,0.06680843697894776,0.05190637060447852,0.04024727540003723,0.031143000142237726,0.024052710914190412,0.018547906534792012,0.014276723428582817,0.010982079006745717,0.008447532358829708,0.0064912455283002305,0.004977474573333413,0.003815400215186552,0.0029269784256732313,0.00224379242737756,0.001716410729243994,0.0013129950360558412,0.0010051072725682823,0.0007684149351290598,0.0005867663883904761,0.0004483869622254348,0.0003427980897172144,0.00026154878538889244,0.00019951529271394018,0.00015241204027167306,0.00011640239811545632,8.868139098213257e-05,6.75967507692214e-05,5.164972553769681e-05,3.9451302871696776e-05,3.001041803146275e-05,2.2833147933335903e-05,1.7446348573061185e-05,1.3377151906665348e-05,1.0188758770813883e-05,7.71297273390166e-06,5.852835052685234e-06,4.488237250517778e-06,3.4799639019694927e-06,2.6729113310555836e-06,2.0070097660705143e-06,1.4934752390152888e-06,1.1227429322004293e-06,8.72280407994741e-07,7.065876088252948e-07,5.771968571774336e-07,4.3801802024003147e-07,3.111352076245553e-07,2.1053933743039015e-07,1.4199048069704407e-07,1.0580827594401998e-07,9.687192917082018e-08,1.046202138569431e-07,1.1305147096188432e-07,1.008203880037358e-07,6.798660095247237e-08,3.238148826624603e-08,9.585063740134299e-10,-2.134546955354751e-08,-3.161014560403788e-08,-2.8931809123337056e-08,-1.442332871560285e-08,8.785845756727565e-09,3.554968317293911e-08,5.870557115403819e-08,6.90743160627511e-08,6.394813974771802e-08,9.874124252769964e-08,1.6392184938510627e-07,2.3637194578073923e-07,2.9757092780096585e-07,3.3359560215771606e-07,3.3512018618848763e-07,2.974163078563443e-07,2.203530057499139e-07,1.0839672908338883e-07,-2.9388662303466882e-08,-1.7934189794533164e-07,-3.232042967513169e-07,-4.3811976700496e-07,-4.966348063642444e-07,-4.66698501861582e-07,-3.1925952841675413e-07,-1.7780543793059557e-07,-9.304643413359275e-08,-5.024816264584877e-08,-2.5577811195917392e-08,critical,6.4046585292457054
1.0,0.9587512129392232,0.8657945073564898,0.7525413321412127,0.6372445595735057,0.5293663715995367,0.4334899652071879,0.35094039117093034,0.28165501434621365,0.22430722958170668,0.17764101980445923,0.13995369949077127,0.10977293871215335,0.0858280445534902,0.06688291774815429,0.051973212307359684,0.04030644436579886,0.031194781863821925,0.024097578569619336,0.018586437878483787,0.014309572440215393,0.011009904286889274,0.008470941353380395,0.006510806612747665,0.004993737964095998,0.003828865955372064,0.0029380874192356495,0.0022529247734513046,0.0017238809955780188,0.0013190828951910526,0.0010100578935733095,0.0007724332100577753,0.0005900124648718441,0.00045100199064237073,0.00034490477254933314,0.000263241611425833,0.00020086937222194443,0.00015349359927946025,0.00011726835116550149,8.937162885313712e-05,6.814440671416602e-05,5.208404544384672e-05,3.979766636427525e-05,3.028520277493548e-05,2.3049666478778805e-05,1.761657749404083e-05,1.3511923880577978e-05,1.029626711823772e-05,7.797596820046935e-06,5.918775881583802e-06,4.539448144758543e-06,3.52022048835275e-06,2.705524501709735e-06,2.032879433916244e-06,1.5135586425294683e-06,1.138032446999485e-06,8.838131787588408e-07,7.15455181222533e-07,5.845548097880152e-07,4.443243648658429e-07,3.1618595879302785e-07,2.143993870367522e-07,1.4478500906155686e-07,1.0771819431589302e-07,9.812932223212506e-08,1.0550378222652837e-07,1.1388197369929015e-07,1.0192345558300563e-07,6.904964352627604e-08,3.3327096887892224e-08,1.7294319413902506e-09,-2.078560681308282e-08,-3.127614664876982e-08,-2.881618661230193e-08,-1.4495597523700057e-08,8.579878023625558e-09,3.5288625662876135e-08,5.849315925386318e-08,6.904012088300878e-08,6.382159501685361e-08,9.817724782163018e-08,1.6319349654200537e-07,2.3569806156715167e-07,2.9711741299926895e-07,3.3347677065358023e-07,3.3540010405833855e-07,2.9811013245482235e-07,2.214283247973373e-07,1.0977489975321332e-07,-2.7831174297187626e-08,-1.7777217926048158e-07,-3.218316473302596e-07,-4.371943609870789e-07,-4.964463529984755e-07,-4.675749064189593e-07,-3.21009983505894e-07,-1.790337060641408e-07,-9.383633925020194e-08,-5.0690986929368007e-08,-2.581805505681954e-08,critical,6.406050551235695
1.0,0.9587505070719325,0.8657904457343475,0.7525312790831671,0.637227410866997,0.5293419257749005,0.4334594589630631,0.35090507288382267,0.28161680917314474,0.2242676944731955,0.17760151523256304,0.13991552242232586,0.10973679991870261,0.08579458303434459,0.06685249734317321,0.051945911472563326,0.040282276910409934,0.03117363125992641,0.02407925161129832,0.018570698679741416,0.014296153945507848,0.010998537584346185,0.008461378405596532,0.006502815319168056,0.004987093627691744,0.0038233643663241165,0.0029335485175090072,0.0022491933260814743,0.0017208285277954935,0.0013165951819016667,0.0010080347985711518,0.0007707910367104684,0.0005886857978914389,0.0004499331746090958,0.00034404368492514084,0.0002625496386359028,0.00020031583346902563,0.0001530514401177106,0.00011691431515891248,8.908941102397564e-05,6.79204705811571e-05,5.190644224360987e-05,3.965602295211037e-05,3.0172820951434764e-05,2.2961106799086897e-05,1.754694635508349e-05,1.3456795143490037e-05,1.0252286624235356e-05,7.762974005936517e-06,5.891794063339584e-06,4.518491948854611e-06,3.5037472864286874e-06,2.692178725402887e-06,2.0222915632912846e-06,1.505337495040286e-06,1.1317725395476573e-06,8.790907889967505e-07,7.118244088564809e-07,5.815436378813353e-07,4.417428061807135e-07,3.1411789133219106e-07,2.1281833375257126e-07,1.4363987312730931e-07,1.0693511586369561e-07,9.761353509086011e-08,1.0514147065976861e-07,1.1354212914322442e-07,1.0147223716082078e-07,6.861479559133126e-08,3.294024961764374e-08,1.4139752814225713e-09,-2.1014810405273534e-08,-3.141304945999208e-08,-2.8863842929885947e-08,-1.4466450891713813e-08,8.663707548159661e-09,3.539505425376472e-08,5.857985205952498e-08,6.905420477025853e-08,6.387235990029635e-08,9.840686395421006e-08,1.6349010760326497e-07,2.359721435315333e-07,2.9730119506220937e-07,3.3352365615760553e-07,3.3528409141915895e-07,2.9782523608742734e-07,2.2098799604208997e-07,1.0921144780194474e-07,-2.8467161475081776e-08,-1.7841241399194947e-07,-3.2239072131249437e-07,-4.3757032436142634e-07,-4.96521293424339e-07,-4.672155281477037e-07,-3.202924394924729e-07,-1.785304077919807e-07,-9.351263769068054e-08,-5.0509341971503895e-08,-2.5719373558628496e-08,critical,6.4054819853981915
1.0,0.9586191883278884,0.8650335173146126,0.7506534387029353,0.634019969164922,0.5247636184674441,0.42774167318536527,0.3442842686156569,0.2744506198823098,0.21685938521235879,0.17019866125437538,0.1327681680284416,0.10298151777723678,0.07954792651385725,0.061184464761884716,0.04687144612424568,0.03580127911524061,0.027263083841558153,0.020701743530540422,0.015680734591172564,0.011846262923387436,0.008934418520053508,0.006729858202913802,0.005056572543688726,0.0037895103486213235,0.0028386786792789225,0.002126009570865174,0.001587186746594587,0.0011827382765450417,0.0008814185598152665,0.0006560162010465065,0.00048686455962749673,0.00036124550206246045,0.00026808469051944715,0.00019833275617650803,0.00014654928521886382,0.00010841238589790676,8.008629825201855e-05,5.893831149004312e-05,4.340626125285305e-05,3.2052585364432935e-05,2.3576695212858137e-05,1.7251897737757554e-05,1.2655542338760327e-05,9.350065789752566e-06,6.889372797731375e-06,5.0023973544173315e-06,3.623160501255551e-06,2.6603760783778426e-06,1.9969327825331022e-06,1.4902943223153727e-06,1.064299678930923e-06,7.42475889360431e-07,5.249512193367634e-07,3.9675950887359296e-07,3.2784017226539585e-07,2.730381980874585e-07,1.942829914776932e-07,1.1999733928143437e-07,6.36559178601462e-08,3.147530721453609e-08,2.396499823424599e-08,3.5927392697852466e-08,5.645780327286795e-08,6.894445351573921e-08,5.4434665653841024e-08,2.543608997451567e-08,-5.075130753501484e-09,-2.9893061673645804e-08,-4.415691936704054e-08,-4.535107185249782e-08,-3.330503858651867e-08,-1.0193490463292408e-08,1.9463750185302507e-08,4.880170958969934e-08,6.861026254264224e-08,6.733413239918752e-08,6.167463112743194e-08,7.426484548806296e-08,9.426925863502945e-08,1.1290460683744073e-07,1.2349824135026254e-07,1.2148812841431907e-07,1.044228492562913e-07,7.196160008871867e-08,2.5874192109996366e-08,-2.9958948495619896e-08,-8.954678055801977e-08,-1.447876479212357e-07,-1.8546927944343894e-07,-1.9926878899694717e-07,-1.7175267546821758e-07,-8.828391609839774e-08,2.297440691436706e-08,1.0735904000021492e-07,1.337351871001301e-07,9.575066572210212e-08,1.1835906941132356e-08,-7.479604460077223e-08,-9.614953069459032e-08,critical,6.299977828601674
1.0,0.9585274854717384,0.8645034267000707,0.749333220414106,0.6317596561835932,0.5215306443248418,0.4236976853407332,0.3396018805098462,0.2693758997359701,0.21162141446880878,0.16496535652179425,0.12772285714961013,0.09822789552076816,0.07516041116340016,0.057216275498803475,0.043334720196130806,0.032690865236300576,0.02456209258142618,0.018382150472343813,0.013707471048885603,0.010182846030835215,0.007542237859851546,0.005572764734038631,0.0041015303108570406,0.003006615628373955,0.002200359297204888,0.0016074149851666194,0.001168040599144453,0.0008461636722099272,0.0006121249355751894,0.0004409056669745018,0.0003161483728225112,0.00022633973407035495,0.0001614842655627064,0.00011447842075397634,8.097526890461479e-05,5.717671730112381e-05,4.001044710752361e-05,2.784740509035888e-05,1.9390778944641484e-05,1.342321132426082e-05,9.133711176066452e-06,6.180981136338622e-06,4.215337852458964e-06,2.8603192573173322e-06,1.8529711059409102e-06,1.1650437936850438e-06,7.449265293344809e-07,5.087052510233163e-07,3.404331122362161e-07,1.8157907773357866e-07,6.861663595757812e-08,1.1731228339765794e-08,5.034169945050298e-09,2.656264947169933e-08,3.8279729251339894e-08,1.4020171191191252e-08,-1.4294786305665148e-08,-3.4147697684117206e-08,-3.898202735584004e-08,-2.749929704650426e-08,-3.6590857957767243e-09,2.3320970042679364e-08,3.896517680120564e-08,2.7600708381655572e-08,1.0745793271916316e-09,-2.8098105072710084e-08,-5.1703562506024765e-08,-6.414685316720965e-08,-6.245187975720264e-08,-4.6261387483423316e-08,-1.783696405977267e-08,1.7940960293367312e-08,5.357311284913282e-08,7.894137837417911e-08,8.130879912867982e-08,7.100364501143753e-08,8.347654874911328e-08,1.064939762026806e-07,1.289984156130331e-07,1.4255066879504509e-07,1.4132985113756985e-07,1.2213339160344148e-07,8.437703272947303e-08,3.0094830626459114e-08,-3.6060845020828925e-08,-1.0681931095363399e-07,-1.7229157033922438e-07,-2.1997031277088873e-07,-2.3472991426793051e-07,-1.988264372756781e-07,-9.015985987023834e-08,7.981952647964046e-08,2.2784028181001043e-07,2.948544090618924e-07,2.5605426780249525e-07,1.2087257422519892e-07,-6.701759885042903e-08,-2.297028219786517e-07,-2.5502930908754563e-07,critical,6.226619905797565
1.0,0.9587317219561016,0.865682326629604,0.7522635784577647,0.6367706765466703,0.5286907111494628,0.43264671490834616,0.34996409183887206,0.28059883785545814,0.2232144448702943,0.17654906460785066,0.13889858446838205,0.10877436062065847,0.08490362328652007,0.06604274092714701,0.05121943693814743,0.03963942292409315,0.03061125667613216,0.02359218508607028,0.01815261655311394,0.013939921513874166,0.010696954801842079,0.008207810398159864,0.006291062020782052,0.0048111588883289315,0.0036778000479813526,0.0028135516371995085,0.0021506256502767415,0.0016402676478409267,0.0012509993534352084,0.0009547390702209205,0.0007275736589154899,0.00055380834804581,0.0004218634611040898,0.0003214509749719104,0.00024441700631126296,0.00018582813745753464,0.00014149135309388642,0.00010766837716517785,8.17296530945965e-05,6.20884867233399e-05,4.728609089225181e-05,3.5975057172183444e-05,2.7257343631592667e-05,2.066742336312539e-05,1.5745794867020212e-05,1.203122130818777e-05,9.117100300792094e-06,6.871312238270668e-06,5.198392573366415e-06,3.98070604803262e-06,3.0807815722246076e-06,2.3497368012073898e-06,1.7514240639306322e-06,1.2957389018537403e-06,9.72730982385139e-07,7.593856376530533e-07,6.196238645054899e-07,5.043023245102467e-07,3.759520305790012e-07,2.616600058246816e-07,1.72974219533068e-07,1.1503319803281834e-07,8.758418784649946e-08,8.498315569059048e-08,9.619478847548117e-08,1.0479249330547086e-07,8.98022317011662e-08,5.736819926004345e-08,2.2952405774824017e-08,-6.695772700295808e-09,-2.6852136532197708e-08,-3.4817662508842e-08,-2.991850383926649e-08,-1.3505990153587381e-08,1.1043372497000924e-08,3.8327901640226236e-08,6.092073838273817e-08,6.936984741010808e-08,6.568836180998613e-08,1.0490791792545374e-07,1.7184944848233916e-07,2.4387382357634146e-07,3.0294096312175726e-07,3.3560983685147687e-07,3.3303846431699055e-07,2.9098391488838556e-07,2.0980230775434585e-07,9.444881192214974e-08,-4.552235378232123e-08,-1.9595792071459415e-07,-3.3810557041159774e-07,-4.486139345916614e-07,-4.995325951545174e-07,-4.583120841813068e-07,-3.0243304991494057e-07,-1.659102836304435e-07,-8.541253337701161e-08,-4.605482696569088e-08,-2.3368450383517003e-08,critical,6.390356591777767
1.0,0.9586780086413073,0.8653728806896531,0.7514964229023132,0.6354608761325069,0.5268218212067092,0.43031329395321205,0.3472622031970045,0.2776749926409598,0.22019092974168475,0.17352774796126536,0.1359807430691552,0.10601511810957787,0.08235121977670556,0.06372541166634668,0.04914309105210612,0.03780463182698801,0.029008644036807335,0.022206640060860778,0.016965567033139742,0.012930676376599368,0.009844457525118982,0.0074927221306125,0.005695402228346364,0.004317609102989354,0.003270639044421078,0.0024789282870651672,0.001876633097626062,0.0014170855722962135,0.0010699109198680204,0.0008081246379630382,0.0006091449192777063,0.00045861889329274966,0.0003455563424840969,0.0002602642313321389,0.0001955468076579156,0.00014696101011348143,0.00011060523304952239,8.307588450060523e-05,6.226263180278765e-05,4.67420100702955e-05,3.517600102245677e-05,2.6371941182833152e-05,1.9702423768940164e-05,1.4761183490721932e-05,1.1128825248900153e-05,8.378886205114465e-06,6.234603342530335e-06,4.627007782008196e-06,3.467227922913852e-06,2.6442349279234203e-06,2.024842723023305e-06,1.5006620041444076e-06,1.0879421480568518e-06,7.894211315543211e-07,5.937139806473782e-07,4.7610647834801384e-07,3.985551646696391e-07,3.118073621682589e-07,2.172784100972822e-07,1.3765359728321583e-07,8.139409917246608e-08,5.174642044592389e-08,4.6742395018964445e-08,5.919918604144798e-08,7.671928589771931e-08,8.169051620660791e-08,5.962176820746575e-08,2.8230373817862858e-08,-2.7998419706165143e-09,-2.7295008871755943e-08,-4.115150687232844e-08,-4.2335966232096476e-08,-3.088526748381142e-08,-8.906541433214184e-09,1.942283084096452e-08,4.785521798700606e-08,6.807273838020132e-08,6.968726012285194e-08,7.592435216854147e-08,1.2839663840514204e-07,2.0171980482032998e-07,2.738888936767212e-07,3.2767779379420495e-07,3.5063924054994103e-07,3.351048158783654e-07,2.781849482711873e-07,1.8176891277738925e-07,5.252483100322283e-08,-9.810032888777675e-08,-2.5388075217481084e-07,-3.9381177757980463e-07,-4.92109897267407e-07,-5.182127568449928e-07,-4.3677915536267333e-07,-2.6142533204360514e-07,-1.3603352407815457e-07,-6.655812956837819e-08,-3.6824466085145375e-08,-1.9377091684292548e-08,critical,6.3471686950534805
1.0,0.9587575500886552,0.8658309684604086,0.7526315671210367,0.6373984738828996,0.5295857635238522,0.4337637368984607,0.35125734293002575,0.28199786463466203,0.22466203389038833,0.17799554806335888,0.14029633219910942,0.11009730291878145,0.08612840064020919,0.06715600423692589,0.052218323605138166,0.040523452984888214,0.031384729150903526,0.024262195522439273,0.01872783662350409,0.014430147178086862,0.011112063976434728,0.008556908724840362,0.00658266261387478,0.005053497892494413,0.0038783615157541506,0.002978933807121685,0.0022865147806712216,0.0017513676350721314,0.0013414914253933785,0.0010282873102090795,0.0007872355988928553,0.0006019754195893014,0.0004606433932659242,0.0003526749961369319,0.00026948859833013605,0.000205868756245544,0.0001574885927781349,0.00012046837772938137,9.192382782419538e-05,7.017052870599763e-05,5.369158887795322e-05,4.108019111986322e-05,3.130340668789513e-05,2.3852513361541754e-05,1.8248119869224663e-05,1.4012001996427875e-05,1.069546087043155e-05,8.112105438250593e-06,6.16406318602899e-06,4.730059332883188e-06,3.6700373977545764e-06,2.826913325850267e-06,2.129284991260515e-06,1.5885059818006542e-06,1.1951718646076022e-06,9.269558648506745e-07,7.486088657315639e-07,6.119594084843491e-07,4.678623633987433e-07,3.3507303929680745e-07,2.288716053213352e-07,1.5529917821316342e-07,1.1493550440657284e-07,1.0289896002929145e-07,1.0884655090249185e-07,1.1697391254079329e-07,1.0601718532952059e-07,7.299503082735618e-08,3.683932166563288e-08,4.598027526041809e-09,-1.869432602876962e-08,-3.0016657555198594e-08,-2.8361329728685504e-08,-1.4734149343714816e-08,7.845632686184744e-09,3.434532132844108e-08,5.77187774314379e-08,6.89064177245149e-08,6.342300360431618e-08,9.616085215302349e-08,1.6058359830222003e-07,2.3330793486114493e-07,2.955564940613015e-07,3.3315784755645334e-07,3.365465064226304e-07,3.0076292115812544e-07,2.2545348168349508e-07,1.148705173415565e-07,-2.2127703102603238e-08,-1.7207697146163953e-07,-3.1690714012594443e-07,-4.3394212206364e-07,-4.958998908205912e-07,-4.7089248052039634e-07,-3.2761683031386785e-07,-1.8365584603099985e-07,-9.681071717918578e-08,-5.237086533735427e-08,-2.673889638388275e-08,critical,6.4111557336193
1.0,0.9587269775825089,0.8656550115493655,0.7521959190176587,0.6366552140074414,0.5285260443084409,0.4324411770279449,0.34972611366360373,0.280341364740889,0.22294809675467414,0.17628291465709295,0.1386414594905659,0.10853107799430443,0.08467846369341185,0.0658381726640089,0.05103598229889401,0.03947715864677723,0.030469377097726444,0.02346937502112191,0.01804726484782442,0.013850217836908024,0.010621067374662887,0.008144053114616783,0.00623786186207645,0.004766996489659031,0.003641295306958691,0.002783488134808525,0.0021259560912710723,0.0016201266611146948,0.001234618145278421,0.0009414445745430438,0.0007168065136580456,0.0005451302309924136,0.00041488807563591835,0.00031584320739850907,0.00023992334380921063,0.00018224307223896292,0.00013863453653479178,0.00010538661875852276,7.9916607335111e-05,6.065419828025564e-05,4.615128026267396e-05,3.507220628368764e-05,2.6543788930771968e-05,2.010719838993012e-05,1.530654821702314e-05,1.1683667691266259e-05,8.841037444097026e-06,6.6550786871652395e-06,5.030683976058209e-06,3.8508556870996625e-06,2.978562638776602e-06,2.26707963136914e-06,1.6862914519415083e-06,1.2455593800159202e-06,9.348225988006223e-07,7.309308480523292e-07,5.976444240762052e-07,4.856341797258743e-07,3.6020902775879455e-07,2.491837668994962e-07,1.635784266009729e-07,1.0836500724490841e-07,8.313809022360854e-08,8.211483794000398e-08,9.4134993807648e-08,1.0266088225071722e-07,8.695425209246936e-08,5.4623106047753705e-08,2.051939234551242e-08,-8.660995691525423e-09,-2.8250077094270975e-08,-3.5607783247276145e-08,-3.012195788873279e-08,-1.3208357110473087e-08,1.1689350642030095e-08,3.9099584569664034e-08,6.152285151967552e-08,6.943174598567023e-08,6.628849350746212e-08,1.066752072006863e-07,1.7411176084599625e-07,2.4606330584669746e-07,3.0459923908567765e-07,3.36393202925403e-07,3.3272308520792483e-07,2.894710192548749e-07,2.0712338386746736e-07,9.077080332649503e-08,-4.9891852607659637e-08,-2.0056546869504016e-07,-3.4234668421610953e-07,-4.517278929717394e-07,-5.005972432832276e-07,-4.5623863799228443e-07,-2.982680488457703e-07,-1.6293836382208e-07,-8.351150240948043e-08,-4.5039535749030116e-08,-2.2855986150253353e-08,critical,6.3865382687187
1.0,0.9586361372341321,0.8651313565602058,0.750896650999975,0.6344358713702233,0.5253579289448562,0.42848444611505154,0.34514440110844,0.275382149496435,0.21782159050133018,0.17116013651035794,0.13369573509964452,0.10385686534499802,0.08035656712144826,0.06191698200815253,0.0475257692158355,0.03637789384713014,0.02776503385547148,0.021134029256292913,0.016048971919484054,0.012153674770578955,0.009190143945578651,0.00694563266354503,0.00524125180247181,0.003942719736794938,0.0029626099650796136,0.0022268412714838135,0.001671131620807523,0.0012504805719736473,0.0009353884086274596,0.000699746642431573,0.0005220832306307186,0.00038903932465492,0.0002900887344854856,0.00021603994010267153,0.00016046272497729212,0.00011924004390716121,8.870193796671e-05,6.575808160071482e-05,4.866380570770922e-05,3.609965777400658e-05,2.6821334346341438e-05,1.9801399716324963e-05,1.4584417002401964e-05,1.0795914454820993e-05,8.04626183657615e-06,5.9489632838770374e-06,4.342417757590831e-06,3.1732744183121773e-06,2.35872907395557e-06,1.7918656750009223e-06,1.3435273750847529e-06,9.641055093789367e-07,6.769230806033615e-07,4.827068289229192e-07,3.6868027037830224e-07,3.0856369688601374e-07,2.6257417623836053e-07,1.920788441837935e-07,1.2148256079991785e-07,6.544218955330673e-08,3.077691299343964e-08,1.926284040944917e-08,2.763300783012071e-08,4.7577378023893394e-08,6.574284049885895e-08,6.373628697832451e-08,3.862424345715572e-08,7.79168218344604e-09,-2.0845413046122587e-08,-4.150611185422556e-08,-5.054453728289563e-08,-4.644986579352263e-08,-2.9846327266853677e-08,-3.4932050029930896e-09,2.7715164278597527e-08,5.674939043909978e-08,7.444502992033805e-08,6.972248318636934e-08,7.464398173317474e-08,1.0482864702433553e-07,1.4260890764379627e-07,1.7407485448426878e-07,1.8907424074723014e-07,1.8121248194292226e-07,1.4785265589035285e-07,9.011550271729685e-08,1.2879424860293482e-08,-7.521951293535434e-08,-1.6178758361557314e-07,-2.3067339781752706e-07,-2.6196790386961646e-07,-2.3200438779147097e-07,-1.3447757847101122e-07,-4.320021136035422e-08,1.2526550041964394e-08,2.4471990887040774e-08,3.356406284574732e-10,-3.6252726977715585e-08,-4.5733093872920494e-08,critical,6.313564697032474
1.0,0.9585419606596948,0.8645871814593195,0.749542095989999,0.632117579368889,0.5220429152276759,0.4243388751897502,0.3403441833071258,0.2701808546114729,0.2124518459691111,0.16579494003053896,0.12852227134214833,0.0989802420209919,0.07585435639544273,0.057843191813836105,0.043892587389959915,0.03318076436961834,0.024986748302189832,0.018746099581697383,0.01401639359455377,0.010442599738049157,0.0077590397595401804,0.005752423925482602,0.0042493409671150294,0.003127361650767529,0.002298445277754191,0.0016867987498686335,0.001231915395509099,0.0008972203313861044,0.0006527893343871331,0.00047322100641160775,0.0003416484037497002,0.0002463800049739391,0.00017723451865858019,0.00012677817302706587,9.052787497800999e-05,6.459870624644164e-05,4.576806101711059e-05,3.2273963179035316e-05,2.2783817452691714e-05,1.6042213339706178e-05,1.1139229340112815e-05,7.69978911782504e-06,5.362465957614023e-06,3.7416937960504874e-06,2.5260307199459166e-06,1.6684822940102323e-06,1.1159467698101569e-06,7.837752449750285e-07,5.561664854038557e-07,3.4724071032674615e-07,1.9076121457988554e-07,9.806242079680851e-08,6.430379840625397e-08,6.873182841669889e-08,7.468000341635914e-08,4.58097904065645e-08,9.849631087417457e-09,-1.771152794225009e-08,-2.9475113925438304e-08,-2.339315262249895e-08,-2.7682683111363457e-09,2.3746316213592183e-08,4.214677963927843e-08,3.484026050884685e-08,9.526175633933872e-09,-1.976392010142817e-08,-4.463099421490582e-08,-5.923276835311199e-08,-6.028371829160448e-08,-4.7055073934886953e-08,-2.1374819316409015e-08,1.237230740143472e-08,4.724481392730333e-08,7.374445384091084e-08,7.981622659302498e-08,6.832020431716518e-08,7.787576680731119e-08,9.90317427279165e-08,1.209735866168164e-07,1.353627933063041e-07,1.363368979231289e-07,1.2050947588849853e-07,8.69701429180763e-08,3.7284555021984747e-08,-2.4505591495199158e-08,-9.188256003443734e-08,-1.5585257370223822e-07,-2.0494581531065225e-07,-2.2521642737727182e-07,-2.0024251212523224e-07,-1.1050454059507084e-07,4.258460384086297e-08,1.8464834087893413e-07,2.5695581839816935e-07,2.331301285589391e-07,1.1914830780294319e-07,-4.665866314677579e-08,-1.9360585928584838e-07,-2.1865441132856062e-07,critical,6.23818207936644
1.0,0.9586878866081431,0.8654298209394413,0.7516376933620423,0.6357021786421527,0.5271662734822806,0.43074347601460716,0.34776033952092156,0.278214157704021,0.22074829252994327,0.17408471013667248,0.1365184637143488,0.106523358479445,0.08282114829004528,0.06415178828671424,0.049524811267427915,0.038141674022800484,0.029302758084774443,0.022460641831286335,0.01718292659643642,0.013115230839343912,0.010000131921647714,0.007623114411070553,0.005803847635764366,0.004407311775620077,0.0033445059596765876,0.002539519765539811,0.0019261469953809885,0.0014573315954003315,0.0011024942016676104,0.0008344463154164013,0.0006303538259342066,0.00047562215865327935,0.00035915244689160516,0.00027113877388502397,0.00020420587115359878,0.00015382732054110252,0.00011604736305064289,8.739588226368819e-05,6.566989854606527e-05,4.941911374838796e-05,3.7283328451889413e-05,2.8037342128310216e-05,2.100676803491945e-05,1.5776679111732198e-05,1.1920450678390672e-05,9.004696349426962e-06,6.72539538064019e-06,5.006855701567921e-06,3.7586548325820808e-06,2.86865440280384e-06,2.203000150103575e-06,1.6428415661905447e-06,1.1980825824232773e-06,8.726429337486381e-07,6.554315250542654e-07,5.220734085935049e-07,4.3490978398539967e-07,3.4390553615160203e-07,2.433269744180387e-07,1.5770392767912962e-07,9.588189833198873e-08,6.145583272705522e-08,5.277012116809245e-08,6.29185979121894e-08,7.97445411697605e-08,8.584067310454418e-08,6.485883460124219e-08,3.329857854737116e-08,1.671009780625149e-09,-2.3749545814538727e-08,-3.874806733157027e-08,-4.11688388418268e-08,-3.091544939457223e-08,-9.9507930169779e-09,1.7702931285877667e-08,4.596421953100972e-08,6.669226275752513e-08,6.968694702662495e-08,7.345660330892476e-08,1.2345145892683132e-07,1.954590236629383e-07,2.6744555047848926e-07,3.221025621297879e-07,3.4684685116819573e-07,3.338204799401375e-07,2.7989078058709783e-07,1.8665035504562147e-07,6.041707504731178e-08,-8.776591788116236e-08,-2.4213021241807586e-07,-3.821821274466454e-07,-4.827027120550203e-07,-5.137477455362926e-07,-4.406477373884967e-07,-2.6811980140994167e-07,-1.410149348057438e-07,-6.964493501979928e-08,-3.81706135706916e-08,-1.9816244263162822e-08,critical,6.355104251561204
1.0,0.9585256078276707,0.8644925602950806,0.7493061130690538,0.6317131969048851,0.5214641419344753,0.42361443458111275,0.33950550576026384,0.26927137690477976,0.21151359458082214,0.16485765059711574,0.12761907781486256,0.09813024963898294,0.07507035842260339,0.05713494048952949,0.04326236781937651,0.032627348319291545,0.024507055784359577,0.018335002070599182,0.013667470307897396,0.01014923034127237,0.00751419738137628,0.005549543070765946,0.004082438516436723,0.0029910314019741297,0.002187709852333192,0.0015971859713635093,0.0011598180423669964,0.0008395977573683372,0.0006069006630718942,0.000436758801599709,0.0003128801658103369,0.00022377434611308734,0.0001594706013645878,0.00011290837893568697,7.975770628735347e-05,5.6231828339015405e-05,3.92789318372122e-05,2.7286113253027994e-05,1.8961223361541777e-05,1.3092140160179345e-05,8.880884063494997e-06,5.990017586356488e-06,4.071366533107492e-06,2.749738036937626e-06,1.7688903835401271e-06,1.1024187103646544e-06,6.989464901557364e-07,4.746404481620254e-07,3.13652718253612e-07,1.6116365258542932e-07,5.368006923160652e-08,1.2698493258017393e-09,-2.094421493596152e-09,2.1464546916533067e-08,3.3728749204043765e-08,1.0145732441892613e-08,-1.7195370484481817e-08,-3.6076222093145443e-08,-4.004889786724669e-08,-2.7910798165555944e-08,-3.7046482224664664e-09,2.32815018520056e-08,3.85142770722225e-08,2.6649075524921627e-08,-3.276375312399746e-11,-2.918730643415385e-08,-5.2623921419963064e-08,-6.477959616028344e-08,-6.271893665278211e-08,-4.613416744306264e-08,-1.7345131624664623e-08,1.870070916093682e-08,5.4428274724330025e-08,7.963486632816682e-08,8.149016668716475e-08,7.14224475428769e-08,8.428494711655897e-08,1.0755660015732669e-07,1.301410756706484e-07,1.4358117985854532e-07,1.4205885611958985e-07,1.2239518504890743e-07,8.405038443817422e-08,2.9123809275621204e-08,-3.7646048253972235e-08,-1.088815587692705e-07,-1.74565955692389e-07,-2.2204333524889062e-07,-2.3601865646778463e-07,-1.9855774118152772e-07,-8.716345378139234e-08,8.509179279674626e-08,2.3386609338973064e-07,3.0007926611930105e-07,2.591496187407676e-07,1.2099394864299626e-07,-6.997245715157868e-08,-2.3483582198696807e-07,-2.6018387957361313e-07,critical,6.225120596093363
1.0,0.9586156625546164,0.8650131591172661,0.7506028134561975,0.6339333792605517,0.5246398612776872,0.42758697797122275,0.3441051326874572,0.2742565906037622,0.2166589951248495,0.16999842641689353,0.1325750205272781,0.10279929956832945,0.07937962072682572,0.06103204833428294,0.04673535660266886,0.03568139625580408,0.027158772138051804,0.020611956011461586,0.015604163310854246,0.011781532242586195,0.008880077694907505,0.006684545707241035,0.005019040072711939,0.0037586257806707306,0.0028133964275458743,0.0021053840104952645,0.0015704365164429645,0.00116922167355451,0.0008705511838467748,0.0006472887270788438,0.00047989660198866546,0.0003557072816571557,0.0002636853024719515,0.00019484589803526054,0.0001438032489502253,0.00010625410822414695,7.838526321262836e-05,5.7606686048665424e-05,4.236956845241058e-05,3.124455666062825e-05,2.2943435779495782e-05,1.6760827291518902e-05,1.2277578304331092e-05,9.058616006863771e-06,6.660858045930683e-06,4.825398812602558e-06,3.4882482775028975e-06,2.5585047982950876e-06,1.919223768964719e-06,1.428203248472427e-06,1.0158574630582846e-06,7.058545544708876e-07,4.98118406139143e-07,3.7744209748788177e-07,3.134879039378585e-07,2.6078729690575624e-07,1.8374459888132019e-07,1.1177474421067023e-07,5.7719282230348234e-08,2.7601959483076728e-08,2.1751556102973953e-08,3.480188581555424e-08,5.56917959377287e-08,6.766516737780495e-08,5.233329008039153e-08,2.3279304796505285e-08,-7.013418615138096e-09,-3.140290938284054e-08,-4.509885451287736e-08,-4.566259878949833e-08,-3.30071447749277e-08,-9.397152809363576e-09,2.055105898902165e-08,4.986951472408115e-08,6.923858072169376e-08,6.698696552976476e-08,6.203304111406113e-08,7.501556121247763e-08,9.509035043747262e-08,1.1352762059200642e-07,1.2371408970407475e-07,1.2115298202671088e-07,1.0346402803798379e-07,7.038346444100018e-08,2.3764034163901184e-08,-3.242501364013257e-08,-9.209792359288657e-08,-1.4705243409110975e-07,-1.8696977730651075e-07,-1.9941467918576718e-07,-1.6983535945051643e-07,-8.385454449048158e-08,2.864543410405722e-08,1.1280598481902057e-07,1.3761824369685868e-07,9.712805326684513e-08,1.0435962545084174e-08,-7.830277296549644e-08,-9.987819127513633e-08,critical,6.297152560440927
1.0,0.9586411498527726,0.8651602842630702,0.7509685329069016,0.6345587637097132,0.5255335024812566,0.42870384515097,0.3453984667447867,0.27565726922970524,0.21810581401663953,0.17144414853966244,0.1339697704388501,0.104115558108978,0.08059558521048496,0.062133568844114424,0.04771932269178004,0.03654852798134124,0.027913645521845394,0.021262087120429325,0.01615829321770195,0.01224623875369986,0.009267997440121762,0.007010645267440949,0.005295146405091118,0.003987141973323988,0.0029990510526306862,0.002256613851538056,0.0016953591887550765,0.001270085122358162,0.0009511865150523438,0.0007124490334027666,0.0005322642143537895,0.0003971570443657619,0.00029654538593719263,0.00022117549660310792,0.00016452555578610887,0.0001224416135605472,9.122580204443749e-05,6.774734530072844e-05,5.022066668727655e-05,3.731442328606172e-05,2.7773126413811785e-05,2.0546921897812273e-05,1.5162688500123343e-05,1.1242292997926506e-05,8.39262397726711e-06,6.221231665009447e-06,4.553245234970069e-06,3.3343149485429168e-06,2.480955856666894e-06,1.8858128668976555e-06,1.4187836355690392e-06,1.0228567434618217e-06,7.215142319617423e-07,5.156423933701446e-07,3.9264347745607633e-07,3.264356914562983e-07,2.7745320007527767e-07,2.0506509596370852e-07,1.3174661798545233e-07,7.30383169827776e-08,3.5956704767777736e-08,2.2452894221887462e-08,2.94125992958824e-08,4.865613500988005e-08,6.693841745333899e-08,6.594896378505875e-08,4.1053008020735896e-08,1.0169128354062443e-08,-1.8742046776581873e-08,-3.9855628399807476e-08,-4.947218762873874e-08,-4.6017755661014235e-08,-3.004382377878632e-08,-4.227343348721455e-09,2.6629274177999508e-08,5.559815726568283e-08,7.362597429411971e-08,6.961964241579693e-08,7.368500473644263e-08,1.0351207695236059e-07,1.4138802512056567e-07,1.7333671385915743e-07,1.891187063473182e-07,1.8223126432531252e-07,1.4990834809448844e-07,9.312061651727835e-08,1.6575427017196193e-08,-7.128316442116165e-08,-1.582744032521128e-07,-2.2848083636889432e-07,-2.622483121036594e-07,-2.361859802274786e-07,-1.406546344235375e-07,-4.865930465576325e-08,8.577799547668129e-09,2.2522652339767842e-08,4.3911712500824156e-10,-3.4611053440676274e-08,-4.376821744988799e-08,critical,6.317584708785007
1.0,0.9586161462684804,0.8650159522418064,0.750609759559124,0.633945260327483,0.5246568425626629,0.42760820487338946,0.34412971324477876,0.27428321528352057,0.21668649205364676,0.17002590196944398,0.13260152305990697,0.10282430131773916,0.07940271304197372,0.06105295963021938,0.0467540267127179,0.035697842063612324,0.027173080882387783,0.020624271469242676,0.01561466511619937,0.011790409249839252,0.008887529094934657,0.00669075842508093,0.005024185469918564,0.003762859260063134,0.002816861505388656,0.0021082104672598854,0.0015727315429735662,0.0011710733398643378,0.0008720396828738382,0.0006484839134855954,0.0004808506384187737,0.0003564654134554684,0.0002642874338399406,0.00019532301571327003,0.00014417890753688395,0.00010654930040172463,7.861786423772344e-05,5.778871817449981e-05,4.251124457954036e-05,3.1354963017908146e-05,2.3029936652503587e-05,1.6827879384594413e-05,1.232916873441109e-05,9.09839072908115e-06,6.69203835497177e-06,4.849536805848042e-06,3.506636623812866e-06,2.5723838026215338e-06,1.9298113816714407e-06,1.4366638137817266e-06,1.0224530058760248e-06,7.108359069057959e-07,5.017645656982492e-07,3.8006522181693587e-07,3.1543830556174835e-07,2.6245843796892155e-07,1.8517803741012673e-07,1.1289141619007936e-07,5.852364024138964e-08,2.8124910904502902e-08,2.204877992219588e-08,3.495214943957706e-08,5.5795272004087766e-08,6.784175056550048e-08,5.2621104843513617e-08,2.357444344824035e-08,-6.7484860116514855e-09,-3.119694664433352e-08,-4.497095334865885e-08,-4.562127281416323e-08,-3.304942352106482e-08,-9.507675740263935e-09,2.040094846665663e-08,4.972267524743181e-08,6.915297895911372e-08,6.703658216807324e-08,6.198205490474477e-08,7.491100238098079e-08,9.497614529641557e-08,1.1344054256708022e-07,1.2368290172966769e-07,1.2119757894153488e-07,1.0359457898070073e-07,7.059955524584853e-08,2.4053809756322422e-08,-3.2085706847867783e-08,-9.174639530605175e-08,-1.4674000773689598e-07,-1.867626476384009e-07,-1.9939476988790933e-07,-1.7010118074209564e-07,-8.446740470057401e-08,2.7860869016214396e-08,1.1205307023250074e-07,1.3708268647751682e-07,9.69402383854424e-08,1.0633279695412666e-08,-7.78136027484892e-08,-9.935878899722223e-08,critical,6.297540146566526
1.0,0.9587524445275952,0.865801593841582,0.7525588715445443,0.6372744780845192,0.5294090201812922,0.43354318634843114,0.35100200715281377,0.28172166628892314,0.2243762027320438,0.17770993957583825,0.14002030425463477,0.1098359887667863,0.08588642482914681,0.06693599368934812,0.052020846960212766,0.04034861344838829,0.031231688434302723,0.024129559539992556,0.018613904519452447,0.014332990526562128,0.011029742729935987,0.008487632705924798,0.006524755690514038,0.005005336709159425,0.003838470582055849,0.0029460120218008715,0.0022594401543777,0.0017292112941295558,0.0013234273974048307,0.0010135913153939717,0.0007753016204427958,0.0005923300159352107,0.0004528692928861946,0.0003464092996128704,0.0002644508043175166,0.00020183677219311357,0.0001542664278534376,0.00011788721999715005,8.986502676826899e-05,6.853596390797738e-05,5.239462198340528e-05,4.004538460440151e-05,3.0481779402383557e-05,2.3204599092917392e-05,1.773841073159914e-05,1.3608385918237802e-05,1.0373235518230026e-05,7.858202068128094e-06,5.966015989026445e-06,4.576143869687038e-06,3.54906511207754e-06,2.7288939047797444e-06,2.051424954135837e-06,1.5279635067102121e-06,1.1490046654650145e-06,8.920924328695407e-07,7.218197109002187e-07,5.898283010406156e-07,4.4884788129066093e-07,3.1981136004451805e-07,2.1717278049902888e-07,1.4679544401407055e-07,1.0909443786473798e-07,9.903663524134794e-08,1.0614069524943622e-07,1.1447706290975858e-07,1.0271300636114573e-07,6.98105567562943e-08,3.400413983462559e-08,2.281769613527592e-09,-2.0383918712741193e-08,-3.1035668773052455e-08,-2.873160301940694e-08,-1.4545222726935044e-08,8.434592006102685e-09,3.510358225831691e-08,5.834211028518798e-08,6.901515951906704e-08,6.3736069575516e-08,9.777905058083814e-08,1.6267884666058633e-07,2.3522365405593846e-07,2.968015354064963e-07,3.3340041975028166e-07,3.356081025237428e-07,2.986122455617503e-07,2.222003770975984e-07,1.1075989176300227e-07,-2.6721949411895214e-08,-1.766580189985289e-07,-3.2086132316991794e-07,-4.36545001700644e-07,-4.963223279668784e-07,-4.682067089463644e-07,-3.222706040170169e-07,-1.79917292514904e-07,-9.440471698106724e-08,-5.101051183490786e-08,-2.599208317655647e-08,critical,6.407042615213358
1.0,0.9586234299216415,0.865058006312148,0.7507143278509091,0.6341241059182341,0.5249124437271794,0.4279276927595045,0.3444996787349629,0.274683928170656,0.2171003550053504,0.17043944593497662,0.1330004417653224,0.10320067360179477,0.07975036179671577,0.06136780935407638,0.04703517673706129,0.035945531707579775,0.02738862182096587,0.02080982332670197,0.01577292538945266,0.011924216851646918,0.008999877326270325,0.006784456880016741,0.005101810552375214,0.003826747805294002,0.002869171921327393,0.002150895162660479,0.001607404838937722,0.001199060131670781,0.0008945468460985963,0.0006665641209625652,0.0004952902697840852,0.00036794569520327293,0.0002734094677668722,0.0002025557074784921,0.00014987705125186042,0.00011102925327244993,8.21499532588027e-05,6.055505792624779e-05,4.466580540529598e-05,3.303477066021409e-05,2.4347009567865718e-05,1.7849843164706265e-05,1.3116169297164184e-05,9.705417637588256e-06,7.168108340047996e-06,5.2185896816615866e-06,3.788177681416074e-06,2.7851150093736723e-06,2.092078454125449e-06,1.5662926648048539e-06,1.1237100209069638e-06,7.874964151160419e-07,5.580231859565633e-07,4.2061092633815406e-07,3.4552948355558715e-07,2.8799795928878947e-07,2.072385440803324e-07,1.301459014038205e-07,7.102540632730987e-08,3.6325615749953426e-08,2.6773855582307122e-08,3.737622074633143e-08,5.741757517539126e-08,7.046155181425563e-08,5.6973730939626424e-08,2.804812290396669e-08,-2.7207822388283825e-09,-2.8049891781533165e-08,-4.299372847795221e-08,-4.49444305429215e-08,-3.363175165230827e-08,-1.1123060943010388e-08,1.8176656987042882e-08,4.7524802078891e-08,6.784115881254213e-08,6.770789620697476e-08,6.128372351373458e-08,7.339585551176011e-08,9.331513598886233e-08,1.1218984989610156e-07,1.2327289784275728e-07,1.219217960963305e-07,1.0559867658254144e-07,7.387028688533156e-08,2.8407990246861322e-08,-2.7012234432486333e-08,-8.650979259411006e-08,-1.420994740211886e-07,-1.8369145283867834e-07,-1.9909128751331713e-07,-1.7399992085362188e-07,-9.350314780984001e-08,1.629253882370107e-08,1.0092804464571912e-07,1.2912515339645984e-07,9.406849199923516e-08,1.3405530560427806e-08,-7.075341763051248e-08,-9.183519610106183e-08,critical,6.303377208899609
1.0,0.9586436894811726,0.8651749389768376,0.7510049433199317,0.6346210075742026,0.5256224226435507,0.42881495519328855,0.3455271329842373,0.27579659192862094,0.21824975465364493,0.1715879826756625,0.13410855896101564,0.10424659100976902,0.08071665924749707,0.062243292454857733,0.047817392619693165,0.0366349967606488,0.02798896703257047,0.021327003697617173,0.016213723116853606,0.012293183388274485,0.009307491429729108,0.007043633918495336,0.005322501275367763,0.004009695970442446,0.0030175590076760837,0.0022717402322629753,0.0017076728625873797,0.0012800530614303662,0.0009592223479143502,0.0007189128643934229,0.0005374474112867649,0.00040129180796373397,0.00029983562037364675,0.0002237938251554679,0.0001665981527376706,0.00012407575094514436,9.251463024161197e-05,6.87638486634444e-05,5.101676236243095e-05,3.793596676584954e-05,2.8260302117805488e-05,2.0928854458780525e-05,1.5459195265376722e-05,1.147134278331086e-05,8.570412775032746e-06,6.361081343845179e-06,4.661662590623209e-06,3.417228200355958e-06,2.543943391370016e-06,1.9342248539134415e-06,1.457564004813295e-06,1.0531801795829786e-06,7.44573857157921e-07,5.327107538031684e-07,4.0508243825723456e-07,3.3570633173210965e-07,2.8512570791325335e-07,2.1178096478646335e-07,1.3706867600023914e-07,7.699263599026262e-08,3.866928279159229e-08,2.4138539507912557e-08,3.0363814311533404e-08,4.9232000443391176e-08,6.755347621304803e-08,6.706210499869187e-08,4.2290906523267674e-08,1.1379221813756603e-08,-1.7672147794763833e-08,-3.901569914293917e-08,-4.892474196881325e-08,-4.5793398907827976e-08,-3.0136605492823195e-08,-4.590110154036851e-09,2.608952578089457e-08,5.502492808693729e-08,7.321790964165888e-08,6.959076816279398e-08,7.321281360863163e-08,1.0285138800922541e-07,1.407694582788855e-07,1.7295656944935117e-07,1.8912884466978912e-07,1.8272898520679268e-07,1.5092627044438325e-07,9.461655788401161e-08,1.8422283144553457e-08,-6.930754003768782e-08,-1.564973198089778e-07,-2.2734488619815633e-07,-2.6232149111663934e-07,-2.381718083584092e-07,-1.437258558061599e-07,-5.137820779530706e-08,6.600967126293096e-09,2.153059681168163e-08,4.6095271091256015e-10,-3.382635012894576e-08,-4.281835306380992e-08,critical,6.319621734270329
1.0,0.9585312048101319,0.8645249499807194,0.7493869072131927,0.631851663921002,0.521662339690906,0.4238625392819759,0.33979272572909563,0.26958287063925424,0.21183492150275668,0.16517864057426387,0.1279283721093597,0.09842128004002906,0.07533876680688463,0.05737737825552681,0.04347804726717823,0.03281670347458147,0.02467114454327132,0.018475586074260652,0.013786754901653302,0.010249486865095999,0.007597837542708209,0.005618819625770091,0.004139403609667304,0.0030375388280206037,0.0022254660226848394,0.00162772343739267,0.0011843709637122852,0.0008592083532254939,0.0006225076797075557,0.0004491504370095457,0.00032264898840809065,0.00023144450479055764,0.00016549293618035776,0.00011760565095551436,8.340166307129546e-05,5.9060472824725506e-05,4.146984408978833e-05,2.8967960952151317e-05,2.0248804107955866e-05,1.4084864757656082e-05,9.639468854644428e-06,6.563333597567779e-06,4.503776241611468e-06,3.081929490781617e-06,2.0216992715454114e-06,1.290900181640435e-06,8.374501730457e-07,5.772650463658374e-07,3.9431629346375054e-07,2.2274269022357626e-07,9.881454597292363e-08,3.294847792242213e-08,1.952871955133695e-08,3.690712060756928e-08,4.7403147107658677e-08,2.1863237002085694e-08,-8.393123675492805e-09,-3.0190735112113374e-08,-3.675745542641854e-08,-2.6603914832557204e-08,-3.5235156401856816e-09,2.3407567745532166e-08,3.9830388823926204e-08,2.9476369022805456e-08,3.2594701063901644e-09,-2.5947265972010292e-08,-4.988358471327209e-08,-6.289120064622143e-08,-6.191379732763342e-08,-4.649702734223267e-08,-1.8788512302693782e-08,1.6462157150360087e-08,5.190342134835573e-08,7.758175159477046e-08,8.094165016513267e-08,7.022362323101882e-08,8.193320777265721e-08,1.0445630315721201e-07,1.268071817804505e-07,1.4057885980848326e-07,1.3994309717776281e-07,1.2165039759508516e-07,8.503000853758803e-08,3.198992125275312e-08,-3.2983129241597305e-08,-1.0282366415729437e-07,-1.6788746093583048e-07,-2.159515532483555e-07,-2.3221423099567127e-07,-1.992950403082437e-07,-9.583853816318885e-08,6.969009253635656e-08,2.1620267189292e-07,2.847214293881754e-07,2.5000697881780554e-07,1.2055831829148829e-07,-6.138716976709086e-08,-2.1985371862025426e-07,-2.451271772163133e-07,critical,6.229590140191984
1.0,0.9586778307551521,0.8653718551539781,0.751493878069536,0.6354565288914876,0.5268156150389446,0.4303055426626224,0.3472532273914037,0.27766527707176736,0.22018088699736532,0.17351771243791894,0.13597105492190334,0.1060059621711369,0.08234275490755494,0.06371773242560157,0.049136217497582804,0.03779856382944693,0.029003350060593354,0.02220206924066062,0.01696165665248716,0.01292735720459432,0.009841658658619943,0.007490378602597577,0.005693453856404154,0.004315998106403491,0.003269313008216379,0.0024778410500427917,0.0018757450465613364,0.0014163641022383881,0.001069327116537273,0.0008076532699744603,0.0006087653309839809,0.000458314758473127,0.0003453132935445965,0.00026006995063310574,0.0001953922178215533,0.00014683851057463606,0.00011050820020277896,8.299891618935441e-05,6.220197670551586e-05,4.669438977552652e-05,3.5138536373384674e-05,2.6342358914747836e-05,1.9679279144937416e-05,1.4743181371441345e-05,1.111480001896618e-05,8.36780349925743e-06,6.225923409190661e-06,4.620299395174942e-06,3.4620873869562833e-06,2.640278065078124e-06,2.021696860881296e-06,1.4981575190482496e-06,1.0860060892020466e-06,7.879617018304747e-07,5.926339682105993e-07,4.753024537731412e-07,3.979166781024668e-07,3.1124320735791913e-07,2.1682175975399898e-07,1.373034306272722e-07,8.114246099671688e-08,5.157908246408432e-08,4.663951721389821e-08,5.913597801345666e-08,7.666666821283031e-08,8.161578174486283e-08,5.952859120952985e-08,2.8140125488125317e-08,-2.8794429642821437e-09,-2.735802804137529e-08,-4.119400412595644e-08,-4.235620608994805e-08,-3.088392929439184e-08,-8.88692958944938e-09,1.9454576685597634e-08,4.788991270234877e-08,6.809794114328304e-08,6.96870642017597e-08,7.597135600097726e-08,1.284886041007128e-07,2.0183612501323694e-07,2.7400912392268654e-07,3.2778270678683755e-07,3.507118803371018e-07,3.351315520785327e-07,2.781565302898221e-07,1.8168152402330129e-07,5.2381143104936186e-08,-9.829010186566064e-08,-2.540977995152431e-07,-3.9402763769692774e-07,-4.922854034901848e-07,-5.18296983200854e-07,-4.367083623611338e-07,-2.613073701546857e-07,-1.3594534824819554e-07,-6.6503805501945e-08,-3.680158410429997e-08,-1.937041120132793e-08,critical,6.3470258164791
1.0,0.9586459989556576,0.8651882647759251,0.7510380491652389,0.6346775993970644,0.5257032647626183,0.4289159679828899,0.3456441065057369,0.27592325005748464,0.2183806154618798,0.17171874698444903,0.13423474020959517,0.1043657297960004,0.08082674706499426,0.06234306682726067,0.04790657882346728,0.036713639498269064,0.028057478760912684,0.02138605845412354,0.016264154515277646,0.012335901288399613,0.009343435289969228,0.007073662258510643,0.005347405888628283,0.004030233786696131,0.003034416048387927,0.002285520410167796,0.001718893287656148,0.0012891382963375502,0.0009665484856848509,0.0007248073838166617,0.00054217550422344,0.0004050646819138851,0.0003028387779575474,0.00022618446240591514,0.00016849120965919617,0.0001255688561507386,9.369258118321718e-05,6.96932920764923e-05,5.174499507367475e-05,3.850474788419768e-05,2.870623132549096e-05,2.127864396351452e-05,1.5730898478967435e-05,1.1681332234165864e-05,8.733443619777624e-06,6.489374585544291e-06,4.761194687744052e-06,3.493404064015751e-06,2.6018469599704406e-06,1.9787292000986076e-06,1.4932127055117152e-06,1.081082931780347e-06,7.658186553735299e-07,5.484569901245117e-07,4.1657000281796064e-07,3.4426471318997767e-07,2.9218309392808755e-07,2.179684274398628e-07,1.4198007178687786e-07,8.065086408991915e-08,4.1188078366450596e-08,2.5712477265591385e-08,3.12583120681155e-08,4.977332268645303e-08,6.811873766468883e-08,6.806927417856284e-08,4.342118281259102e-08,1.2483193161807478e-08,-1.66964363249432e-08,-3.824944164305733e-08,-4.842426602135415e-08,-4.558605992207608e-08,-3.021668104088807e-08,-4.914694306878452e-09,2.5604628117441724e-08,5.4509306836138754e-08,7.28506552198556e-08,6.957807161831045e-08,7.279139255710032e-08,1.0225428221650762e-07,1.4020696596467887e-07,1.7260733096088774e-07,1.8913092615553288e-07,1.831709622901378e-07,1.5183831189735129e-07,9.596150930094971e-08,2.0086750615832763e-08,-6.752210625197563e-08,-1.5488354160532138e-07,-2.2629837395592854e-07,-2.6234976002439677e-07,-2.399031947401966e-07,-1.4648513697688164e-07,-5.382340855928023e-08,4.817477226061651e-09,2.0626497435070763e-08,4.6378875808257173e-10,-3.3139352480157695e-08,-4.198047032049508e-08,critical,6.321474328540778
1.0,0.9585988907828272,0.8649162921007114,0.7503618463745687,0.6335211369070336,0.5240505635800015,0.42685025134702054,0.3432520202872637,0.27333243321545714,0.21570467506091506,0.16904486427162302,0.13165532925595813,0.10193191091380004,0.07857858443575708,0.06030685066402393,0.04608811085130831,0.03511144174999809,0.026663073309566396,0.020185500117240893,0.015240684163411712,0.011474456941965177,0.008622468567174404,0.006469895427059686,0.004841386907307223,0.003612565141343245,0.002693938732455158,0.0020080202159940904,0.0014914514380528195,0.0011055552263704452,0.0008194195346146235,0.0006062742922909159,0.0004471952338345251,0.0003297498756357009,0.0002430895060367265,0.00017854952985726526,0.0001309898297597136,9.619708709862564e-05,7.047126993909119e-05,5.142401050501709e-05,3.7565065451961935e-05,2.7504244644479777e-05,2.0018193702696217e-05,1.4498365801621103e-05,1.0540206984141783e-05,7.720366284441994e-06,5.61303476294397e-06,4.0167507377181405e-06,2.8741591954628987e-06,2.0960940595654113e-06,1.5662801756952712e-06,1.1461475474572239e-06,7.969850884995308e-07,5.414571899058892e-07,3.784863901387058e-07,2.916904063928569e-07,2.493821345956851e-07,2.0456964940700402e-07,1.364546906019886e-07,7.527784060354186e-08,3.178895282387536e-08,1.1095261244165137e-08,1.2671499804260435e-08,3.035990240268444e-08,5.237020289663504e-08,6.12796351019834e-08,4.244046762442361e-08,1.3185109810545726e-08,-1.6015835670653847e-08,-3.832246780382953e-08,-4.928078743967695e-08,-4.682269729493406e-08,-3.1266001952380924e-08,-5.314407860839331e-09,2.5942476664826493e-08,5.502914144371068e-08,7.208417442886478e-08,6.564899796870232e-08,6.416932846264475e-08,7.897365420947317e-08,9.938769855972326e-08,1.1689361542852679e-07,1.2512998929560957e-07,1.1989183520529382e-07,9.913059876649596e-08,6.295415615272893e-08,1.36268141020993e-08,-4.443069008268873e-08,-1.0464118853433807e-07,-1.5827108282095615e-07,-1.944303439460525e-07,-2.0007251234854596e-07,-1.5999469790275528e-07,-6.142058480761492e-08,5.728163911580019e-08,1.4012434970446022e-07,1.5678984205983004e-07,1.0339252813659472e-07,2.4789367426671174e-09,-9.697228646081934e-08,-1.195503789595007e-07,critical,6.283718310293951
1.0,0.958567614740758,0.8647355446155427,0.7499118406759832,0.6327508699094695,0.5229490104462562,0.4254726039590085,0.34165681950196636,0.2716038380209852,0.21392024325855155,0.16726195341206782,0.12993626461803925,0.10031176095235178,0.07708295062936987,0.05895376560560831,0.0448816562349497,0.03405000512955648,0.02574093014694091,0.019393156468786067,0.014566259479904772,0.010905563938449103,0.00814600715008643,0.0060735942304944585,0.0045140231622580965,0.003343975345209993,0.0024747482800501104,0.0018297731013996671,0.00134722782526569,0.0009896143530351946,0.0007265531437864812,0.000532000476664635,0.0003881702300741888,0.00028304626854965074,0.00020613685755156667,0.00014943365823302316,0.00010818603070981114,7.835764387542808e-05,5.6490462054828795e-05,4.055635230013339e-05,2.915711632827517e-05,2.0976037630553347e-05,1.4942227865973706e-05,1.0597916874164552e-05,7.561348778158706e-06,5.430374198100195e-06,3.828901718908802e-06,2.6525227043955138e-06,1.8476555474422328e-06,1.3279076859073784e-06,9.776445644703219e-07,6.775974428932652e-07,4.3849771806665635e-07,2.767046249677923e-07,1.8914362001731342e-07,1.5710536396708475e-07,1.4624572190019434e-07,1.1061072777550381e-07,6.05451695996044e-08,1.8449845889014908e-08,-6.772003868339413e-09,-1.1709545550564462e-08,1.5556495982012842e-09,2.5449604967786744e-08,4.6905938581989254e-08,4.739343468683397e-08,2.431874811952739e-08,-5.065601886392499e-09,-3.200562161934229e-08,-5.021470742504071e-08,-5.5873645706507055e-08,-4.7630612924062514e-08,-2.6601175595329458e-08,3.63170970476829e-09,3.701769634400577e-08,6.503904763285583e-08,7.671063682449072e-08,6.568012815940075e-08,7.0284611791298e-08,8.846148996671436e-08,1.0960725791219926e-07,1.2540971472045277e-07,1.2984796335032408e-07,1.1919241062681333e-07,9.200476724106949e-08,4.913804775039326e-08,-6.2634294217671014e-09,-6.876404198580993e-08,-1.3063686378598671e-07,-1.8186366480039787e-07,-2.1013491114099373e-07,-2.0084976505357425e-07,-1.3711608491778826e-07,-1.1099680591060984e-08,1.2018908321730477e-07,1.9881628415476898e-07,1.9625933913607097e-07,1.1341381204804021e-07,-1.9406586250393636e-08,-1.4246999792821163e-07,-1.6662641818229126e-07,critical,6.258689383916915
1.0,0.9585468159679648,0.864615268016913,0.7496121174536067,0.6322375391531927,0.5222145793461948,0.4245537038092807,0.34059290166780865,0.2704505241018408,0.21273008452849826,0.16607290562552318,0.12879015805932334,0.09923242705978357,0.07608700564739847,0.05805342860093262,0.04407974281757472,0.033345179536962574,0.025129331475317727,0.018868362708881,0.014120229810198174,0.010529965410398159,0.007832009854761072,0.005812938202188081,0.004299168464207791,0.003168101629640854,0.0023315707243125624,0.0017136342644367662,0.0012535327651438256,0.0009145197811990697,0.0006665835500239555,0.0004841976702132191,0.0003503226653402048,0.00025320652379705506,0.00018260746946970334,0.0001309816995906459,9.379817548528212e-05,6.714308261927042e-05,4.774635759689163e-05,3.379838117685072e-05,2.395448634675329e-05,1.694727246877603e-05,1.1834447695783188e-05,8.227885982591746e-06,5.762181831159963e-06,4.048695659536626e-06,2.7617357229812537e-06,1.845626913489487e-06,1.2470588244163476e-06,8.810938600962679e-07,6.32015874073535e-07,4.061239564774639e-07,2.3454388554645165e-07,1.2931600918092637e-07,8.594296958711613e-08,8.406773057441339e-08,8.74735775553763e-08,5.72391788698675e-08,1.8662181514280997e-08,-1.1566641997264598e-08,-2.5764808779341606e-08,-2.1629354939626938e-08,-2.2368355789034295e-09,2.3956675208940456e-08,4.3115584336911425e-08,3.7237412674985994e-08,1.2336455225510023e-08,-1.6983367606242135e-08,-4.2258338679967625e-08,-5.756270255237336e-08,-5.950866547717476e-08,-4.7246395405096765e-08,-2.246402198387352e-08,1.061236344175207e-08,4.521870783002743e-08,7.205299644219088e-08,7.927525284247164e-08,6.762314772423977e-08,7.62269996560189e-08,9.67925018547336e-08,1.1856556973960855e-07,1.3322707654464255e-07,1.3489285331860656e-07,1.2011368892504602e-07,8.787533004227836e-08,3.9598481163396156e-08,-2.0861195403737523e-08,-8.721307953648181e-08,-1.507315932974275e-07,-2.0025620093439016e-07,-2.2219140888040947e-07,-2.0050676575375647e-07,-1.1635960222353527e-07,3.1324958477382056e-08,1.7135320268089313e-07,2.4512450632109733e-07,2.2579846015689448e-07,1.1829486977197007e-07,-4.0706244425192877e-08,-1.827646472013265e-07,-2.0767988849836198e-07,critical,6.242061744903761
1.0,0.9586670867468726,0.8653099058339953,0.7513401234773599,0.635193846693806,0.5264405674659638,0.42983708862412984,0.3467107650680384,0.27707807427316866,0.21957395837654806,0.17291122095764172,0.13538560098860897,0.10545274000020437,0.08183134627070882,0.06325386161328012,0.048721106951522306,0.037432172066731946,0.028683770574175944,0.021926219530966285,0.016725733907616076,0.012727171452146028,0.009672913019064531,0.0073491377244850765,0.005576074898945243,0.004218986011944974,0.003189497747356582,0.0024124310280165297,0.0018223455128917683,0.0013730047949564667,0.0010342611162453476,0.0007793567067946924,0.0005859928461977142,0.0004400808948533439,0.00033075105154430377,0.0002484373290223053,0.00018614329254239802,0.00013951501657115942,0.00010471099307319076,7.840423935212219e-05,5.8584474558696444e-05,4.385666675841779e-05,3.290729663740251e-05,2.4582292838906776e-05,1.830381273095194e-05,1.3674431711304487e-05,1.0282661526099098e-05,7.710598555622119e-06,5.711964325892017e-06,4.223691415747536e-06,3.1585717842809573e-06,2.406743820669462e-06,1.83569234417511e-06,1.3505162948380506e-06,9.721384087459103e-07,7.023495951801597e-07,5.294244515526632e-07,4.282600150468311e-07,3.6037576261760955e-07,2.7806665602942947e-07,1.900447819684256e-07,1.1685771855351833e-07,6.654008735050113e-08,4.195346596792202e-08,4.078638805708315e-08,5.555434331204172e-08,7.359977746960916e-08,7.709209230935147e-08,5.397084999502822e-08,2.275138371938562e-08,-7.6324725699336e-09,-3.1114691671004415e-08,-4.371332641589378e-08,-4.353050967066109e-08,-3.0752454335357273e-08,-7.649453344025615e-09,2.1424120335298256e-08,5.002981370058774e-08,6.9645093715823e-08,6.966334731099242e-08,7.898341279176166e-08,1.342433343885671e-07,2.091071131123191e-07,2.8155649967094337e-07,3.3442284478513707e-07,3.553870991883665e-07,3.3697981362687146e-07,2.765811388596641e-07,1.7642082565852702e-07,4.357822480801232e-08,-1.1001771289454886e-07,-2.6758843663906324e-07,-4.0750579560266163e-07,-5.032920389496994e-07,-5.236198158317674e-07,-4.323121753876748e-07,-2.543306742919419e-07,-1.3070579515256676e-07,-6.329862888438476e-08,-3.550746740041852e-08,-1.9048702449714467e-08,critical,6.338398034708515
1.0,0.958527810440783,0.8645053073279648,0.7493379116516369,0.6317676962866527,0.5215421528345476,0.4237120919345371,0.33961855832335963,0.2693939872615855,0.21164007280163055,0.16498399522649174,0.12774081657447603,0.09824479406635789,0.07517599595735458,0.0572303520295644,0.043347242682937055,0.03270185899036312,0.02457161905675608,0.018390312004479593,0.013714395746801973,0.010188665816504305,0.007547092815179628,0.005576785703487177,0.004104836480540453,0.0030093146605788034,0.002202550291921852,0.001609186940030189,0.0011694651674402532,0.000847301379197251,0.0006130302914972577,0.000441624422825175,0.00031671493088172614,0.00022678452726050962,0.00016183345989895448,0.00011475074360532586,8.118649684710967e-05,5.734066643934875e-05,4.0137408872987244e-05,2.7944848930678635e-05,1.946536844990724e-05,1.3480711695963116e-05,9.177638474964935e-06,6.2141718619063626e-06,4.240366962908699e-06,2.8795459481166393e-06,1.867597919963457e-06,1.175944447170505e-06,7.529339435415738e-07,5.146380146507209e-07,3.4509674360130745e-07,1.8513726954757837e-07,7.122270087718544e-08,1.3558767278632756e-08,6.28072922506499e-09,2.745337797426875e-08,3.9071035568673186e-08,1.469651444184223e-08,-1.378741781883849e-08,-3.3809229923355545e-08,-3.8793572181871347e-08,-2.742533830851402e-08,-3.6496654213784487e-09,2.3328065957474274e-08,3.9042231902016864e-08,2.7765077387871493e-08,1.2659224450721795e-09,-2.790983748775974e-08,-5.154439212778842e-08,-6.403727257003156e-08,-6.240535128735946e-08,-4.628284213049565e-08,-1.7921300328017124e-08,1.78103775136469e-08,5.342595341021298e-08,7.882184799954588e-08,8.127714054165565e-08,7.093288304745813e-08,8.333865744303523e-08,1.0631240976295911e-07,1.2880316961783467e-07,1.4237473468189044e-07,1.412056706929774e-07,1.2208931145257025e-07,8.443375882576579e-08,3.026188274128583e-08,-3.5788678808527875e-08,-1.0646551976770622e-07,-1.7190146601666058e-07,-2.1961457537217872e-07,-2.3450813758742213e-07,-1.9887067435193493e-07,-9.066945571656837e-08,7.89180105057422e-08,2.2680778268704818e-07,2.9395766243937167e-07,2.555214560796632e-07,1.2084897462978658e-07,-6.65139661834659e-08,-2.2882554592839163e-07,-2.541479394683571e-07,critical,6.2268794065075515
1.0,0.9585321687172829,0.8645305276528455,0.7494008188048618,0.6318755041135959,0.5216964621416671,0.4239052513557989,0.3398421725356,0.2696364934685368,0.21189023936137977,0.16523390123414833,0.12798162126009882,0.09847138958294047,0.07538498405166862,0.05741912762267072,0.04351519368664488,0.03284932026937672,0.02469941350534065,0.01849980992377186,0.013807312627995331,0.010266769063700512,0.0076122588547672815,0.005630767427086134,0.004149230862157696,0.003045564428101071,0.0022319835489491412,0.0016329966262588242,0.0011886124103121579,0.0008625973874639907,0.0006252059042130751,0.0004512937606504506,0.00032433950266972744,0.00023277247727287906,0.0001665361439785672,0.0001184198414304174,8.403365542577867e-05,5.955129030878072e-05,4.1850314931924995e-05,2.92602593033914e-05,2.0472722471188347e-05,1.4257610119769965e-05,9.77161591422056e-06,6.6633120180067555e-06,4.579236251467962e-06,3.1399196728526005e-06,2.0659003192246492e-06,1.323910110948258e-06,8.61743331000711e-07,5.952695294064601e-07,4.0846230780503234e-07,2.3356814868018058e-07,1.0677369511446968e-07,3.8555108475857007e-08,2.336694444539185e-08,3.964215301721809e-08,4.979207849857354e-08,2.3932435423186927e-08,-6.829703614884467e-09,-2.9135421688712597e-08,-3.6156606160405565e-08,-2.63542134749257e-08,-3.4782691600906592e-09,2.3432132173426734e-08,4.0048826832099374e-08,2.996055238092444e-08,3.823997490612518e-09,-2.539114200830736e-08,-4.94124375438955e-08,-6.256516443931285e-08,-6.17723019128197e-08,-4.655453307777668e-08,-1.9030244942644747e-08,1.6084471589016112e-08,5.147582171854446e-08,7.723230675217987e-08,8.084472410106115e-08,7.003199253918287e-08,8.154546744194868e-08,1.0394237671456671e-07,1.2625451095830238e-07,1.400825034717838e-07,1.3959583025100013e-07,1.215328099893034e-07,8.520060407740643e-08,3.247521660338621e-08,-3.219850564732227e-08,-1.0180687319191659e-07,-1.6676735385023628e-07,-2.1492857274475924e-07,-2.3157031230059854e-07,-1.9940351224550832e-07,-9.725650087083888e-08,6.713114538835975e-08,2.1324984184918943e-07,2.8214136916061455e-07,2.484577954809638e-07,1.2046147647791512e-07,-5.997494467149145e-08,-2.1736853728086843e-07,-2.426260831544615e-07,critical,6.230359978498331
1.0,0.9586803468675172,0.8653863604118515,0.7515298709120424,0.6355180126437298,0.5269033879052551,0.4304151663506719,0.3473801687266471,0.2778026790159869,0.22032291843351104,0.1736596417689644,0.13610807363671812,0.10613545739434915,0.08246247902924352,0.06382634859250842,0.049233442552271425,0.037884397900777064,0.029078239123173914,0.02226673224453904,0.017016979947323724,0.012974319597791929,0.009881262317070651,0.007523541880330796,0.005721027608173428,0.004338799351043001,0.003288082916097185,0.0024932323711490977,0.001888317980819413,0.0014265797812309032,0.0010775944909201642,0.000814329228129333,0.000614142146137176,0.0004626233885920679,0.00034875699994707266,0.0002628230565131456,0.00019758323686740957,0.0001485749887635764,0.00011188387062834905,8.409031365281421e-05,6.306222515532644e-05,4.7369891491430495e-05,3.5670045707754614e-05,2.676212728002861e-05,2.0007778421792773e-05,1.4998747797294269e-05,1.1313935545329606e-05,8.525176465578553e-06,6.34921607554916e-06,4.715618816205125e-06,3.5351498920814697e-06,2.6965223766072678e-06,2.0663972121056105e-06,1.533765402440341e-06,1.1135457951627614e-06,8.087330051151509e-07,6.080128305958749e-07,4.867524282110321e-07,4.0700031287443886e-07,3.1926831355764864e-07,2.233215512626069e-07,1.4229202460698743e-07,8.473201630399277e-08,5.3970495434443406e-08,4.811311744677701e-08,6.004222415704999e-08,7.741684374893605e-08,8.267269077372675e-08,6.085018543719862e-08,2.9419916739733084e-08,-1.7506176213734048e-09,-2.6464012142958656e-08,-4.0590392628032566e-08,-4.206741618577765e-08,-3.090027123154799e-08,-9.161677486870322e-09,1.9008114020556752e-08,4.740132095686279e-08,6.774262968200444e-08,6.968919524976649e-08,7.531502673103882e-08,1.27197532359733e-07,2.0020278362970414e-07,2.7232251307579034e-07,3.2631373939431223e-07,3.4969876744307075e-07,3.3476518824135186e-07,2.7856587896992357e-07,1.8291900297103717e-07,5.4408009748423747e-08,-9.561836503269634e-08,-2.510460995456271e-07,-3.9099588580218816e-07,-4.898231296527112e-07,-5.171179507860518e-07,-4.3770518272957903e-07,-2.6298401203866127e-07,-1.3719732661541208e-07,-6.727622055121559e-08,-3.7129683829848055e-08,-1.9468960426624066e-08,critical,6.349046855610606
1.0,0.9585283209728921,0.8645082617973031,0.7493452814865441,0.6317803269940794,0.5215602321659418,0.42373472384864486,0.3396447582526739,0.26942240157678465,0.21166938397037627,0.16501327561582219,0.1277690299856758,0.09827134120746368,0.07520047941794857,0.0572524663030257,0.04336691588645084,0.03271913079254185,0.02458658597586231,0.01840313476628896,0.013725275557943872,0.010197809890056928,0.007554721174992181,0.005583103868571927,0.004110031663571904,0.003013555976460375,0.002205993408381106,0.0016119716605605384,0.0011717040639737837,0.0008490895271533054,0.0006144533228935372,0.0004427542245945629,0.00031760555221242633,0.00022748377876359268,0.0001623824580264712,0.00011517892015907316,8.151863839973416e-05,5.759848067778031e-05,4.033708055026427e-05,2.809811354347976e-05,1.9582696110656256e-05,1.3571165640973202e-05,9.246750322241316e-06,6.2663986868786675e-06,4.27975475020506e-06,2.9098039647071006e-06,1.8906214886130714e-06,1.1931065430127849e-06,7.65543303995593e-07,5.239806529353362e-07,3.524404982329512e-07,1.907420741620327e-07,7.532938376781685e-08,1.6439995240752693e-08,8.246749093585544e-09,2.8857758161357105e-08,4.0316407601407444e-08,1.576251088337877e-08,-1.2987136879994883e-08,-3.3274688693165923e-08,-3.849522801798675e-08,-2.7307505715383804e-08,-3.6339400453582028e-09,2.333938333301385e-08,3.916271136158282e-08,2.8023110510094253e-08,1.5663480065754447e-09,-2.7614205538168598e-08,-5.1294399126898315e-08,-6.386507535240666e-08,-6.233207039751769e-08,-4.6316214035087815e-08,-1.8053329628005313e-08,1.7605765870809996e-08,5.3195261918406353e-08,7.863435438179963e-08,8.122724553797441e-08,7.082273384115538e-08,8.312321994109603e-08,1.0602854848847117e-07,1.2849792043434605e-07,1.4209976928354734e-07,1.410117610946614e-07,1.2202079448003644e-07,8.452300060577983e-08,3.05237431917619e-08,-3.53623814883893e-08,-1.0591154460728084e-07,-1.7129068478376373e-07,-2.1905750808292674e-07,-2.341604880160937e-07,-1.989388655408356e-07,-9.146476644835225e-08,7.750816282642391e-08,2.2519183915990102e-07,2.925533061566008e-07,2.546861266854245e-07,1.2081038287963796e-07,-6.572732386311459e-08,-2.274538728808291e-07,-2.527696242471176e-07,critical,6.227287093285317
1.0,0.9586362952701911,0.8651322686393483,0.7508989176007965,0.6344397466436268,0.5253634657108043,0.42849136516443065,0.3451524134135699,0.275390826011278,0.2178305538161897,0.17116909313018885,0.13370437681671105,0.10386502264087667,0.08036410374956522,0.06192381085951104,0.04753187123545156,0.03638327283824887,0.02776971811579388,0.021138065160004153,0.01605241685749304,0.012156591198637809,0.009192596491367515,0.006947680348012837,0.0052429489979518755,0.0039441183602258855,0.002963757058592967,0.00222777824269965,0.0016718939047894116,0.0012510972431663322,0.0009358852151062516,0.0007001459911413481,0.000522403212197093,0.0003892943799568257,0.00029029153847585,0.00021620119609813747,0.00016059025005476753,0.00011934049966815354,8.878110537618609e-05,6.582045300155519e-05,4.8712597772369666e-05,3.613771361173225e-05,2.68511445921724e-05,1.9824736045070798e-05,1.4602507856916213e-05,1.0809872387485384e-05,8.057090015520619e-06,5.957471278849604e-06,4.349000795080978e-06,3.1782989718836264e-06,2.3625403534637133e-06,1.7947952816442358e-06,1.3458740553289627e-06,9.659356070791116e-07,6.783103259766834e-07,4.837300387944628e-07,3.6942394581326974e-07,3.0911862082196916e-07,2.630380111174644e-07,1.9248284204129196e-07,1.2180131729728414e-07,6.567747342453149e-08,3.0936716028848814e-08,1.9360665675120106e-08,2.768715788729813e-08,4.7610243148404985e-08,6.578018690053177e-08,6.380601858741102e-08,3.8700535315181004e-08,7.866430076254072e-09,-2.0779252543878814e-08,-4.145421017545613e-08,-5.0510882664445655e-08,-4.643645207254454e-08,-2.985284267717908e-08,-3.5167209715047906e-09,2.768050433559312e-08,5.671268231950102e-08,7.441891983987546e-08,6.971831122201219e-08,7.461320013061765e-08,1.0478688477521615e-07,1.4257041764169047e-07,1.7405183226709413e-07,1.890761432396499e-07,1.812453461987491e-07,1.479184178349526e-07,9.021131588999201e-08,1.2996979156766757e-08,-7.50946725206552e-08,-1.616767382470328e-07,-2.3060533607595847e-07,-2.6197960300985667e-07,-2.3214169499997863e-07,-1.346746864308169e-07,-4.33742062677139e-08,1.24011195566612e-08,2.441074348731051e-08,3.401706344032952e-10,-3.6199041226723676e-08,-4.5669281655564244e-08,critical,6.313691426599467
1.0,0.9585479021251917,0.8646215506611327,0.7496277788461638,0.6322643681902587,0.5222529702511208,0.42460174552433766,0.34064852285433045,0.2705108278384877,0.212792306853044,0.16613506763262909,0.1288500681804869,0.09928883054530518,0.07613904250580653,0.05810045652567622,0.04412161277447293,0.03338196633329536,0.02516123792046197,0.018895726365569892,0.014143473350607755,0.010549525906003346,0.007848350774918755,0.005826492881336173,0.004310332182851802,0.0031772317821006767,0.002338996521902043,0.001719651824326623,0.0012583818979727901,0.0009184017127376243,0.0006696800123921624,0.00048666265667552744,0.00035227147047099043,0.00025474085517556224,0.00018381562224364763,0.0001319274211995054,9.453432338289514e-05,6.771606547015206e-05,4.819216146928039e-05,3.4142142274761037e-05,2.4218626753856853e-05,1.7151576050517795e-05,1.1991530201828253e-05,8.347317503672632e-06,5.8526398636847465e-06,4.1181657375412044e-06,2.8151537339602045e-06,1.8858304947029853e-06,1.2768540626837237e-06,9.032194969066307e-07,6.492261114014729e-07,4.1952682908235795e-07,2.4453423665040075e-07,1.3646829712860477e-07,9.090784804175061e-08,8.75839281456246e-08,9.037977742702004e-08,5.984901764262682e-08,2.068314050510448e-08,-1.0147920763714294e-08,-2.4898094806522458e-08,-2.120715989183569e-08,-2.1007439139935562e-09,2.400967560684057e-08,4.332677152468039e-08,3.777195714369191e-08,1.296399362497115e-08,-1.6361766672166783e-08,-4.172696946060039e-08,-5.7187147342593115e-08,-5.9331719809791904e-08,-4.728399324322832e-08,-2.2701160913318514e-08,1.0225697020137958e-08,4.477161350795654e-08,7.167773461156852e-08,7.915131950302096e-08,6.748040693476232e-08,7.58727295396299e-08,9.630814336230088e-08,1.1804471828319229e-07,1.327667121072061e-07,1.3458457056372778e-07,1.2003492730662762e-07,8.808060391425938e-08,4.01106098894627e-08,-2.0059857340441222e-08,-8.61894124236434e-08,-1.496104820838538e-07,-1.9922930512029666e-07,-2.2152593240771207e-07,-2.0055422689635632e-07,-1.176104492611105e-07,2.8883020779455892e-08,1.6845462922451028e-07,2.4253430454196507e-07,2.24181922010869e-07,1.1808730372139327e-07,-3.94297814251551e-08,-1.8041961771634753e-07,-2.05302542628623e-07,critical,6.242929745541313
1.0,0.958706322687787,0.8655360540599644,0.751901130220601,0.6361520249383407,0.5278082370444259,0.4315450775370515,0.3486885412833511,0.2792186765822699,0.22178693311471812,0.17512260152576986,0.13752069762120628,0.10747095191291295,0.08369756769153494,0.06494731079664617,0.05023741752355977,0.03877118375336073,0.029852425436575413,0.022935677284077038,0.017589740723193994,0.013460946774870763,0.01029201148398973,0.007867822403947478,0.006007574166000729,0.004576013812515504,0.0034835900139693374,0.002653748621331892,0.0020196128954874915,0.0015334076931231649,0.0011641737994266912,0.0008843446667947626,0.0006706244693298524,0.0005079610926227491,0.00038505332295948175,0.0002918892097730535,0.00022076132718775007,0.0001669802457471493,0.0001264896483776955,9.570164885183391e-05,7.223613459709155e-05,5.458927420328789e-05,4.135942549695483e-05,3.126599638900221e-05,2.354274557759888e-05,1.775627055445205e-05,1.3466268687807344e-05,1.0227702786415874e-05,7.688243184818667e-06,5.754919660485619e-06,4.33453698236732e-06,3.31275524151763e-06,2.5543243086793568e-06,1.9247978048449673e-06,1.4177332142363552e-06,1.0396704773914568e-06,7.800309602132406e-07,6.150410131981744e-07,5.077319714362036e-07,4.079454070863941e-07,2.9565028874351294e-07,1.983809305515184e-07,1.2569579338485435e-07,8.184004834027554e-08,6.57455767368462e-08,7.10309701159425e-08,8.600153024125007e-08,9.364926909876588e-08,7.498956566470258e-08,4.308428980369214e-08,1.0310616273565307e-08,-1.6862801101756255e-08,-3.400966213542857e-08,-3.874602027768579e-08,-3.073028261583909e-08,-1.1663209874277941e-08,1.4712083585530626e-08,4.261012976504247e-08,6.420310702863465e-08,6.962084010360736e-08,6.957345400580312e-08,1.15018752280184e-07,1.8475284301640692e-07,2.5658374368795244e-07,3.1297001174537837e-07,3.4102074461631617e-07,3.324955797054774e-07,2.838046943946494e-07,1.9600880604269745e-07,7.481917198555993e-08,-6.94024104637407e-08,-2.2164360401511122e-07,-3.6224153140138296e-07,-4.6688277537829944e-07,-5.066033787245417e-07,-4.4778884424170356e-07,-2.815085268392323e-07,-1.5084797567113657e-07,-7.582054337521676e-08,-4.109158718199333e-08,-2.099043507502427e-08,critical,6.369923201931404
1.0,0.9585940645944004,0.8648884103464958,0.7502924613760792,0.6334024064444628,0.5238808067573143,0.4266379906318375,0.3430062318974315,0.2730661392368063,0.21542973039459937,0.1687701443727862,0.13139040370093744,0.10168213158982262,0.07834795192005636,0.060098119171497634,0.04590189827076013,0.034947531186540565,0.026520587134061,0.02006298585425083,0.015136325101689899,0.011386352717167817,0.008548611569058846,0.006408403701044245,0.004790537650578875,0.003570797261307776,0.0026598115932840996,0.001980233009326502,0.0014689356366147971,0.001087427923779975,0.000804878479475053,0.0005946255213800207,0.00043792112296750594,0.0003223988001340157,0.00023726414836529102,0.0001739487652762656,0.0001273786762274821,9.336696111078547e-05,6.824813053493425e-05,4.969109791233868e-05,3.622111077083554e-05,2.645928190633384e-05,1.9202924509913622e-05,1.386963868423492e-05,1.005859937693491e-05,7.349787005937877e-06,5.3234122771005505e-06,3.7941466677950135e-06,2.705807374580432e-06,1.969697495730516e-06,1.4696946917308234e-06,1.0690142821200315e-06,7.374974283791008e-07,4.971042744479143e-07,3.4646025696914537e-07,2.688355838998553e-07,2.3214523451149275e-07,1.8898813045524e-07,1.237075437163009e-07,6.556623636061406e-08,2.5021215070019855e-08,6.916508553810361e-09,1.0483167548726842e-08,2.9339264818960238e-08,5.148989515615223e-08,5.932717537939356e-08,3.9621448901203555e-08,1.0326249447505147e-08,-1.85447576329362e-08,-4.0237905860782375e-08,-5.039638970189752e-08,-4.706026456734916e-08,-3.0666446813407785e-08,-4.048713741546816e-09,2.7562296401557304e-08,5.653908442402482e-08,7.285729018877323e-08,6.543826201095582e-08,6.492242182787666e-08,8.024328437277034e-08,1.0075916627603729e-07,1.1800018458057809e-07,1.2566825674179147e-07,1.196371006275768e-07,9.795223451833169e-08,6.083097710695453e-08,1.066244749884083e-08,-4.799243478811123e-08,-1.0840094982350673e-07,-1.6165857726445174e-07,-1.9668899635555093e-07,-2.002440859289099e-07,-1.5690392440413655e-07,-5.447020241502558e-08,6.60986984723691e-08,1.484652566993554e-07,1.6254182395860298e-07,1.0509630718433092e-07,-2.4783144768447994e-10,-1.0301157452011752e-07,-1.2586034937408264e-07,critical,6.279854132906294
1.0,0.9586455242230031,0.8651855256061569,0.7510312443485891,0.6346659673235353,0.5256866484872756,0.42889520609076653,0.34562006409184853,0.27589721736173456,0.2183537186161401,0.17169186994877145,0.13420880484974657,0.10434124127425512,0.0808041186320829,0.062322557763845404,0.0478882455196787,0.03669747300449541,0.028043394315184034,0.02137391758161303,0.016253785970180176,0.01232711810341162,0.009336044459929247,0.007067487394091514,0.00534228429029545,0.004026009899477158,0.0030309488859361355,0.0022826858592035685,0.0017165850675785555,0.0012872691415998093,0.0009650410910084224,0.000723594432393489,0.0005412024657906725,0.00040428813700240344,0.0003022205888846091,0.00022569229940816023,0.00016810143015288543,0.00012526138565404732,9.344998193752696e-05,6.950184288730535e-05,5.1594966959105554e-05,3.8387552286263126e-05,2.8614340426393198e-05,2.1206549323977476e-05,1.5674886443843902e-05,1.1638034785526662e-05,8.699825606422579e-06,6.462915714773039e-06,4.740661723657626e-06,3.477684894134894e-06,2.5898956705669735e-06,1.969543480337017e-06,1.4858549577324538e-06,1.0753217465309728e-06,7.614301511601793e-07,5.452026736297137e-07,4.1419489030205267e-07,3.424954518925182e-07,2.907260834692714e-07,2.1669028167068964e-07,1.4096490047709578e-07,7.989402241705402e-08,4.066625223067557e-08,2.5385729481492844e-08,3.107212855645934e-08,4.96606586659501e-08,6.800206384376141e-08,6.786262294711096e-08,4.318848107419307e-08,1.2255976800183177e-08,-1.6897228079706954e-08,-3.840715224699468e-08,-4.852735634881614e-08,-4.562894299792655e-08,-3.020055677269945e-08,-4.848384217127388e-09,2.5703846159177674e-08,5.461486388098654e-08,7.29258565074498e-08,6.957962666268144e-08,7.28773989055139e-08,1.0237673398091326e-07,1.4032258904366195e-07,1.7267939373229869e-07,1.8913105016911682e-07,1.830809329601635e-07,1.5165188919524097e-07,9.568623844790784e-08,1.9745772775475515e-08,-6.788824328099087e-08,-1.552150726966666e-07,-2.265145059629768e-07,-2.623468610875907e-07,-2.395529835944219e-07,-1.4592054142207641e-07,-5.332289629424792e-08,5.182975241407741e-09,2.081247305066076e-08,4.64501126767018e-10,-3.327853240953004e-08,-4.2150715309999596e-08,critical,6.321093498047976
1.0,0.9586349692308714,0.865124615506733,0.75087989847162,0.6344072286861978,0.5253170054361244,0.42843330535979457,0.3450851797838162,0.2753180183123017,0.21775534009789918,0.17109393564587666,0.13363186232744323,0.10379657422841676,0.08030086395104061,0.061866510986329656,0.04748067131830956,0.03633814054550011,0.027730415964575723,0.021104203893703752,0.016023514726592473,0.012132124043076283,0.009172021843053154,0.006930502822034754,0.0052287122616483895,0.003932386723613951,0.0029541357478011176,0.002219919770511098,0.001665500916820368,0.0012459257709991796,0.000931719206446553,0.0006967974365062754,0.0005197203502728387,0.00038715604766371097,0.00028859139438385466,0.00021484946252548176,0.00015952136282555034,0.00011849857389711028,8.811764684807163e-05,6.529780720799174e-05,4.830378500585786e-05,3.581888629593676e-05,2.6601412317932934e-05,1.9629265932115597e-05,1.4450995545226428e-05,1.0692987162491048e-05,7.966418223359639e-06,5.8862359036792e-06,4.293892764465889e-06,3.1362452112309164e-06,2.330645801693221e-06,1.7702785894951381e-06,1.3262359248323738e-06,9.506243612995732e-07,6.66707714596566e-07,4.7517501778185834e-07,3.6320767729998156e-07,3.0447947298150247e-07,2.5915655804301377e-07,1.8910391113723788e-07,1.1913645027715236e-07,6.371171066443704e-08,2.9602878843053095e-08,1.854534480330928e-08,2.723670198186251e-08,4.73367472617177e-08,6.546748097222726e-08,6.322161296666963e-08,3.80609350365599e-08,7.2396323533015575e-09,-2.1334104800976567e-08,-4.188945762705295e-08,-5.079297880861312e-08,-4.65485925122499e-08,-2.979759438746299e-08,-3.3186515666592806e-09,2.79721973348469e-08,5.7021542218835434e-08,7.463860150417748e-08,6.97551950718908e-08,7.487258648692122e-08,1.0513781363029274e-07,1.428933722268958e-07,1.7424449683115363e-07,1.8905916082702004e-07,1.8096807642797922e-07,1.4736469467704635e-07,8.940520544676969e-08,1.2008537439226804e-08,-7.614364181397566e-08,-1.6260692595169405e-07,-2.3117416978326021e-07,-2.6187548928847116e-07,-2.3097826161759243e-07,-1.3301599623280316e-07,-4.1910450698611494e-08,1.3455435332564405e-08,2.492417143740848e-08,2.9952589136656585e-10,-3.665347433135381e-08,-4.6208543557781066e-08,critical,6.3126280959727135
1.0,0.9585481315777777,0.8646228778589228,0.749631087212891,0.6322700355629852,0.522261079870311,0.4246118936460811,0.3406602720657543,0.27052356604528727,0.21280545044198101,0.16614819851370688,0.12886272347850658,0.09930074533699902,0.0761500350091597,0.05811039110994605,0.04413045798405396,0.033389737900995455,0.025167978672793398,0.018901507582086512,0.014148384282620986,0.010553658858612563,0.007851803623582749,0.005829357140687497,0.0043126913349633,0.0031791613099028462,0.002340565957677542,0.0017209237138545788,0.0012594069038116243,0.0009192223367571337,0.0006703346425444845,0.0004871838314781779,0.0003526835486526763,0.0002550653225341695,0.00018407113659737377,0.00013212745797380485,9.469004967654499e-05,6.783728678490106e-05,4.828649045889604e-05,3.421489082344557e-05,2.4274532622557995e-05,1.7194821604570977e-05,1.2024787200601497e-05,8.372608280672599e-06,5.871798075367994e-06,4.132878659961364e-06,2.8264707193749257e-06,1.8943505731198443e-06,1.2831701930949063e-06,9.079102841134353e-07,6.52873261400647e-07,4.22369019005507e-07,2.46653917024039e-07,1.379867868180854e-07,9.196253549105758e-08,8.83307788752434e-08,9.099584153180943e-08,6.040283570894715e-08,2.111239561447415e-08,-9.846142750668014e-09,-2.471327161307757e-08,-2.111666377017671e-08,-2.0711725902127374e-09,2.4021167987741892e-08,4.3371143453790696e-08,3.788480610877531e-08,1.3096516282448539e-08,-1.6230464290162964e-08,-4.161468150640116e-08,-5.7107713243536705e-08,-5.929416935876756e-08,-4.7291691689219964e-08,-2.2750954051948393e-08,1.014433775606548e-08,4.4677445957910946e-08,7.15986007967498e-08,7.912500053581621e-08,6.745086031187467e-08,7.579855470910444e-08,9.62065763632202e-08,1.1793549963712658e-07,1.3267025336593205e-07,1.3452012085694734e-07,1.200187398896874e-07,8.812410271586896e-08,4.0218556059413784e-08,-1.9891198883555505e-08,-8.597410644470967e-08,-1.4937475648351977e-07,-1.990133843872532e-07,-2.213858710709709e-07,-2.0056374297753593e-07,-1.1787203670913325e-07,2.8370652046889247e-08,1.6784575185565347e-07,2.4198970897005814e-07,2.2384151472092643e-07,1.1804270551699237e-07,-3.916263715508865e-08,-1.7992788673075018e-07,-2.0480387156750227e-07,critical,6.243113116834832
1.0,0.9586374797141359,0.8651391043452269,0.750915904561738,0.6344687893363341,0.5254049597098551,0.42854321788002414,0.3452124592109585,0.27545584902758,0.2178977267897243,0.17123621598426628,0.13376914029494277,0.10392615695669724,0.08042058707489086,0.0619749907467031,0.047577605020953276,0.03642358859515598,0.027804827883903364,0.021168316356590864,0.016078239411626043,0.012178453088681127,0.009210981887732618,0.006963031439564673,0.005255673181424584,0.003954604670811457,0.002972358009136843,0.0022348041258687195,0.0016776102694608223,0.0012557219829392157,0.000939611298782096,0.0007031413549893209,0.0005248034744886529,0.00039120777854065677,0.0002918130802789387,0.00021741113178146032,0.00016154719449660795,0.0001200943911971277,8.937528367083594e-05,6.628862761604736e-05,4.907888788873037e-05,3.6423436109077074e-05,2.707497427904008e-05,1.9999984716721243e-05,1.4738385816717077e-05,1.0914722502416575e-05,8.138434572391353e-06,6.0213939837653344e-06,4.398471256137201e-06,3.2160657865791425e-06,2.3911923384753414e-06,1.8168187739705316e-06,1.3635156036712712e-06,9.796976557932967e-07,6.887458790296543e-07,4.914301066259163e-07,3.75022039256208e-07,3.1329524502321976e-07,2.665251594581974e-07,1.9552193372870614e-07,1.2420033797618402e-07,6.744955828947134e-08,3.214163735226661e-08,2.0099514658289296e-08,2.8097026511279945e-08,4.7858906025000636e-08,6.60607831232342e-08,6.432936132811833e-08,3.9272894330163566e-08,8.427062214775805e-09,-2.028309263722196e-08,-4.106495602149e-08,-5.02583419101714e-08,-4.633549245189251e-08,-2.9901077971762505e-08,-3.6921969713734404e-09,2.7421623871199063e-08,5.6438429701397557e-08,7.422383748818068e-08,6.968897073620571e-08,7.43836340431597e-08,1.0447441260776303e-07,1.4228193957339082e-07,1.7387876568388793e-07,1.890893592835669e-07,1.8149010631720778e-07,1.484093103300588e-07,9.092719246783786e-08,1.3875891476730154e-08,-7.416053629661413e-08,-1.6084611690506985e-07,-2.300929588010506e-07,-2.6206125283649765e-07,-2.3315927226288616e-07,-1.361470472800932e-07,-4.4674350754379526e-08,1.1462969471304267e-08,2.3951236724699853e-08,3.71448864100007e-10,-3.5800721721650456e-08,-4.519492811315379e-08,critical,6.314641260314589
1.0,0.9586830969803155,0.8654022135841407,0.751569204794295,0.6355852000654612,0.5269992982854171,0.4305349494178997,0.34751887377973306,0.27795281020308676,0.22047811399862488,0.173814725794684,0.1362577973738328,0.10627696861891942,0.0825933196222268,0.06394505894677815,0.04933971453153442,0.03797822745293653,0.029160113506047934,0.022337436006336576,0.017077480037913782,0.013025684795624364,0.009924586212362509,0.007559826826941948,0.005751202617939723,0.0043637567835045675,0.003308632344676066,0.0025100868150709833,0.0019020894687320517,0.0014377722083431157,0.0010866547724225056,0.0008216474500363519,0.0006200380309444463,0.0004673494518782753,0.0003525355016640158,0.0002658447669033055,0.00019998891507543075,0.0001504822802215617,0.00011339533740248656,8.528991102381601e-05,6.400817573894e-05,4.8112988674733265e-05,3.6254908108881816e-05,2.7224242517967313e-05,2.0369615093374723e-05,1.528038960129073e-05,1.1533455862298196e-05,8.698698710075341e-06,6.4852563496544764e-06,4.8208708058675e-06,3.615876985678133e-06,2.7586807781381086e-06,2.115759054387139e-06,1.573137095483639e-06,1.1440298024322459e-06,8.31753327707858e-07,6.250757514403294e-07,4.994590949969022e-07,4.170593209821934e-07,3.28151954380955e-07,2.305263831904581e-07,1.4783269835124065e-07,8.873023548667435e-08,5.6644969843842103e-08,4.9769516293537726e-08,6.106312933026748e-08,7.825170307224819e-08,8.382777126140839e-08,6.230380882073969e-08,3.082693338684438e-08,-5.094997595179978e-10,-2.5480208689675865e-08,-3.992434818158217e-08,-4.17455097198149e-08,-3.091172149557612e-08,-9.455448406692942e-09,1.8526407942382795e-08,4.6872509240575473e-08,6.735708047018367e-08,6.968990990688202e-08,7.461848011755099e-08,1.2581008755876218e-07,1.9844662974246713e-07,2.705131663633564e-07,3.247447953095282e-07,3.4862665266248554e-07,3.343939126971418e-07,2.790317878818183e-07,1.842755288782425e-07,5.661042454154811e-08,-9.272819807971755e-08,-2.477549737436048e-07,-3.877344990147586e-07,-4.871813322644062e-07,-5.158599936703769e-07,-4.387849652170868e-07,-2.6483726519289954e-07,-1.3857792744400018e-07,-6.813060103062196e-08,-3.749928344532641e-08,-1.9586629143129384e-08,critical,6.351256079029803
1.0,0.958659832315925,0.8652680674546918,0.751236250334363,0.6350163519675046,0.526187103425611,0.429520462074617,0.346344112934557,0.2766811453698821,0.21916374916320164,0.17250130859281249,0.13498995610692555,0.10507896805250297,0.08148587758025827,0.0629405879435852,0.048440865933282194,0.03718489854557735,0.02846817497763056,0.021740208958954513,0.01656672413706646,0.012592323905604098,0.009559310283157964,0.007254109814963784,0.0054971532694203405,0.0041538049858855855,0.0031359121683938646,0.002368552053018381,0.0017865537708543556,0.0013439688678884322,0.0010108008664482045,0.0007604432814913543,0.00057078786643106,0.0004279196405280067,0.0003210489908046124,0.00024069570714959357,0.0001799960436941043,0.00013465360740630577,0.00010086693535273897,7.536181887974372e-05,5.6192813632794975e-05,4.1983168123226015e-05,3.143561714311703e-05,2.342336828367921e-05,1.7399876083835686e-05,1.297327483236694e-05,9.73727490356857e-06,7.280290091320255e-06,5.376291795601547e-06,3.965337110927778e-06,2.9612922581181285e-06,2.2550351527022607e-06,1.7144554049290925e-06,1.2548186776395752e-06,8.986257324262893e-07,6.473246916988681e-07,4.889551424798539e-07,3.981481364047104e-07,3.3612618972181255e-07,2.5665142595222766e-07,1.728474045810169e-07,1.038242835060095e-07,5.733255729466199e-08,3.597850368188249e-08,3.722418357003056e-08,5.3387441028917875e-08,7.164190329580727e-08,7.401698077541385e-08,5.029161281015593e-08,1.917693576394885e-08,-1.0786031038272543e-08,-3.360090586030103e-08,-4.536567549176963e-08,-4.427269524815152e-08,-3.060868897076007e-08,-6.754749026748506e-09,2.2813663690889117e-08,5.152671976331997e-08,7.072022124586916e-08,6.963560166802299e-08,8.1215096349582e-08,1.3836104671531155e-07,2.1430074739815246e-07,2.8698090362447836e-07,3.3925176712342316e-07,3.5886713612687794e-07,3.3848435536949654e-07,2.756643160886927e-07,1.7287145602464127e-07,3.747375942027278e-08,-1.1825724297871413e-07,-2.7714647392386776e-07,-4.171153096639734e-07,-5.111815799450547e-07,-5.27459568010378e-07,-4.2916001060044826e-07,-2.4976308459602124e-07,-1.272499782140592e-07,-6.1212357002121e-08,-3.4730675906513355e-08,-1.892412466979246e-08,critical,6.332574531020389
1.0,0.9585376442525234,0.864562209459135,0.7494798294028072,0.632010893792021,0.5218902355942596,0.4241477892724582,0.34012295805863124,0.26994097692293795,0.21220436033533227,0.16554770177195013,0.1282840104680605,0.09875597630639261,0.07564748052499706,0.057656270556111736,0.04372621908167632,0.033034636638045935,0.024860051352892223,0.01863748516591125,0.013924173601697919,0.010365031386823778,0.007694274020746026,0.005698732655221113,0.004205148634123325,0.003091244236281542,0.0022690914248251477,0.001663029635664775,0.0012127784826786103,0.0008819143307653801,0.000640591335189316,0.00046352062456163394,0.000333987976163924,0.00024035532480035592,0.00017249590114444538,0.0001230741114530425,8.764850313574147e-05,6.235994220017995e-05,4.402923035810337e-05,3.093551328058996e-05,2.1756871189114345e-05,1.5248851073810241e-05,1.053070537540607e-05,7.238208763181849e-06,5.013455577970008e-06,3.4735843234297693e-06,2.320699825989355e-06,1.514510573785389e-06,1.0022181603887658e-06,6.994129637857308e-07,4.901956624088087e-07,2.9629917894288395e-07,1.5303228172266623e-07,7.125492736517362e-08,4.581796931528982e-08,5.5611582701424305e-08,6.356526433551463e-08,3.597325094740786e-08,2.317754102975816e-09,-2.2905914331742637e-08,-3.255103759005956e-08,-2.4794913708784485e-08,-3.1388555282254848e-09,2.359180930781109e-08,4.1247738352021356e-08,3.2697410387540274e-08,7.019211097117664e-09,-2.2240235424601183e-08,-4.673835327139028e-08,-6.070685135887937e-08,-6.095172342455258e-08,-4.6853248027749285e-08,-2.0365988549664205e-08,1.3981206806653829e-08,4.908520501629998e-08,7.52685882325147e-08,8.027965378668325e-08,6.902305814455484e-08,7.943455826777359e-08,1.0112875523914018e-07,1.232287225541496e-07,1.3737278230160596e-07,1.3771450516362063e-07,1.2092271041561425e-07,8.618146592631464e-08,3.519008815775984e-08,-2.7836857834706775e-08,-9.616955840242957e-08,-1.605629513034486e-07,-2.0925672570249346e-07,-2.2797532217098525e-07,-1.9992793268703812e-07,-1.0491473403717392e-07,5.3089250666005264e-08,1.9695088431791503e-07,2.6783290769140837e-07,2.397958882636041e-07,1.1979822021587143e-07,-5.23038755661553e-08,-2.03756351492594e-07,-2.2890733326929577e-07,critical,6.234733637497534
1.0,0.9585886871085684,0.8648573396456327,0.7502151267794244,0.6332700579834762,0.5236915625380514,0.42640134461836865,0.34273220945689986,0.2727692356310171,0.2151232029302052,0.1684638712821024,0.13109506872976817,0.1014037234220195,0.07809090627094051,0.05986551737492595,0.045694433939161054,0.034764948762355474,0.026361906402704256,0.019926583085726028,0.015020168928965464,0.01128832094459536,0.008466461315088212,0.006340033050647863,0.004734023158778049,0.00352439640711422,0.0026219166198398146,0.0019493927810100347,0.0014439598691956194,0.001067331603255093,0.000788767093853477,0.0005817268008717741,0.0004276590669967193,0.00031427014579465696,0.00023082644688340517,0.0001688689563016158,0.00012339484183911608,9.024695268338432e-05,6.579941836169759e-05,4.7784396919261885e-05,3.474377064741983e-05,2.5311262520124097e-05,1.830836508413591e-05,1.3180723301459453e-05,9.531506028833444e-06,6.944381645114108e-06,5.006907010710712e-06,3.5513620387473343e-06,2.5225562254809476e-06,1.8322985562644442e-06,1.3646147973092244e-06,9.851665473960967e-07,6.730276086052755e-07,4.492114526067172e-07,3.1200773723445464e-07,2.4429452807304176e-07,2.1353829845755085e-07,1.720878274467454e-07,1.0995245349287102e-07,5.5155309884727133e-08,1.7837975213933887e-08,2.5516629842468055e-09,8.257221611554982e-09,2.832513442388101e-08,5.053551966138241e-08,5.707813047634981e-08,3.649250804108357e-08,7.161909215254593e-09,-2.1333287249423216e-08,-4.233513258860898e-08,-5.159539103136507e-08,-4.7275539800158e-08,-2.994676911085871e-08,-2.5899821727416886e-09,2.9404204811514118e-08,5.823546264582604e-08,7.36937491407074e-08,6.529514755099309e-08,6.583878639727103e-08,8.17343350353689e-08,1.0236734344584054e-07,1.1931448063022875e-07,1.263435346110638e-07,1.1941341243186515e-07,9.667414015713987e-08,5.846686287238445e-08,7.3238446840815924e-09,-5.20315312802941e-08,-1.1268476287228259e-07,-1.655302289224363e-07,-1.9927118924031522e-07,-2.0041978461449458e-07,-1.5329703681255918e-07,-4.6417216900930396e-08,7.626917731327165e-08,1.580415192855109e-07,1.690869039213504e-07,1.0693500896668982e-07,-3.541904992227168e-09,-1.1012899452882022e-07,-1.3326883337616307e-07,critical,6.275549399649177
1.0,0.9587139369070052,0.8655799140575513,0.7520098445991203,0.6363376183874735,0.5280730238091332,0.4318756580496941,0.3490713197704514,0.27963287879395954,0.22221528833125398,0.1755506451467023,0.13793411191788613,0.10786194257904112,0.08405928837857438,0.06527576771333338,0.05053177838916818,0.03903134844151559,0.0300797200437634,0.023132236914290824,0.017758187970535872,0.013604208864114693,0.010413063489959927,0.007969397971493495,0.006092216794293633,0.004646174950497764,0.0035414953322688435,0.0027013591899817937,0.002058615088943719,0.0015651929279369087,0.0011899773654419432,0.0009052467326340404,0.0006875179048339401,0.0005215475277748451,0.0003959509077689083,0.00030063259812772205,0.0002277494233330145,0.0001725416415004397,0.00013091160107134533,9.922499157862437e-05,7.502737134371402e-05,5.67912782586463e-05,4.309794263779361e-05,3.2645695341078604e-05,2.462921206472955e-05,1.8606372666420368e-05,1.4131160003286703e-05,1.0753737313125e-05,8.103995343820972e-06,6.07902043828573e-06,4.584799716836551e-06,3.5060363593944186e-06,2.706849573470843e-06,2.0476834905414204e-06,1.5139260996824146e-06,1.1132194560396363e-06,8.35182769138267e-07,6.562784293672728e-07,5.398120079793898e-07,4.3593225709113095e-07,3.187054129760471e-07,2.1645281827477242e-07,1.3909735859918763e-07,9.115243695219507e-08,7.17937939107306e-08,7.485950762576606e-08,8.88499938223075e-08,9.69280057993951e-08,7.932065119528464e-08,4.7262808026164453e-08,1.4004340344860306e-08,-1.3903432783435934e-08,-3.1945712539519913e-08,-3.764422035017527e-08,-3.055719788817252e-08,-1.2279407072270037e-08,1.3557869932785831e-08,4.1286830716262604e-08,6.320315262143857e-08,6.956599274560571e-08,6.823410126464949e-08,1.1181509737502796e-07,1.8067370276237483e-07,2.525122551718652e-07,3.096620471998564e-07,3.390833262938847e-07,3.3236529475267134e-07,2.857261097261187e-07,2.0001288321531157e-07,8.070168207251378e-08,-6.210247199882154e-08,-2.1366560244406776e-07,-3.546247778574139e-07,-4.609881119818609e-07,-5.041347637092329e-07,-4.5081493708017375e-07,-2.874450366858125e-07,-1.5515635027044967e-07,-7.855168433020726e-08,-4.246045267311323e-08,-2.1609860824845834e-08,critical,6.376046625021169
1.0,0.9586133465397771,0.8649997852016436,0.7505695528061271,0.6338764863721079,0.5245585437735347,0.42748532758955093,0.34398742267371774,0.27412908960700555,0.21652731963209332,0.16986685362256723,0.13244810953897984,0.10267958027063623,0.07926904703328477,0.060931922173326165,0.04664596665971561,0.03560265999247933,0.02709027162604807,0.02055300223488212,0.015553895337530963,0.01173904528771655,0.008844417339013184,0.006654816372784289,0.004994420833174388,0.0037383722043615574,0.0027968210594595893,0.0020918652579108013,0.0015594611823327412,0.0011603679367864581,0.0008634350073621056,0.0006415757442127002,0.0004753371626071398,0.0003520847442421369,0.0002608086334924689,0.0001925670021876984,0.0001420093569880195,0.00010484473687073052,7.727496375043e-05,5.673801675373187e-05,4.169365161668631e-05,3.071791136087122e-05,2.253093536245824e-05,1.6441188697592305e-05,1.2031723733351656e-05,8.869098853493248e-06,6.512316857589982e-06,4.710464210023959e-06,3.40073560454661e-06,2.4924783785949487e-06,1.8688526621484252e-06,1.3879488648235e-06,9.844996374294808e-07,6.821920923376408e-07,4.808147040788123e-07,3.6500121093641763e-07,3.042306149464622e-07,2.528271818975438e-07,1.769356647817148e-07,1.0647828823657018e-07,5.391239434468133e-08,2.5135071468615908e-08,2.0356589951235383e-08,3.4100402115695354e-08,5.520314226544642e-08,6.681462668423284e-08,5.095730706955063e-08,2.1869466487793336e-08,-8.277624032043907e-09,-3.2383924298116643e-08,-4.5705449876431144e-08,-4.585427209084544e-08,-3.2798518023069233e-08,-8.862370512663564e-09,2.1273931842959047e-08,5.057409468853448e-08,6.96457679109465e-08,6.67473573532327e-08,6.228522241758666e-08,7.552323494129127e-08,9.564421362532203e-08,1.1395180997454898e-07,1.2387050829773475e-07,1.2094562570753678e-07,1.0284331212050553e-07,6.935055025708613e-08,2.237515564161566e-08,-3.405422339767228e-08,-9.378810572865278e-08,-1.4855617741530677e-07,-1.8796729171772043e-07,-1.9950946909208677e-07,-1.6854989719070402e-07,-8.089630978793922e-08,3.243165664694601e-08,1.1643640211824355e-07,1.4019523899984921e-07,9.80221033548702e-08,9.467554935631547e-09,-8.068122281633003e-08,-1.024004227702575e-07,critical,6.295296904483219
1.0,0.9585374198768893,0.8645609112909831,0.7494765922227283,0.6320053470184193,0.5218822972240234,0.424137853620522,0.3401114554219061,0.26992850400214924,0.21219149219467265,0.16553484661461199,0.12827162241428908,0.09874431668201027,0.07563672543881583,0.057646553517306715,0.04371757128776124,0.03302704161760183,0.02485346694997491,0.018631841189476434,0.013919382169148661,0.010361001813165575,0.007690910077138713,0.00569594441429778,0.004202854123321981,0.003089369373935626,0.002267567996009167,0.00166179633079928,0.0012117857945097591,0.0008811205812493655,0.0006399589349978606,0.0004630178701180663,0.00033359108478189136,0.00024004328473795577,0.00017225055474185303,0.00012288241261430768,8.749954559334677e-05,6.224416246847407e-05,4.393935335212747e-05,3.086636843217404e-05,2.1703842056629216e-05,1.5207899147506396e-05,1.049931760607584e-05,7.214417441662421e-06,4.995475596408819e-06,3.459770427376638e-06,2.3101343053894488e-06,1.5065967295140588e-06,9.96378691689025e-07,6.950825510315857e-07,4.868032970825778e-07,2.9368715146085334e-07,1.5110160287811277e-07,6.988636279604271e-08,4.4876151000214064e-08,5.4942521957442025e-08,6.299386481578738e-08,3.5470249206871415e-08,1.933984985482763e-09,-2.316906621108854e-08,-3.2705263839261184e-08,-2.4863577321677243e-08,-3.1555860472034246e-09,2.3584520629069084e-08,4.119994338582575e-08,3.2585686587106796e-08,6.888632272031981e-09,-2.2369115933953536e-08,-4.6847889264345514e-08,-6.07832370378707e-08,-6.098592665848545e-08,-4.68419436153767e-08,-2.0312491482962064e-08,1.4066008079111197e-08,4.918191532596479e-08,7.534837242749097e-08,8.030330346834992e-08,6.906178987180549e-08,7.95180713865406e-08,1.012406118541268e-07,1.2334901448167034e-07,1.374802409303352e-07,1.3778861131534164e-07,1.2094580420596777e-07,8.61408566255476e-08,3.508016405147423e-08,-2.8012519584804943e-08,-9.63960818977818e-08,-1.6081205204789413e-07,-2.09484600741523e-07,-2.2812054023098888e-07,-1.9990932431455903e-07,-1.0461370899634319e-07,5.364859243374827e-08,1.9760329067846105e-07,2.6840785232176505e-07,2.4014626535736674e-07,1.1982903918869431e-07,-5.260679537108897e-08,-2.0429768609909957e-07,-2.2945355936272018e-07,critical,6.234554396194461
1.0,0.9587264176574333,0.8656517876320432,0.7521879326340261,0.6366415843417466,0.5285066053191575,0.4324169124759286,0.3496980191622463,0.28031096811166895,0.2229166536321853,0.17625149484003083,0.13861110627004097,0.10850236052582551,0.08465188695138855,0.06581402828410263,0.05101433185581137,0.03945801096306172,0.03045263675823828,0.023454886564606536,0.018034837754044585,0.013839638230376712,0.01061211871492574,0.00813653613109379,0.00623159071804567,0.004761791739278771,0.003636993962901365,0.0027799465470173196,0.002123050602461514,0.001617755114734739,0.0012326897942712492,0.0009398799845658219,0.0007155397174866439,0.000544109517470851,0.0004140678726867856,0.00031518399157442285,0.00023939528591351259,0.00018182192684569688,0.00013829904110017487,0.00010511874250865578,7.970384393575612e-05,6.048594640204366e-05,4.6018198516577355e-05,3.496636138216484e-05,2.6460177222752445e-05,2.0041583819551246e-05,1.525512053310332e-05,1.1642977327403043e-05,8.808737023024899e-06,6.629794792980397e-06,5.011085852500577e-06,3.835687176049243e-06,2.9666187576226606e-06,2.2574251089198056e-06,1.6786905398937182e-06,1.2397094105428558e-06,9.304076560516904e-07,7.276188255986348e-07,5.950840823560246e-07,4.834522034901251e-07,3.583739032655382e-07,2.4773152624520353e-07,1.6248694827804943e-07,1.0759250423244967e-07,8.262476673850162e-08,8.178454618802835e-08,9.389689073457737e-08,1.0241108629342026e-07,8.662068162241163e-08,5.4301561512364824e-08,2.023452026605522e-08,-8.890830539382126e-09,-2.841312788084792e-08,-3.569925728927934e-08,-3.0144352849648944e-08,-1.3171797200965275e-08,1.1766778463726746e-08,3.919149439734683e-08,6.159422229877899e-08,6.943858531287013e-08,6.636309391981791e-08,1.0688729458609929e-07,1.7438302276179158e-07,2.463270963154445e-07,3.048013246979261e-07,3.364925089424205e-07,3.3269244166443314e-07,2.8929790706178635e-07,2.068106809146224e-07,9.033753058539876e-08,-5.0409784981102986e-08,-2.01114515257787e-07,-3.428549181352426e-07,-4.521042599217269e-07,-5.007308153431945e-07,-4.5599786754327285e-07,-2.977848972807146e-07,-1.625928306303421e-07,-8.329069120415465e-08,-4.492248732342712e-08,-2.27976090798665e-08,critical,6.386087681510225
1.0,0.9587210829343525,0.8656210691616761,0.7521118280691491,0.6365116958630278,0.5283213438641111,0.4321856537653611,0.3494302557618826,0.28002125653776,0.22261698127685486,0.17595204373319884,0.13832183287662422,0.10822869412164876,0.08439863625616227,0.06558397536843052,0.050808062704038835,0.03927560715594436,0.030293185691601276,0.02331690446912712,0.017916505476433562,0.013738915706410788,0.010526939062484652,0.008064997830579502,0.006171921169176549,0.004712279859610085,0.0035960857231419545,0.0027462723611754937,0.0020954317171154283,0.001595217946896684,0.0012143695876298303,0.0009250199250680194,0.0007035118112777714,0.000534421283045978,0.00040628531254035676,0.0003089308227154602,0.0002343882703485219,0.00017783014666422007,0.00013512014947183687,0.00010258147457063087,7.768950609072499e-05,5.889369391810739e-05,4.475919051691482e-05,3.3965394689196484e-05,2.5669902889469435e-05,1.942173428960108e-05,1.4769476048018971e-05,1.1258741908636878e-05,8.503945496097786e-06,6.3913835679960495e-06,4.826411606098641e-06,3.6928103100964863e-06,2.8540793010483636e-06,2.166499701282643e-06,1.6071766449737724e-06,1.1847318630758983e-06,8.889628601205496e-07,6.965469408896394e-07,5.710412104154547e-07,4.6288257398065455e-07,3.411297313927241e-07,2.3410728298755543e-07,1.5227043054499598e-07,1.0038402403519357e-07,7.78531602494206e-08,7.872318280007631e-08,9.167968212068493e-08,1.000484954658958e-07,8.346902920080583e-08,5.126320798759415e-08,1.7543866817780087e-08,-1.1058904247197185e-08,-2.994661329969092e-08,-3.6552366585847505e-08,-3.034086850560513e-08,-1.2808421612695204e-08,1.2517073385358492e-08,4.007611762724003e-08,6.227761409784048e-08,6.94988676282583e-08,6.711394553653898e-08,1.0894606587955536e-07,1.7701385877614319e-07,2.488985815673293e-07,3.067950041052057e-07,3.375114087529269e-07,3.324695903847152e-07,2.877048563858571e-07,2.0386602665270516e-07,8.621543359267331e-08,-5.537107787575209e-08,-2.0640415032302556e-07,-3.477809138085395e-07,-4.5578498588060864e-07,-5.020864715764955e-07,-4.5374196342238993e-07,-2.932669792453868e-07,-1.593535605712735e-07,-8.122310294304425e-08,-4.383607710588596e-08,-2.2263467676462765e-08,critical,6.381795174729787
1.0,0.9586377757652673,0.8651408128938126,0.7509201502529759,0.6344760481033878,0.5254153303438637,0.4285561773445927,0.3452274663611347,0.2754720999886045,0.21791451525745797,0.17125299194053673,0.13378532673274784,0.10394143669058926,0.08043470450872896,0.06198778291591979,0.047589036307986124,0.036433665897859006,0.027813604189195967,0.021175878460857053,0.016084694719566556,0.012183918540038606,0.00921557844574709,0.006966869585135304,0.0052588547124543415,0.003957226807051224,0.0029745088452369497,0.0022365612061037363,0.0016790399596938572,0.0012568787420606912,0.0009405433572810261,0.0007038906888210024,0.0005254039905023506,0.0003916865326045557,0.00029219382237234947,0.00021771392924794717,0.00016178670574082334,0.00012028310135139715,8.952402895703583e-05,6.640584485024799e-05,4.917060869208574e-05,3.649499094721882e-05,2.713103313564162e-05,2.0043884074231297e-05,1.4772428749357945e-05,1.094099555793825e-05,8.158818983299508e-06,6.037414802401422e-06,4.4108728160093945e-06,3.225535639445921e-06,2.398377985017774e-06,1.8223419664734748e-06,1.3679399203823789e-06,9.831501339411326e-07,6.913648557644596e-07,4.933633866605497e-07,3.7642802219362126e-07,3.1434405268393e-07,2.6739976320776264e-07,1.9628464961778336e-07,1.248027356472606e-07,6.789488764034404e-08,3.2444804248620185e-08,2.028575619628828e-08,2.8200586280160074e-08,4.7921709369659975e-08,6.61311124068252e-08,6.446037051611543e-08,3.941611376886034e-08,8.567307976358568e-09,-2.0158992418390058e-08,-4.096758778857297e-08,-5.019513332356468e-08,-4.6310139028927046e-08,-2.991296972640875e-08,-3.735845053945604e-09,2.7357160534338985e-08,5.6370117768135477e-08,7.417524256094648e-08,6.968216828848362e-08,7.432656688578697e-08,1.0439645541331801e-07,1.4220983357399942e-07,1.7383536471915248e-07,1.8909237584849503e-07,1.8155085761014125e-07,1.4853146430060218e-07,9.110551386478779e-08,1.4094987896002967e-08,-7.39274683640513e-08,-1.6063854602527266e-07,-2.2996427254916657e-07,-2.6208001174883993e-07,-2.3341046378900056e-07,-1.3651371081154233e-07,-4.499824482027354e-08,1.1229011388471056e-08,2.383625760657396e-08,3.7853568251830423e-10,-3.5702270478611584e-08,-4.5077434915129036e-08,critical,6.314878677562346
1.0,0.9586631107321287,0.8652869759918249,0.7512831982786401,0.6350965782057576,0.5263016715615049,0.42966358396796034,0.34650984774718635,0.27686056966026085,0.2193491712330864,0.17268659629630173,0.13516878981434088,0.10524790496483435,0.08164201765880771,0.06308216877413148,0.04856750775312723,0.0372966344809838,0.02856558806119381,0.02182424617478341,0.016638554997321302,0.012653232161229804,0.009610615983002209,0.007297020859182225,0.005532786131466089,0.004183229337951164,0.0031600979192813084,0.00238835320022624,0.001802702379793224,0.0013570667392980476,0.0010213813871997944,0.0007689714017827421,0.0005776422131502915,0.00043340054836055213,0.00032542053321467986,0.00024418305093947576,0.0001827643709596962,0.00013684226095192628,0.00010259714824900889,7.673078160594332e-05,5.726858828870769e-05,4.282560936853578e-05,3.209723607512589e-05,2.3944178627790744e-05,1.780592122558923e-05,1.3288110861346696e-05,9.98211395929204e-06,7.473421065923376e-06,5.52686276324223e-06,4.0811577155205035e-06,3.049689750303775e-06,2.323006176175367e-06,1.7688177827563194e-06,1.2976713198167207e-06,9.315142230488514e-07,6.719170601209799e-07,5.070264973016395e-07,4.1159455155786314e-07,3.469785905551732e-07,2.6623198365210945e-07,1.8053206685509275e-07,1.0963822251659995e-07,6.142942010947975e-08,3.862726568726374e-08,3.8796001884165815e-08,5.4342507915083294e-08,7.251629957559582e-08,7.540952924196618e-08,5.194737509889993e-08,2.0786317964187176e-08,-9.366011233143151e-09,-3.248195887901267e-08,-4.462347574453396e-08,-4.39421169860108e-08,-3.0679042144937554e-08,-7.165015148000068e-09,2.2179595692925173e-08,5.084481768077099e-08,7.023107373327849e-08,6.964918238299848e-08,8.018634608633751e-08,1.3647623051466884e-07,2.1192435704756374e-07,2.8449586671262986e-07,3.3703436476323915e-07,3.5726192067852547e-07,3.377790681633893e-07,2.760648051484957e-07,1.7447659379027394e-07,4.025036047091492e-08,-1.1449950420161855e-07,-2.727801453936073e-07,-4.127202440455656e-07,-5.075700168722387e-07,-5.257012163626123e-07,-4.3060713077990446e-07,-2.518147198894716e-07,-1.2880466217049996e-07,-6.214792721403195e-08,-3.507208481966706e-08,-1.897102171169928e-08,critical,6.3352060806204955
1.0,0.9586811018511316,0.865390712668254,0.7515406698310216,0.6355364589821171,0.526929720657792,0.43044805389772356,0.3474182515410028,0.27784389938634063,0.22036552866685014,0.1737022213763394,0.1361491809630178,0.10617430904543151,0.08249840033503536,0.06385893868578121,0.04926261669999877,0.03791015542731066,0.02910071381402631,0.022286139611712698,0.017033585636267827,0.012988417128559495,0.009893152095984277,0.007533499228130102,0.005729307665941265,0.004345647163518745,0.003293720788806672,0.0024978560934568873,0.0018920956000029303,0.0014296496434561155,0.0010800792941291445,0.000816336061262044,0.0006157587542957367,0.0004639190862464616,0.00034979279384635207,0.0002636512941843704,0.00019824253003296248,0.00014909762427721006,0.00011229799306364748,8.441893978672582e-05,6.332132215255723e-05,4.757339570591406e-05,3.583019850534457e-05,2.6888646550554273e-05,2.0106822625412257e-05,1.507582608871593e-05,1.1374005752584986e-05,8.57265560107083e-06,6.38642950835499e-06,4.7444022086407e-06,3.5572211128167023e-06,2.7135153530347763e-06,2.079895782709704e-06,1.5445269177639616e-06,1.121874587613503e-06,8.150196535839132e-07,6.126706058055288e-07,4.902207348369537e-07,4.0974813166504884e-07,3.2169542822955637e-07,2.2528899783442864e-07,1.4380390540411633e-07,8.582183396028834e-08,5.469838206724895e-08,4.856306383193734e-08,6.03193089039285e-08,7.764446247543317e-08,8.29897852812963e-08,6.124828883271553e-08,2.980531951922543e-08,-1.4106661742457197e-09,-2.619463077743745e-08,-4.040820756603007e-08,-4.1979700561645134e-08,-3.0904084531844533e-08,-9.24300499013125e-09,1.887522180405043e-08,4.725560884531638e-08,6.763649838234113e-08,6.968956191785761e-08,7.512164894225157e-08,1.2681419311941314e-07,1.997176662456117e-07,2.7182226833618153e-07,3.258792243919439e-07,3.4940078439920375e-07,3.346602233297547e-07,2.7869184114087844e-07,1.832909627753406e-07,5.501393816139329e-08,-9.482185778721958e-08,-2.501380251712741e-07,-3.9009513910605665e-07,-4.890927497213658e-07,-5.167693821615135e-07,-4.380025365853292e-07,-2.634905863444473e-07,-1.3757504389502203e-07,-6.750970406740692e-08,-3.7230003716546814e-08,-1.950023060245062e-08,critical,6.34965332630483
1.0,0.958584504881503,0.8648331721466958,0.7501549641428735,0.6331670863522292,0.5235443118788852,0.42621719694913934,0.34251897952117105,0.27253818590136547,0.2148846793074443,0.1682255485232754,0.13086527098102818,0.1011871268641775,0.07789094493892357,0.05968459667243747,0.04553309705402284,0.03462298690390932,0.026238555466520493,0.019820576336740003,0.014929921322180354,0.011212178512387056,0.008402675366533642,0.006286965225630915,0.004690174729734492,0.0034884099008124,0.002592539772824271,0.0019254957393205724,0.001424617140152835,0.0010517761930005976,0.0007763028651146954,0.0005717538651790406,0.00041972997873006344,0.0003079934694045013,0.0002258582666926088,0.00016495206676993927,0.00012032544387207359,8.784469016035354e-05,6.391560771876099e-05,4.6319046115104995e-05,3.3609404846549754e-05,2.4430225350814975e-05,1.762268210803433e-05,1.2653364593500643e-05,9.128465173994886e-06,6.634502163736054e-06,4.765246058446316e-06,3.366340036972932e-06,2.3831662147723322e-06,1.7279143227385086e-06,1.2847086669779178e-06,9.214735670646239e-07,6.241983830572156e-07,4.1306502201276794e-07,2.8609853490995e-07,2.2586839056344286e-07,1.994884756239381e-07,1.5928651765542945e-07,9.957934232039068e-08,4.73547809888609e-08,1.2508856453575135e-08,-6.345404211640821e-10,6.6763493005114294e-09,2.762115262603533e-08,4.980736463440837e-08,5.527034847619611e-08,3.406676087690887e-08,4.714973790159576e-09,-2.3482011476926717e-08,-4.394042001204413e-08,-5.2496677623297046e-08,-4.740741083920135e-08,-2.9349446908684012e-08,-1.4198138010828579e-09,3.086425979385291e-08,5.956534446596298e-08,7.43258100846756e-08,6.525090795700259e-08,6.660985207524708e-08,8.295298142958945e-08,1.0368030642743536e-07,1.2039964661843517e-07,1.269266306944822e-07,1.1928469648971473e-07,9.570509098051415e-08,5.662687028550699e-08,4.696899665561773e-09,-5.52301464762063e-08,-1.1609178459443947e-07,-1.6861772200153787e-07,-2.0132985686765388e-07,-2.0054227822069827e-07,-1.5036126594633667e-07,-3.9909497509528944e-08,8.444874786334061e-08,1.65707252181309e-07,1.7428103119827139e-07,1.0831794809724343e-07,-6.301286509630637e-09,-1.1596311458108707e-07,-1.3932113064672954e-07,critical,6.2722021030276
1.0,0.9586715685084186,0.8653357495071882,0.7514042729977903,0.6353034499780617,0.5265970642975645,0.43003256916311217,0.3469371293104627,0.27732311601255527,0.21982722020702045,0.1731643001553559,0.1356298910426743,0.10568356383272846,0.08204471036296768,0.06344737487668864,0.04889425682817781,0.03758498389064763,0.028817040080261556,0.022041235030760387,0.01682408526071219,0.012810608508045324,0.009743231641319563,0.0074079822527145425,0.005624966810242334,0.004259384481252423,0.0032227261402694115,0.0024396546785911814,0.001844563889829477,0.0013910400083696952,0.001048842007804129,0.0007911189292837981,0.0005954553585236477,0.00044765462495012867,0.00033679747354275,0.0002532654873568858,0.0001899803599934707,0.00014255196338757613,0.00010711410064691293,8.030794992747773e-05,6.0082507243453395e-05,4.503121609688456e-05,3.3830507839212434e-05,2.531012653109441e-05,1.8872224100579956e-05,1.4115827317484522e-05,1.0626214758395318e-05,7.981842155130439e-06,5.923902957846022e-06,4.387090895102414e-06,3.2835219181987767e-06,2.502863165077647e-06,1.9123329603249087e-06,1.4112396496543743e-06,1.0189068382848408e-06,7.374586105310853e-07,5.553112140158755e-07,4.4752292125593374e-07,3.757940296619314e-07,2.9169227861846274e-07,2.0102318099171237e-07,1.252190084795392e-07,7.248960617102875e-08,4.585444031857472e-08,4.3142598337878904e-08,5.6992788807952685e-08,7.485334147111534e-08,7.898220723299457e-08,5.627280565854029e-08,2.4984769496361516e-08,-5.662494576868937e-09,-2.9559130457548076e-08,-4.267345523674416e-08,-4.305195920019668e-08,-3.081930582831626e-08,-8.178331796184545e-09,2.058995302644506e-08,4.912636557514912e-08,6.899354959083196e-08,6.967597561972684e-08,7.768517073212887e-08,1.3179422921360708e-07,2.060145498677013e-07,2.78339068229721e-07,3.315797911246821e-07,3.5336779666730404e-07,3.3615323426201586e-07,2.7720532460295205e-07,1.786123596739547e-07,4.7281702748568084e-08,-1.050602116099484e-07,-2.618678775486372e-07,-4.0177671792483164e-07,-4.986030843061569e-07,-5.213442569705304e-07,-4.341784449061661e-07,-2.5720718201923856e-07,-1.3287188666750687e-07,-6.461799325240028e-08,-3.602634570002505e-08,-1.916322983245475e-08,critical,6.3419965945747485
1.0,0.9587057003975765,0.865532469109896,0.7518922430368474,0.6361368518134043,0.5277865877151457,0.43151804751751405,0.34865724294312245,0.2791848076198079,0.22175190903524347,0.1750876028358324,0.1374868970744586,0.10743898767215214,0.08366799884529427,0.06492046431226661,0.05021336132873629,0.03874992562883958,0.029833856415631032,0.022919622437780444,0.017575985067783954,0.013449250695564343,0.010282131214722658,0.007859534043296826,0.006000669504930748,0.004570292272562664,0.0034788695091751347,0.0026498687237440062,0.0020164356849896614,0.0015308194081789122,0.0011620734579269802,0.0008826439904538908,0.0006692505737682599,0.0005068566663817711,0.0003841678785883781,0.0002911791228858737,0.0002201941091600226,0.00016652907513547705,0.0001261310870031823,9.541610722937575e-05,7.201007313013122e-05,5.441104260606796e-05,4.1218773043888394e-05,3.115443858768493e-05,2.345496799122584e-05,1.7687640472070885e-05,1.3412618798919884e-05,1.0185255788344825e-05,7.654736018597762e-06,5.72882669753086e-06,4.3144080730695555e-06,3.2972172353818487e-06,2.542054227356854e-06,1.914922659337058e-06,1.4100146973464019e-06,1.0337790017494148e-06,7.756204112315378e-07,6.117456655420606e-07,5.051634054941133e-07,4.0569435422088305e-07,2.9380387472664375e-07,1.9693728365301153e-07,1.2462907778986808e-07,8.110249486157036e-08,6.526951352695003e-08,7.073085337931424e-08,8.577597494644568e-08,9.338307969060143e-08,7.463954048362031e-08,4.274648854193147e-08,1.0012145424404184e-08,-1.7101531273316802e-08,-3.4175442669555684e-08,-3.88333485966061e-08,-3.074186760073004e-08,-1.1610476942158733e-08,1.4808487404907586e-08,4.2719830752299797e-08,6.428549969787998e-08,6.96245821255405e-08,6.96896384550901e-08,1.1528750165735495e-07,1.850947090994324e-07,2.569268626798019e-07,3.132521046884137e-07,3.411911178066858e-07,3.325171251075096e-07,2.836558900552469e-07,1.9568571650572994e-07,7.433744870625871e-08,-7.000552870438842e-08,-2.2230729069597e-07,-3.6287937184677436e-07,-4.6738076634361053e-07,-5.068179279818247e-07,-4.4754477016529174e-07,-2.810347417214024e-07,-1.505028246911061e-07,-7.560230991535793e-08,-4.098402097337957e-08,-2.0943297664884358e-08,critical,6.3694228307679435
1.0,0.9586940477859666,0.8654653288215792,0.7517257647299349,0.6358525881778634,0.5273809449411365,0.4310115499523879,0.34807075559716616,0.2785501153025516,0.2210956303503838,0.1744317980757159,0.1368535982246194,0.10684017767672722,0.08311413389202427,0.06441768270835921,0.04976293483158861,0.03835198438580628,0.029486345590114815,0.02261925425547785,0.017318715840721793,0.013230582970031263,0.010097482995261167,0.00770469901315643,0.005871739454159841,0.004463504937985435,0.00339081003542366,0.0025775287191839046,0.0019572298431018644,0.0014826162652317179,0.0011229813931321216,0.0008510099991342749,0.0006437123578815714,0.00048634189087726594,0.0003677320587465461,0.00027800744582832796,0.00020968130338567162,0.00015817384132716823,0.00011949562042633895,9.013627739052478e-05,6.7834173445998e-05,5.1121656109655125e-05,3.862468162307347e-05,2.909880438252188e-05,2.1839469493644668e-05,1.642594616106459e-05,1.2427064587343176e-05,9.405438068831553e-06,7.0403348168195775e-06,5.251136490881393e-06,3.946431664813858e-06,3.013364820977369e-06,2.317636350295842e-06,1.7346425281614286e-06,1.2694261381927494e-06,9.267463066344923e-07,6.956884405069468e-07,5.520831960330811e-07,4.585064786385283e-07,3.647017161583876e-07,2.60269721917625e-07,1.708202522583195e-07,1.0543773917495346e-07,6.793449224304228e-08,5.6850698619132724e-08,6.54544230408057e-08,8.174160782667371e-08,8.843607287638275e-08,6.819078069684075e-08,3.651932072149258e-08,4.5131842799976475e-09,-2.148931755619341e-08,-3.720303733115139e-08,-4.039599120446918e-08,-3.0889358951260664e-08,-1.0557483962161637e-08,1.667212675667028e-08,4.4818802583556926e-08,6.584870928129714e-08,6.967484899716891e-08,7.205612016902679e-08,1.2052203995831686e-07,1.9174441417492707e-07,2.6365183657837453e-07,3.1886959749297986e-07,3.447196838078644e-07,3.332207789769554e-07,2.8108826301898395e-07,1.8973421251748313e-07,6.526740062078709e-08,-8.150670295795678e-08,-2.3508593194080916e-07,-3.7527142348502517e-07,-4.77167618183047e-07,-5.111822600625233e-07,-4.430263965862968e-07,-2.7245336629131556e-07,-1.4421609936731651e-07,-7.164491976974985e-08,-3.908650798983767e-08,-2.0157465596808515e-08,critical,6.360055434261388
1.0,0.9585896152081876,0.8648627024349932,0.7502284757324452,0.6332929041579042,0.5237242313982597,0.4264421977705677,0.34277951480788255,0.27282049255546714,0.21517611971084877,0.16851674385356774,0.13114605161863552,0.10145178112257003,0.07813527485663813,0.059905664107691894,0.04573023872162233,0.034796456740776215,0.026389286932000867,0.019950116808548135,0.015040206975122178,0.011305229941991677,0.008480628810017871,0.0063518221879998865,0.004743766195531237,0.0035323943185126745,0.0026284470809395466,0.001954706373674972,0.0014482620013314615,0.001070792373058219,0.0007915409315108037,0.0005839469180371034,0.00042942482035088355,0.00031566839695095286,0.0002319335385921312,0.00016974218404086877,0.00012407941901600687,9.078292598343045e-05,6.621990916927826e-05,4.8111659735649196e-05,3.499723369103629e-05,2.550817644617027e-05,1.846171827646756e-05,1.3298750701588737e-05,9.621763085100742e-06,7.0137891600712195e-06,5.061067528943142e-06,3.592870939892273e-06,2.5538592866652645e-06,1.8557555402833886e-06,1.3825616062183142e-06,9.994806868994488e-07,6.840186771481501e-07,4.573631201725263e-07,3.178619830711492e-07,2.484613840344437e-07,2.1670559234468527e-07,1.7496920819548705e-07,1.1229284287580731e-07,5.6921432186167376e-08,1.9051021158492517e-08,3.283320930794963e-09,8.625708747171773e-09,2.849122795780502e-08,5.069858801896283e-08,5.747216449299804e-08,3.703169253265539e-08,7.706540425946886e-09,-2.0854130798700286e-08,-4.197588019222193e-08,-5.1391711764412095e-08,-4.724207448392408e-08,-3.0074862278270426e-08,-2.845414033822121e-09,2.9083486404190503e-08,5.794161023167802e-08,7.355128368569182e-08,6.53129344416686e-08,6.567468232438115e-08,8.14710267926048e-08,1.0208350768652791e-07,1.190812802265106e-07,1.26221115013083e-07,1.1944739802694707e-07,9.6892130628975e-08,5.8874929560210985e-08,7.903026941868797e-09,-5.132872972466459e-08,-1.1193787755783308e-07,-1.648543382959098e-07,-1.9882041829699486e-07,-2.0039080853902093e-07,-1.53932584619744e-07,-4.783161069935351e-08,7.448665179060195e-08,1.5636668897972174e-07,1.6794673806234786e-07,1.0662239127633479e-07,-2.953404096943182e-09,-1.0887034573259818e-07,-1.319607762622202e-07,critical,6.2762922890306845
1.0,0.958615927939714,0.86501469154324,0.7506066243958774,0.6339398977552624,0.5246491780027609,0.42759862405851734,0.3441186187476831,0.274271198186181,0.21667408124228882,0.17001350080337435,0.13258956104862465,0.10281301664568493,0.07939229018179259,0.06104352115012317,0.046745599764061806,0.03569041904101452,0.027166622411857848,0.020618712661209095,0.015609924898693265,0.011786402386628439,0.008884165685585083,0.006687954104441401,0.005021862896371361,0.0037609482943592692,0.0028152973728144356,0.002106934592027116,0.0015716955432176873,0.0011702374656409734,0.0008713677390178637,0.0006479443695879242,0.00048041994945020937,0.00035612315757481406,0.0002640155996714838,0.00019510761470910504,0.0001440093080138152,0.00010641602685477087,7.85128472817059e-05,5.7706530366343345e-05,4.244727603929593e-05,3.13051123787469e-05,2.2990878792404306e-05,1.6797602223263186e-05,1.2305872538061122e-05,9.080429770702646e-06,6.67795812659005e-06,4.838636192234511e-06,3.4983321254373773e-06,2.5661155703355634e-06,1.9250296767001878e-06,1.4328427804435323e-06,1.0194740638819915e-06,7.085858426968339e-07,5.001174579422663e-07,3.7888018714071346e-07,3.145572442828142e-07,2.6170377982742796e-07,1.8453055540610569e-07,1.1238694711147915e-07,5.816018855567302e-08,2.788854041171068e-08,2.1914372684160416e-08,3.488416470913585e-08,5.574850515429683e-08,6.776209201884824e-08,5.24911782749025e-08,2.344120029637386e-08,-6.868104397282195e-09,-3.128995595389556e-08,-4.5028734705549395e-08,-4.563998116858089e-08,-3.3030396043581836e-08,-9.457840215397136e-09,2.046866524687358e-08,4.978893908987703e-08,6.919163987600566e-08,6.701426598339807e-08,6.200499624438951e-08,7.495813360918121e-08,9.502763061423042e-08,1.1347978192305539e-07,1.236969159497607e-07,1.2117739485903924e-07,1.0353561456617062e-07,7.050200473702246e-08,2.3923028788048522e-08,-3.2238816113708015e-08,-9.190499905061825e-08,-1.468809553544667e-07,-1.868560866064479e-07,-1.9940376063717077e-07,-1.6998131152665653e-07,-8.419099363992354e-08,2.8214727789477304e-08,1.1239268030415238e-07,1.3732430243765335e-07,9.702505640858802e-08,1.0544428120625786e-08,-7.803407283750737e-08,-9.959291319202056e-08,critical,6.297365205052095
1.0,0.9587669020957735,0.8658847644795915,0.752764666476617,0.6376254684403577,0.5299092724233153,0.43416739958776895,0.3517246568362913,0.2825033350225581,0.22518519184853483,0.17851829193699134,0.14080159557799923,0.11057570728879479,0.0865714670407209,0.06755893606533922,0.05258007536694259,0.04084382501332093,0.03166524247938915,0.02450539299889369,0.018936816743447056,0.014608432048052159,0.011263191284292219,0.008684145213180183,0.006689070035430221,0.005142043758949352,0.003951743507396202,0.0030395310955887876,0.002336379931202461,0.0017922008414145753,0.0013748049304167062,0.001055407763505866,0.0008092750627149718,0.0006198020545969962,0.00047502231376521473,0.0003642720837287604,0.0002788214689935394,0.00021334483355324915,0.0001634678497866097,0.000125261875772547,9.575125599995528e-05,7.321228791205291e-05,5.610705568345287e-05,4.3008787156167714e-05,3.283661986230173e-05,2.5063026552955175e-05,1.9201333801469326e-05,1.4767051793249912e-05,1.129894904296725e-05,8.588401714982334e-06,6.536158962777536e-06,5.019561040851688e-06,3.8975393668736775e-06,3.011267553971418e-06,2.276033597996066e-06,1.7028946194077169e-06,1.282620705592309e-06,9.931131257794252e-07,7.994043310422746e-07,6.536579542976981e-07,5.03799136526789e-07,3.640111015963205e-07,2.5115412412242633e-07,1.7159414167039212e-07,1.2621248266962716e-07,1.1040586641366726e-07,1.1408640306017366e-07,1.2168159363093104e-07,1.1213433001185065e-07,7.895689979644993e-08,4.215476398425959e-08,8.954706857957881e-09,-1.5494730502343233e-08,-2.8055334493291993e-08,-2.7599218988295945e-08,-1.5008825337522168e-08,6.823077632101972e-09,3.2993393616890316e-08,5.658869883639655e-08,6.868524203341395e-08,6.302462884540168e-08,9.332848844293142e-08,1.568988421028266e-07,2.3000549506019143e-07,2.9354137718694963e-07,3.330225429918399e-07,3.3858817162042336e-07,3.050005668550778e-07,2.3164515711500028e-07,1.2253049545620448e-07,-1.371174042847218e-08,-1.6382674820937878e-07,-3.099366009200452e-07,-4.2954024695718097e-07,-4.955135100806754e-07,-4.761090894136038e-07,-3.3794040795724185e-07,-1.9083825462257406e-07,-1.0143696362748146e-07,-5.501799753291529e-08,-2.8215880824491873e-08,critical,6.418691977757871
1.0,0.9587172466601894,0.8655989764121612,0.7520570848081136,0.6364182566002398,0.5281880579889173,0.4320192666170186,0.3492376013338903,0.279812802540262,0.2224013752278055,0.17573659596931834,0.13811372152114232,0.10803183094317806,0.08421647646103142,0.06541852348483336,0.050659739392904704,0.0391444683134922,0.030178571084165093,0.02321774417487173,0.017831486886382104,0.013666569154842267,0.010465773990812745,0.008013643513967682,0.006129100629641629,0.004676761067441573,0.0035667498610030433,0.0027221334771893525,0.002075641482297151,0.0015790759323564118,0.0012012537593517158,0.0009143860506188599,0.0006949088709352898,0.0005274953479199095,0.0004007245065014362,0.0003044648723990616,0.00023081457294391337,0.00017498273424328253,0.00013285377356760317,0.00010077357352725258,7.6255232461626e-05,5.7760708393672934e-05,4.3863785344281384e-05,3.325392760428466e-05,2.5108677140305495e-05,1.898189559279128e-05,1.442507058319497e-05,1.0986263525128412e-05,8.28805540291052e-06,6.222703064212444e-06,4.695888331385901e-06,3.5918900310033257e-06,2.7745436958304896e-06,2.1022921238036476e-06,1.5567557836390994e-06,1.146039585789311e-06,8.598462089453325e-07,6.747383815230474e-07,5.541388816631601e-07,4.483305372311982e-07,3.289960094075573e-07,2.2454544627759237e-07,1.451262336391811e-07,9.536827436131538e-08,7.455348432354385e-08,7.661579241597353e-08,9.014114053926818e-08,9.836748360464936e-08,8.123174101703146e-08,4.910591642390977e-08,1.563469189270401e-08,-1.2594269524532825e-08,-3.1027481315284564e-08,-3.714563350657229e-08,-3.046359266495337e-08,-1.2530401896522282e-08,1.3070719153089332e-08,4.072237429871408e-08,6.277299081564661e-08,6.953681943964486e-08,6.769893226310285e-08,1.1047011348367112e-07,1.7895885330436676e-07,2.508140681275468e-07,3.0830590092881286e-07,3.383257212570073e-07,3.3238612523421964e-07,2.866209355557827e-07,2.0178520149027402e-07,8.325519887951211e-08,-5.89715698614348e-08,-2.1027637574425893e-07,-3.5141926320740807e-07,-4.5853905011608277e-07,-5.031533277622424e-07,-4.5215846086460265e-07,-2.9010998606760524e-07,-1.5708091173328195e-07,-7.977544365945901e-08,-4.30864350502869e-08,-2.190383227641362e-08,critical,6.378708923861423
1.0,0.9585314240010223,0.8645262183457427,0.7493900707558617,0.631857085308237,0.521670099363315,0.42387225235704695,0.33980397031458676,0.2695950649580732,0.21184750122785695,0.16519120727136785,0.1279404813225115,0.09843267516226036,0.0753492767331726,0.057386872071037646,0.04348649424205296,0.03282412031925697,0.02467757260710992,0.01848109421252721,0.013791429316901596,0.010253416392842045,0.007601116489750106,0.005621536095985246,0.004141637877784734,0.003039363419907214,0.0022269477053160586,0.0016289221891097254,0.0011853351270359948,0.0008599787115990921,0.000623120983043836,0.00044963758651653176,0.0003230331984523322,0.00023174630210019692,0.00016573000374694297,0.00011779066140552247,8.354526252351736e-05,5.917198900868072e-05,4.1556281025939966e-05,2.903436055020415e-05,2.029966657801756e-05,1.4124100774466816e-05,9.669479975704869e-06,6.586036374541938e-06,4.520910059115515e-06,3.0950961769094884e-06,2.0317333734508513e-06,1.2983923482374067e-06,8.429629861513834e-07,5.813506477652132e-07,3.9752649619620923e-07,2.2519867618549375e-07,1.006196201535124e-07,3.421949885023185e-08,2.039855162398888e-08,3.75270864214925e-08,4.794547978782462e-08,2.233244492159868e-08,-8.038834073801759e-09,-2.9951840240661996e-08,-3.6621707301791636e-08,-2.654777687361831e-08,-3.5135984661884766e-09,2.3413070516832732e-08,3.988026477816208e-08,2.9586538202786554e-08,3.3879013445227254e-09,-2.5820761158603607e-08,-4.977643110331116e-08,-6.281708559253482e-08,-6.188169703542413e-08,-4.651023314734437e-08,-1.8843656949876613e-08,1.6376073229183353e-08,5.180600375582381e-08,7.75021856898175e-08,8.091967478472226e-08,7.017967105663631e-08,8.184460106655488e-08,1.0433893403572665e-07,1.266809647502535e-07,1.4046546769580645e-07,1.3986369705762394e-07,1.2162338672051394e-07,8.506875026885147e-08,3.21004809865825e-08,-3.280424814278222e-08,-1.0259178443615957e-07,-1.676319955109001e-07,-2.157182692847872e-07,-2.3206751397603312e-07,-1.993201581032828e-07,-9.616288147007862e-08,6.91058394309096e-08,2.155289524421733e-07,2.841330852499416e-07,2.4965404941987607e-07,1.205368403970554e-07,-6.106436249400894e-08,-2.1928619604939173e-07,-2.445561131857324e-07,critical,6.229765197630115
1.0,0.9586513051238078,0.8652188786671581,0.7511140944135747,0.6348075824503273,0.5258889338861122,0.4291479508691895,0.3459127440827762,0.27621411675838003,0.21868114983132675,0.17201906079842394,0.1345245432952044,0.10463938955365336,0.08107963090955571,0.06257228497559741,0.0481115038700904,0.03689436301189279,0.028214947387215514,0.021521817160509073,0.016380113445939145,0.012434148010473232,0.009426123230557292,0.007142759896968045,0.005404729619048641,0.004077520915796499,0.0030732412996222758,0.0023172700941220346,0.0017447547608048014,0.0013100866926484443,0.0009834477207630644,0.0007384098924752638,0.0005530914015821897,0.00041377941510368897,0.0003097788289632468,0.00023171176941988585,0.00017287058665615913,0.00012902489226193723,9.642042383392803e-05,7.184704987812343e-05,5.343365402518664e-05,3.9824465954096376e-05,2.974130446144561e-05,2.2091248930320078e-05,1.63626434955619e-05,1.2169950442425197e-05,9.112933708203887e-06,6.788186404644109e-06,4.9932851672200695e-06,3.6712418226694406e-06,2.737153024392879e-06,2.082728255836877e-06,1.576507062215783e-06,1.1463799991416202e-06,8.156291499454492e-07,5.854526660315232e-07,4.436049258901851e-07,3.6439653509788216e-07,3.086943263171546e-07,2.3247610060093932e-07,1.535248425330668e-07,8.928249578989987e-08,4.7164893180034465e-08,2.947878691010674e-08,3.342184858479231e-08,5.108266920680733e-08,6.944075917690841e-08,7.036654829389104e-08,4.6035458225016336e-08,1.5033473161482664e-08,-1.44435941710996e-08,-3.6479087440689964e-08,-4.7264044103464485e-08,-4.509719540381612e-08,-3.038496637435398e-08,-5.641475835904013e-09,2.4511463602490776e-08,5.3344345543571984e-08,7.201996980186349e-08,6.959344240367275e-08,7.185193910172408e-08,1.0089579223363812e-07,1.3891475369642242e-07,1.717923511115558e-07,1.891103042487241e-07,1.8414852502581933e-07,1.5388511750894113e-07,9.899637791239783e-08,2.3856794598703124e-08,-6.346095192142298e-08,-1.5118598898904837e-07,-2.238492517970392e-07,-2.6228348339005266e-07,-2.436232346645383e-07,-1.5270508070891995e-07,-5.934324870037031e-08,7.720744077450434e-10,1.8544521095951966e-08,4.11919378636818e-10,-3.1653707195952783e-08,-4.014613954570645e-08,critical,6.3257314137047835
1.0,0.9585701613937565,0.8647502672946441,0.7499485139632667,0.6328136629917163,0.5230388323008212,0.4255849646719996,0.3417869183926494,0.27174484426611484,0.21406577640200306,0.16740735650754596,0.13007643617168996,0.10044381121070785,0.07720482313758237,0.05906397625122942,0.04497986581914426,0.034136362990028035,0.0258159058727363,0.019457530359263533,0.014621008391645244,0.010951702910725458,0.008184610824504385,0.006105668495668444,0.004540486996574127,0.0033656604637386754,0.0024924214273173576,0.0018441251169341198,0.0013588217179891302,0.0009989192755233143,0.0007339939936620379,0.0005379407625681818,0.0003928813375218336,0.000286766614553463,0.0002090751708442946,0.00015174275004240786,0.00010999013995122644,7.976614779657491e-05,5.759131750791806e-05,4.140938047032894e-05,2.9815271587220783e-05,2.1486273649749654e-05,1.5337324821406703e-05,1.0900258043479829e-05,7.791474506292222e-06,5.607135448496007e-06,3.966044023291449e-06,2.7567519239794816e-06,1.925615853253878e-06,1.3860423237906996e-06,1.0223771673955064e-06,7.130098310390428e-07,4.6532943197083936e-07,2.9629090877878134e-07,2.0298870093922877e-07,1.669096479568784e-07,1.539329893647623e-07,1.1764156337502306e-07,6.613958475600312e-08,2.254436534795627e-08,-4.091133462420683e-09,-1.0219027137851501e-08,2.203492009517839e-09,2.571415481811919e-08,4.734561527696327e-08,4.862855123484055e-08,2.5785148860311608e-08,-3.5994821480975494e-09,-3.0734430180311054e-08,-4.928852766769585e-08,-5.539035108306035e-08,-4.762822094065519e-08,-2.7050201796173537e-08,2.835897753250065e-09,3.606252506903825e-08,6.420238347117202e-08,7.636843223818952e-08,6.55518611067405e-08,6.966964969466311e-08,8.756586839028072e-08,1.0864407271631497e-07,1.2458478107552405e-07,1.2934547475070092e-07,1.1916059790467514e-07,9.254155758031124e-08,5.027672370051067e-08,-4.568570931791069e-09,-6.665203063362029e-08,-1.2835439684196962e-07,-1.7977944811379622e-07,-2.087540001260192e-07,-2.0082790567552455e-07,-1.392740546791599e-07,-1.5729724625728928e-08,1.1449922902871509e-07,1.9358769104212302e-07,1.9283715261567206e-07,1.1270142072297265e-07,-1.721338188992139e-08,-1.3814881670452351e-07,-1.6219412942990175e-07,critical,6.260726232360684
1.0,0.9587733351941702,0.8659217621373266,0.7528561788947943,0.6377815152467899,0.5301316310729236,0.4344448282061938,0.35204582017184444,0.2828507025845414,0.22554475873466343,0.1788775689090356,0.14114889959077026,0.11090460456140239,0.08687611938061084,0.06783605541350216,0.05282893945389337,0.041064288530083634,0.03185834094541052,0.02467286759912676,0.019080786105330705,0.014731311258321403,0.011367401925863722,0.008771925180595549,0.006762519137461902,0.00520319876406265,0.004002456330960115,0.003081435256417492,0.0023708853875547605,0.0018204761823505827,0.0013978898608357883,0.0010742148316789904,0.0008245707136911944,0.0006321842031856535,0.0004850178528893767,0.0003723399170616719,0.00028532047285812195,0.00021855576449598737,0.00016763905149927113,0.00012860864560206885,9.842653767468937e-05,7.53406772054646e-05,5.7798693154733675e-05,4.436045124323009e-05,3.391262725165131e-05,2.591366794589723e-05,1.987186795905856e-05,1.529839464939051e-05,1.1724122747916037e-05,8.924542999089124e-06,6.799202015481567e-06,5.2244675459464924e-06,4.058552401622667e-06,3.1417334905581626e-06,2.3801188049303716e-06,1.7842381872722094e-06,1.3449746493364636e-06,1.0403798226422777e-06,8.35673958475128e-07,6.832459278868311e-07,5.293628974408747e-07,3.8466632638057633e-07,2.671334948865496e-07,1.8335306377045853e-07,1.3441373102111969e-07,1.1590423180450715e-07,1.1791333846374817e-07,1.2502986051912534e-07,1.1634264466807612e-07,8.31576275832325e-08,4.59059507018652e-08,1.2040142396078912e-08,-1.3212363429254665e-08,-2.6632610808286046e-08,-2.70101217141867e-08,-1.5142896059150175e-08,6.162588305608139e-09,3.20913755898517e-08,5.582003206432189e-08,6.851664606073826e-08,6.288435884128021e-08,9.147514455789192e-08,1.544727287822566e-07,2.2788289961232682e-07,2.923509819163251e-07,3.331618373327404e-07,3.40239864270334e-07,3.081489979081354e-07,2.3609271019544333e-07,1.2791400985182535e-07,-7.90455763287828e-09,-1.5824090999856257e-07,-3.0533342821485127e-07,-4.2678095648109607e-07,-4.95542802226385e-07,-4.799387361095304e-07,-3.454697469753056e-07,-1.9604923966684046e-07,-1.0479550025148828e-07,-5.696191639346466e-08,-2.931704836151317e-08,critical,6.423877637182869
1.0,0.9585768937152315,0.8647891835897543,0.7500454364067983,0.6329795991965407,0.5232761759079485,0.42588184208290536,0.3421306685321194,0.27211738941376984,0.2144503054025255,0.16779154742032493,0.1304468248783064,0.10079278781486035,0.07752692758818887,0.05935529828825935,0.04523951457920492,0.0343647180527227,0.026014205532330793,0.019627831159842565,0.014765884662110066,0.01107383250851571,0.008286827847949827,0.0061906263744469815,0.004610610714035321,0.0034231451886680107,0.0025392912015381112,0.0018822042717144064,0.0013895990120221314,0.0010236334809409502,0.0007537676765148812,0.0005537361750820959,0.00040541661373035047,0.00029667199366923444,0.00021690323072085633,0.0001578995682269203,0.00011480429259497338,8.352709708106223e-05,6.0533451782587474e-05,4.3691508472221114e-05,3.157759970094078e-05,2.2853158853804778e-05,1.6397252675920042e-05,1.1712441369424413e-05,8.41032807889105e-06,6.082574264464368e-06,4.335477353108286e-06,3.0380825905498285e-06,2.136447750472022e-06,1.5434258578929167e-06,1.143281790424261e-06,8.089412098127109e-07,5.382500075972743e-07,3.497250220020255e-07,2.4090195398888956e-07,1.9378049025471817e-07,1.748243032312894e-07,1.3675432646318776e-07,8.142511882754607e-08,3.381750974507583e-08,3.3802673022878843e-09,-5.975284779430768e-09,4.124732856181326e-09,2.6516755200260013e-08,4.8499772878816705e-08,5.1835332152737074e-08,2.966632688250216e-08,2.8965464741868815e-10,-2.7351348892400015e-08,-4.680729366261113e-08,-5.406925393211064e-08,-4.756876831303439e-08,-2.817783976075801e-08,7.91064426103687e-10,3.3585012605696005e-08,6.201060879292463e-08,7.543399265945562e-08,6.532240879697125e-08,6.81505575182886e-08,8.531300745536122e-08,1.0622067798456942e-07,1.2252660964160838e-07,1.2812596412148644e-07,1.1915602427852726e-07,9.399619412636766e-08,5.3267998837960116e-08,-1.649152544313443e-10,-6.119678065922406e-08,-1.224797087255255e-07,-1.7442368964312738e-07,-2.0519659244250593e-07,-2.0072416499482509e-07,-1.4469003401193255e-07,-2.7460946687351844e-08,9.998910709717054e-08,1.801811881941862e-07,1.8397948363140474e-07,1.1071817181757522e-07,-1.179857745750551e-08,-1.2729660302300027e-07,-1.5103175232702224e-07,critical,6.266111803341804
1.0,0.9586200439034221,0.8650384572247553,0.7506657219626702,0.6340409775867508,0.5247936432170535,0.427779202618732,0.344327727522572,0.2744976907016392,0.21690800062199056,0.17024723918252727,0.13281502785994975,0.10302572891883499,0.07958876349747115,0.06122144878228922,0.046904471356636605,0.035830373750587695,0.027288401964733422,0.020723538849438287,0.01569932400629526,0.011861979932872985,0.008947614763906025,0.006740863736825345,0.005065690025626353,0.0037970142918489044,0.0028448226351869403,0.0021310228888363485,0.0015912590518731187,0.001186025204499392,0.000884061879713482,0.0006581395615470608,0.0004885603276848809,0.00036259369846378174,0.0002691559226565262,0.0001991820927498467,0.00014721840096608814,0.00010893844049496903,8.05010404260763e-05,5.9263126986841186e-05,4.365923527157407e-05,3.224981258577449e-05,2.3731328795258103e-05,1.7371877938370735e-05,1.2747933639441939e-05,9.421327065361756e-06,6.945259796001035e-06,5.045718623765357e-06,3.6562070179256022e-06,2.685344526403973e-06,2.0159780924626744e-06,1.505509383598119e-06,1.0761835310619959e-06,7.514720057529017e-07,5.315523501852881e-07,4.01516499139354e-07,3.3137077966103944e-07,2.760359110620347e-07,1.96871814343244e-07,1.2202180237266075e-07,6.512235084000249e-08,3.243683379351025e-08,2.4518645069071717e-08,3.621119829022132e-08,5.664792686814158e-08,6.925228400166131e-08,5.494583504601259e-08,2.5961418522662452e-08,-4.6022366167180975e-09,-2.9523650079146105e-08,-4.3924947712286414e-08,-4.527186150445264e-08,-3.3373729584607385e-08,-1.038349622236123e-08,1.920228817202608e-08,4.8543467047646464e-08,6.845627771294301e-08,6.741335133571087e-08,6.159225807676803e-08,7.408660601838138e-08,9.407390256587811e-08,1.1275743924526176e-07,1.2344981766613115e-07,1.215729495216825e-07,1.0465805658870754e-07,7.234567072759524e-08,2.6385633882329135e-08,-2.9362901919507595e-08,-8.893147456673911e-08,-1.4424231186459204e-07,-1.851083315346943e-07,-1.9923314121508128e-07,-1.7221103846018923e-07,-8.93459699494034e-08,2.1614550865279844e-08,1.0605134746049848e-07,1.3279999627927466e-07,9.541352821410472e-08,1.2162428606965298e-08,-7.396536275069166e-08,-9.526445161793345e-08,critical,6.3006634755264885
1.0,0.9586353228317993,0.8651266563123797,0.7508849702518031,0.6344159002512438,0.5253293951110112,0.4284487884145639,0.3451031092592738,0.27533743435683633,0.21777539763152923,0.1711139781712925,0.13365119991160518,0.10381482723835658,0.08031772786760923,0.06188179070912066,0.04749432414136581,0.03635017518347956,0.027740895754383356,0.02111323266604026,0.01603122098834741,0.012138647590937506,0.00917750737436547,0.00693508247040771,0.005232507736620775,0.003935514221249117,0.0029567005506346633,0.002222014549660942,0.0016672049708639346,0.001247304159161702,0.0009328295426508995,0.0006976898549605002,0.0005204353123674207,0.0003877258612249508,0.0002890444139633349,0.00021520962128847784,0.0001598061381193818,0.00011872286554034054,8.829438353893457e-05,6.543702108251212e-05,4.8412668124738724e-05,3.590379601791284e-05,2.6667917523529742e-05,1.9681314660645217e-05,1.449133485474997e-05,1.0724104194750385e-05,7.990555744844044e-06,5.905197536825731e-06,4.308559321061233e-06,3.1474357319157627e-06,2.3391319480626208e-06,1.7768018063509e-06,1.3314610231266533e-06,9.546973472858465e-07,6.697933617226137e-07,4.774495359908707e-07,3.648600431489716e-07,3.0571275975971963e-07,2.601892658903578e-07,1.900025143716774e-07,1.1984490220651022e-07,6.423402680503809e-08,2.9957000074636846e-08,1.8761536898083997e-08,2.7355955133558824e-08,4.7409175614642626e-08,6.55507221503183e-08,6.337729669928883e-08,3.823137024027721e-08,7.406687572875591e-09,-2.1186210282177362e-08,-4.177344865204948e-08,-5.0717819211814905e-08,-4.6518779984454514e-08,-2.981245534085486e-08,-3.371635999809393e-09,2.7894220971981843e-08,5.693899215991399e-08,7.457988780147377e-08,6.974494266444039e-08,7.480317308850961e-08,1.0504412129311639e-07,1.4280725448918602e-07,1.741932341174252e-07,1.8906391584831968e-07,1.8104234958213433e-07,1.4751277944891364e-07,8.96206438084833e-08,1.227257525044658e-08,-7.58635994058134e-08,-1.6235885911113133e-07,-2.3102298858656523e-07,-2.6190457832339323e-07,-2.3129102458311237e-07,-1.3345937059985044e-07,-4.2301621040666295e-08,1.3173879649308796e-08,2.4787369960840225e-08,3.109513528065763e-10,-3.653141174779881e-08,-4.606389194586722e-08,critical,6.31291163779446
1.0,0.9585261206664694,0.8644955282736657,0.74931351716626,0.6317258869915687,0.5214823068721077,0.4236371745713746,0.33953183047186297,0.26929992758110194,0.21154304560614148,0.1648870704016726,0.1276474248553761,0.09815692081659595,0.0750949552887891,0.05715715576480173,0.043282129086719454,0.0326446959325009,0.024522086841732807,0.018347878263461414,0.013678394042199829,0.010158409971155056,0.007521854175268065,0.005555883687813576,0.004087651178376956,0.0029952861172613545,0.002191163098499506,0.0015999782542893601,0.0011620624247693232,0.000841389801664525,0.0006083264121799651,0.00043789040707380557,0.00031377190753668,0.00022447425094874616,0.000160019922526394,0.00011333662453450811,8.0089768027449e-05,5.648949956321906e-05,3.947838139109822e-05,2.7439125515742384e-05,1.907830784071012e-05,1.3182368817515442e-05,8.949772487846453e-06,6.042038312885458e-06,4.110580244402439e-06,2.7798548682252795e-06,1.791782232960233e-06,1.1194628997442587e-06,7.114566028903576e-07,4.839083465202126e-07,3.209391974965671e-07,1.6671542845004034e-07,5.773921245388111e-08,4.110596683023539e-09,-1.598787299828972e-10,2.284881930502776e-08,3.496821683583876e-08,1.1198301014905956e-08,-1.6408370732891065e-08,-3.555406911759439e-08,-3.976122118954059e-08,-2.7801073699110275e-08,-3.693693096728785e-09,2.3292034467133365e-08,3.863840314196211e-08,2.6909324294552085e-08,2.699908712190518e-10,-2.8889569281279082e-08,-5.2372422543179336e-08,-6.460683936550603e-08,-6.264629427006949e-08,-4.616946584946689e-08,-1.7480236767082643e-08,1.8492306242913094e-08,5.4193872375563054e-08,7.944496675512278e-08,8.144089043506198e-08,7.130636800562991e-08,8.406216065550501e-08,1.0726405692046207e-07,1.2982650260870337e-07,1.432973355852521e-07,1.418577857719511e-07,1.2232247514746442e-07,8.413941774727498e-08,2.939001966368872e-08,-3.7210920954172215e-08,-1.0831521390035945e-07,-1.7394127691210951e-07,-2.2147413566983744e-07,-2.356654237971349e-07,-1.986333828607772e-07,-8.799074124774893e-08,8.364097830571219e-08,2.3221003100854994e-07,2.9864479994010543e-07,2.583013362545973e-07,1.209633591811075e-07,-6.915774397640588e-08,-2.3342291783912433e-07,-2.5876543895335004e-07,critical,6.225530090062126
1.0,0.9585902290929389,0.8648662495441132,0.750237304891477,0.6333080146379272,0.5237458383228322,0.4264692173959437,0.34281080187240387,0.2728543927812713,0.21521111809378307,0.16855171306605074,0.13117977134338044,0.1014835668722573,0.07816462096434947,0.0599322184101705,0.04575392187001103,0.03481729835895185,0.026407398996930998,0.019965684856678604,0.015053463135781767,0.01131641663630945,0.008490002275012794,0.006359622537063375,0.0047502131311469575,0.003537686864970869,0.0026327688602543085,0.001958223101480683,0.0014511095485317605,0.001073083228105988,0.0007933772304899896,0.0005854167900167228,0.00043059399660259543,0.0003165943306633122,0.00023266673060284377,0.00017032057517533478,0.0001245329130981944,9.11380161585687e-05,6.649852817233506e-05,4.832854090030642e-05,3.51652309038894e-05,2.5638703525943476e-05,1.8563390474140314e-05,1.3377018772748005e-05,9.681626308477385e-06,7.059826601124372e-06,5.096998071486463e-06,3.620416692219992e-06,2.5746386257962954e-06,1.8713296499273593e-06,1.394475494544706e-06,1.0089846279704535e-06,6.913196969925684e-07,4.6278107762684325e-07,3.217552232645913e-07,2.5123317942040204e-07,2.1881058373213895e-07,1.7688319022097153e-07,1.1384856635517713e-07,5.8096642607993704e-08,1.985948467360711e-08,3.772214477593199e-09,8.873010176916052e-09,2.860310615992802e-08,5.0806793046370875e-08,5.773141768737434e-08,3.738851754099328e-08,8.067118745851877e-09,-2.0536719794894754e-08,-4.1737642136575855e-08,-5.125624871772571e-08,-4.721909636008456e-08,-3.015869826859866e-08,-3.0135240314193804e-09,2.887200038009546e-08,5.774749261138263e-08,7.345661392467295e-08,6.532628604794554e-08,6.556751404775003e-08,8.129825294143679e-08,1.0189723125051533e-07,1.1892851469318239e-07,1.261415061843199e-07,1.1947094583549735e-07,9.703691095496976e-08,5.9144816047679404e-08,8.285412815253274e-09,-5.0865209843992565e-08,-1.1144562583505732e-07,-1.6440907186625492e-07,-1.985234474492111e-07,-2.0037131489886423e-07,-1.5434989933346957e-07,-4.87614023159196e-08,7.33139598798916e-08,1.5526401932470566e-07,1.671950320014466e-07,1.0641450676982843e-07,-2.5687946336382645e-09,-1.0804485759565401e-07,-1.3110241462611868e-07,critical,6.276783682485559
1.0,0.9585564944855564,0.864671245366906,0.7497516371343941,0.6324765223476027,0.5225565277307144,0.42498158050852874,0.3410882932395733,0.27098758572804116,0.21328426363280398,0.1666265564834262,0.12932377922452254,0.09973487752440516,0.07655059241880295,0.058472444284769734,0.04445286715293492,0.03367305963189167,0.025413769823152087,0.019112358707693136,0.014327539077421451,0.010704475172825934,0.007977840841407194,0.0059339440570575705,0.004398865501235158,0.0032496697685778933,0.0023979395946984268,0.0017674398901887023,0.0012969126313167394,0.0009492649329426243,0.0006943124603375335,0.0005062844853605897,0.0003677954808659352,0.00026697160321874635,0.00019345301156810304,0.0001394781724126633,0.00010041681863711159,7.229786976105181e-05,5.17608055901013e-05,3.689701995459644e-05,2.6337405365254474e-05,1.8791478807306985e-05,1.3254353141883193e-05,9.308883658020395e-06,6.5817396744657476e-06,4.678061328953294e-06,3.246671314002004e-06,2.211343263413928e-06,1.5186075534048957e-06,1.0828920781551846e-06,7.88573881683647e-07,5.285444007650135e-07,3.2611395217607887e-07,1.9514485418774106e-07,1.318113382171063e-07,1.1653325937060922e-07,1.1397609644401265e-07,8.118129889058783e-08,3.731314095840235e-08,1.6489895726743337e-09,-1.756127295829164e-08,-1.7501960796380834e-08,-7.915845736701344e-10,2.4517148607572817e-08,4.4937335174889386e-08,4.198204733609093e-08,1.7918208216631822e-08,-1.1444891416866288e-08,-3.7511027262533014e-08,-5.418720230566116e-08,-5.788364681870524e-08,-4.7513818361282534e-08,-2.4494401780173103e-08,7.254690790681382e-09,4.131031993017589e-08,6.87461189300434e-08,7.813249379485383e-08,6.651533750322094e-08,7.324780686962248e-08,9.267704836953912e-08,1.1414021481452361e-07,1.293363962753773e-07,1.3232662008214824e-07,1.1953385082413341e-07,8.974299034987636e-08,4.410087776717024e-08,-1.3883710556947047e-08,-7.834006099618484e-08,-1.4103552266500968e-07,-1.9137550741863888e-07,-2.164034898530387e-07,-2.00801007304934e-07,-1.2681030809738588e-07,1.0491335392965645e-08,1.4644441589732085e-07,2.2273701989666564e-07,2.1168840942684059e-07,1.1624902207852702e-07,-2.9999529002740234e-08,-1.6284445511658795e-07,-1.8744179200778548e-07,critical,6.249797600058447
1.0,0.9587643755071437,0.8658702319769834,0.7527287151995214,0.6375641592187218,0.5298219017529049,0.4340583854706863,0.35159845481418317,0.28236683178988464,0.22504390456681758,0.178377117358505,0.14066513487425567,0.11044649118319241,0.08645178724257219,0.06745008650827661,0.05248233902047305,0.040757257173803005,0.031589434053632154,0.02443965836080548,0.018880320956752746,0.014560224870356322,0.011222318985269392,0.008649726805948275,0.006660279416792942,0.00511807998012705,0.003931878389371412,0.0030231223908083853,0.0023228734416553534,0.0017811373939563236,0.0013657760611641115,0.0010480550627847355,0.0008032978371706207,0.0006149656357288958,0.00047111989465805715,0.00036112362057532223,0.0002762866381261875,0.0002113134817044435,0.00016184260137626892,0.00012395846363481874,9.471002218058893e-05,7.238440905870241e-05,5.5449387379573274e-05,4.248351004422509e-05,3.241878617241948e-05,2.4732950025345725e-05,1.89412994864378e-05,1.4561043154060093e-05,1.1134208035800262e-05,8.458284670771828e-06,6.434434270907469e-06,4.94037465687516e-06,3.8353145218547985e-06,2.9608441941365524e-06,2.2358568205881137e-06,1.6715420545313348e-06,1.2586240450516002e-06,9.749435564212797e-07,7.854579680997067e-07,6.422412747331879e-07,4.939478881959535e-07,3.5606661735846683e-07,2.450242802004168e-07,1.6709917707820432e-07,1.2309116923600062e-07,1.08321678805751e-07,1.1263368880717206e-07,1.203917431477523e-07,1.1048194662275274e-07,7.732949809097703e-08,4.0702839035925025e-08,7.762861788691753e-09,-1.637277610502726e-08,-2.8597534707142153e-08,-2.7815991687167267e-08,-1.494384232222265e-08,7.092100502966431e-09,3.335390629607068e-08,5.689252695715468e-08,6.874779677867787e-08,6.31097267660033e-08,9.407728574081896e-08,1.5787543242495445e-07,2.308719408724908e-07,2.9405229055799133e-07,3.3301966637649736e-07,3.3799495864353514e-07,3.038167630951108e-07,2.29941380887713e-07,1.204428185983086e-07,-1.5987211775646712e-08,-1.6603929281622381e-07,-3.11786301685011e-07,-4.306834101231067e-07,-4.955680844511393e-07,-4.746600855692492e-07,-3.3508085452611046e-07,-1.8885334237282846e-07,-1.0015806006895973e-07,-5.428242541626046e-08,-2.7802638799249554e-08,critical,6.416655674501448
1.0,0.9585263374238384,0.8644967827136061,0.7493166465278065,0.6317312504445257,0.5214899842227961,0.4236467854887768,0.33954295647326255,0.2693119943023087,0.2115554929093988,0.16489950453042698,0.12765940563527745,0.09816819341783305,0.07510535124948681,0.05716654523702717,0.04329048147723041,0.03265202826193446,0.024528440139702862,0.01835332085392949,0.013683011454104603,0.010162290253476964,0.0075250908321711305,0.005558564051400835,0.004089854791351305,0.002997084826633314,0.002192623033886022,0.0016011587972056848,0.0011630113637619026,0.0008421475232880691,0.0006089292818097564,0.00043836892465140185,0.0003141490160242596,0.00022477024944987737,0.00016025225066233398,0.00011351775819892692,8.023022847429513e-05,5.6598498877801377e-05,3.9562759795954605e-05,2.7503864076807658e-05,1.9127849079337528e-05,1.3220549394865907e-05,8.97892647677241e-06,6.064056410445381e-06,4.127178995754684e-06,2.7926035468450264e-06,1.801474234406052e-06,1.1266804950856029e-06,7.167550676866801e-07,4.87833697658804e-07,3.240252417360884e-07,1.6906743154842322e-07,5.945947744042954e-08,5.315009082045356e-09,6.605941701834689e-10,2.343573842873245e-08,3.549288560855764e-08,1.1644458267281159e-08,-1.6074554153445438e-08,-3.533234048585253e-08,-3.9638792776616546e-08,-2.77540959981155e-08,-3.688728048429658e-09,2.3296540248658538e-08,3.8690645143664704e-08,2.7019246087994035e-08,3.978832915932101e-10,-2.8763783512254516e-08,-5.226615216872937e-08,-6.453380805542661e-08,-6.261552408235498e-08,-4.618426069193768e-08,-1.7537165859012577e-08,1.8404424909168614e-08,5.409498857294004e-08,7.936481456022101e-08,8.142000476651705e-08,7.1257689459899e-08,8.396844899467948e-08,1.0714093463142271e-07,1.2969410763504076e-07,1.431779061558872e-07,1.4177324522975533e-07,1.222920167778798e-07,8.417708960693524e-08,2.950230940903886e-08,-3.7027501238254694e-08,-1.0807654287194578e-07,-1.736780391435981e-07,-2.2123423681933297e-07,-2.3551640577982993e-07,-1.9866483902033002e-07,-8.833838454882852e-08,8.30302283688967e-08,2.3151240024661474e-07,2.9804018558978853e-07,2.579434454561614e-07,1.209498474557414e-07,-6.881513424918492e-08,-2.328282189440666e-07,-2.581683193620735e-07,critical,6.225703169957994
1.0,0.9587378379123407,0.8657175333611907,0.7523507689256348,0.6369194536581957,0.5289028660469403,0.43291151165517583,0.35027067608432016,0.28093052279951136,0.22355759125135807,0.1768919535499955,0.13922987252453703,0.10908785123363625,0.08519379332001845,0.06630641590728911,0.05145594205255072,0.03984865401618233,0.030794244941930688,0.02375062047921482,0.01828856764669344,0.01405571701737227,0.010794948104020022,0.008290168844300836,0.006359809127039843,0.004868250303284504,0.003725012408839531,0.0028524510171120954,0.00218256084175481,0.0016663536018975676,0.0012722267825562774,0.0009719756211285587,0.0007415414652099648,0.0005650728811073225,0.00043092309847853923,0.00032873829484224586,0.0002502608076419936,0.00019049354074339328,0.00014521133487357943,0.00011064147833308664,8.409397744155948e-05,6.396033186051208e-05,4.876799259917712e-05,3.7154815566603696e-05,2.8190680424287063e-05,2.140089637836441e-05,1.632128342475772e-05,1.2486626473730292e-05,9.479268664005445e-06,7.155359432181364e-06,5.4189666322190565e-06,4.15161857467482e-06,3.2152607036468712e-06,2.458553156520629e-06,1.8373218738300004e-06,1.3620514368502837e-06,1.0229292650384372e-06,7.971112659256851e-07,6.487218351175008e-07,5.2885385629361e-07,3.96761257621605e-07,2.781984512202221e-07,1.8547918252054784e-07,1.239563480412972e-07,9.357415811953435e-08,8.886813691067635e-08,9.896512238848979e-08,1.0758326634509303e-07,9.353153001094153e-08,6.09623564319123e-08,2.61407497064117e-08,-4.114312450676797e-09,-2.5005787433132125e-08,-3.375856774339661e-08,-2.9619480992574267e-08,-1.3857289900432411e-08,1.0237307704599212e-08,3.735167888542846e-08,6.01512555963002e-08,6.92795346827967e-08,6.499893505043353e-08,1.027063576443942e-07,1.6902586907168844e-07,2.411694099594983e-07,3.009442370940176e-07,3.3475292342044796e-07,3.3359335804300616e-07,2.9305874622491844e-07,2.1333760938842312e-07,9.921378511476654e-08,-3.9933572855785075e-08,-1.9012999462396349e-07,-3.328056941314881e-07,-4.4479556916105895e-07,-4.983392013363732e-07,-4.6108085612211243e-07,-3.079982032274371e-07,-1.6986329547435568e-07,-8.794559505847746e-08,-4.7427157918896604e-08,-2.407667708635496e-08,critical,6.395279820349584
1.0,0.9585876516975095,0.8648513566361757,0.7502002334765909,0.6332445681682702,0.52365511278791,0.4263557626779862,0.3426794285956651,0.2727120450517341,0.2150641611259944,0.16840487895359468,0.1310381854991442,0.10135010547174089,0.07804140505638402,0.059820727686933896,0.0456544899517971,0.03472979959936194,0.026331363037576088,0.019900332227442738,0.014997818584382028,0.0112694619177587,0.008450661029137366,0.006326886186980083,0.004723158900388107,0.0035154788633858743,0.0026146359147607426,0.0019434692949592469,0.001439164455515804,0.0010634744493548118,0.0007856758907302595,0.0005792529714294416,0.00042569179313587893,0.00031271252084984344,0.00022959331064042202,0.00016789648145215777,0.00012263258206487255,8.965024070842318e-05,6.533135683349833e-05,4.742018630989972e-05,3.4461743300812476e-05,2.5092180688914334e-05,1.8137790885581268e-05,1.3049477498584653e-05,9.431163399155456e-06,6.867224058488587e-06,4.946712618775279e-06,3.505246722823355e-06,2.4877927770736407e-06,1.8062550791339576e-06,1.3446851661325503e-06,9.69274474503457e-07,6.608323073152681e-07,4.4017319503652533e-07,3.0552156815264293e-07,2.3967938709249154e-07,2.1002614222839848e-07,1.6889069831440846e-07,1.0735795503267137e-07,5.320003828388868e-08,1.6497750684463382e-08,1.7459904220160454e-09,7.85375125538248e-09,2.8144122514614215e-08,5.0354289100979554e-08,5.6635531486961595e-08,3.589136811419758e-08,6.555014362667055e-09,-2.186683532348616e-08,-4.27346176085753e-08,-5.18210375742343e-08,-4.7311068719418965e-08,-2.9801952960407e-08,-2.303200630797051e-09,2.9763409518490173e-08,5.856383031921232e-08,7.385174618580573e-08,6.52787150963424e-08,6.60248430304909e-08,8.203110414843832e-08,1.0268718009995207e-07,1.195778652966736e-07,1.264830669121165e-07,1.1937780488166852e-07,9.643221190258974e-08,5.8011533434014895e-08,6.676127696949294e-09,-5.281853432572458e-08,-1.1352186888925383e-07,-1.6628817948701377e-07,-1.997766568505015e-07,-2.0045137894934642e-07,-1.5258131099130055e-07,-4.4826752401667545e-08,7.827160013964395e-08,1.5992114186470502e-07,1.7036420267502212e-07,1.0728136360556748e-07,-4.208543175213786e-09,-1.1154843436541099e-07,-1.3474297552963768e-07,critical,6.274720645250707
1.0,0.9587575315155361,0.8658308616080126,0.7526313027089374,0.6373980229007771,0.5295851207288548,0.43376293480314954,0.3512564143381408,0.2819968601893423,0.22466099437272108,0.1779945093598976,0.14029532830018018,0.11009635248104578,0.08612752049272734,0.06715520392535587,0.05221760520074743,0.040522816870549025,0.0313841722872368,0.024261712845543036,0.018727421957856448,0.014429793515572518,0.01111176427067529,0.008556656472161053,0.006582451722739581,0.005053322461643294,0.0038782161811210824,0.002978813838393121,0.002286416098076346,0.0017512868604059768,0.00134142555441321,0.0010282337081361733,0.0007871920597339166,0.0006019402203940694,0.0004606150155230767,0.00035265211887765973,0.0002694701984559371,0.00020585402541307347,0.00015747681732715822,0.00012045894223825529,9.191629904223004e-05,7.016454921864992e-05,5.368684303554074e-05,4.107640360245686e-05,3.130039809906118e-05,2.3850139856431978e-05,1.8246252025184126e-05,1.4010522776421256e-05,1.0694279443193214e-05,8.111173981349795e-06,6.163336241328736e-06,4.729494158257662e-06,3.669593222062149e-06,2.826553404658323e-06,2.128998879845133e-06,1.5882833142385776e-06,1.1950019161493992e-06,9.268274467046243e-07,7.485102198475386e-07,6.118781023376972e-07,4.677924231580108e-07,3.350168378717738e-07,2.2882845513038767e-07,1.5526774541445334e-07,1.1491385615124877e-07,1.0288461171473315e-07,1.088365134255428e-07,1.1696473955099392e-07,1.0600507374516146e-07,7.29833575334827e-08,3.682892369975813e-08,4.589523044425191e-09,-1.870054447932704e-08,-3.002042976555846e-08,-2.8362734555577e-08,-1.4733511437939067e-08,7.847736151549957e-09,3.4348053929837013e-08,5.7721036766619606e-08,6.890682868434755e-08,6.34240209267978e-08,9.616664508703605e-08,1.6059111066310587e-07,2.3331475692201713e-07,2.9556083623788676e-07,3.3315851409193474e-07,3.3654286907249104e-07,3.007548928749903e-07,2.2544149030197465e-07,1.1485547926308994e-07,-2.2144409224905595e-08,-1.720935310381528e-07,-3.1692132894568704e-07,-4.339513326094312e-07,-4.959011585842041e-07,-4.708825103177222e-07,-3.27597022648449e-07,-1.8364201991342594e-07,-9.680181615628943e-08,-5.236581058134024e-08,-2.67361047035608e-08,critical,6.41114076934581
1.0,0.9586896378013481,0.8654399139348883,0.7516627292844789,0.6357449372312589,0.5272273031696922,0.43081968972947077,0.3478485915327214,0.2783096732118392,0.22084704030751837,0.17418338691162716,0.1366137391967538,0.10661342255717299,0.08290443324736158,0.06422736737523055,0.04959249058058576,0.038201443793067766,0.02935492829659517,0.022505709921780703,0.017221505176180197,0.013147998668360007,0.010027782344977709,0.007646283310624341,0.005823124930397093,0.004423264599742856,0.0033576489291389016,0.0025503061664179615,0.0019349660884935781,0.0014645040378959329,0.0011083044595021118,0.0008391427946061296,0.0006341405662411375,0.000478660090901933,0.0003615832608162012,0.0002730843366947729,0.00020575632146228385,0.0001550577369424316,0.00011702324361208277,8.81711910054845e-05,6.628198945248176e-05,4.990045911678148e-05,3.7662466256477105e-05,2.833726125648875e-05,2.1241944646195206e-05,1.5959973806933665e-05,1.2063434934277714e-05,9.117782254282183e-06,6.814217906458537e-06,5.075709098528835e-06,3.8115539300228856e-06,2.9094121300945706e-06,2.235305057521804e-06,1.6686887628065845e-06,1.2181522678094617e-06,8.878476815464972e-07,6.667346092638789e-07,5.304970141847612e-07,4.4154321750925325e-07,3.4975533401545755e-07,2.4808780528612797e-07,1.6138384837169877e-07,9.855694089937659e-08,6.326381185347422e-08,5.3904441575410064e-08,6.362206176370973e-08,8.03031554740043e-08,8.657745711903085e-08,6.580060745097381e-08,3.420918588271158e-08,2.4744787598921164e-09,-2.311110278375179e-08,-3.831265556206286e-08,-4.095278433645953e-08,-3.09116018159356e-08,-1.0126728657060214e-08,1.740670653602149e-08,4.563606721158953e-08,6.645120887034808e-08,6.968447906542567e-08,7.304785679732005e-08,1.2260703127757872e-07,1.9438872439885517e-07,2.663500294960621e-07,3.2116481470448396e-07,3.4622372295977397e-07,3.336341719979597e-07,2.802203543554404e-07,1.875232373689862e-07,6.180056317573653e-08,-8.597315128679101e-08,-2.4010661428071174e-07,-3.8019175926777257e-07,-4.811037449093393e-07,-5.130009550664149e-07,-4.4132499879962373e-07,-2.693383549904755e-07,-1.4191691129185604e-07,-7.020728269801892e-08,-3.842490823818769e-08,-1.990799243665686e-08,critical,6.3565114068940245
1.0,0.9587331500241999,0.8656905478662003,0.7522839402549073,0.6368054223908439,0.5287402608010517,0.43270856087973497,0.350035698290853,0.2806763083162561,0.22329458947272263,0.17662914930723372,0.13897595702789067,0.10884757280301482,0.08497138593506369,0.06610431205983584,0.051274659143803594,0.03968827240983516,0.030653974966820218,0.023629167331461504,0.018184346604961536,0.013966943625556722,0.010719819287185753,0.008227023954336722,0.006307097564574373,0.004824473359563698,0.0036888085361048667,0.002822620020788306,0.0021580689990328824,0.0016463463616437377,0.0012559447964719298,0.0009587538370934502,0.0007308262605108476,0.0005564307774533222,0.0004239720482853644,0.00032314666766178996,0.0002457763784088394,0.00018691307321570293,0.00014235620297830954,0.00010835939427750257,8.227898116428232e-05,6.252324723141997e-05,4.763019188706317e-05,3.624892420663187e-05,2.74739135179871e-05,2.083754779067974e-05,1.5879234926097037e-05,1.213681173743043e-05,9.201029837675823e-06,6.937100976440993e-06,5.249453172400609e-06,4.020257309309215e-06,3.1119076982045157e-06,2.374916402562728e-06,1.7712852871637967e-06,1.3110581958173314e-06,9.84317431962359e-07,7.680885822856633e-07,6.263405167217634e-07,5.09985388452923e-07,3.8075883265443034e-07,2.654756055086497e-07,1.758543120608402e-07,1.1708356502112252e-07,8.895658673877745e-08,8.587120920224966e-08,9.68298740391439e-08,1.0543963251622752e-07,9.066711660746114e-08,5.82017767447358e-08,2.3691578240997115e-08,-6.097916183882256e-09,-2.6425535254829977e-08,-3.457449914157466e-08,-2.985241945864455e-08,-1.3591299265368836e-08,1.0852466934122936e-08,3.809809319090121e-08,6.074040211123555e-08,6.934982485659525e-08,6.551890274630427e-08,1.043862354664984e-07,1.7118094066203428e-07,2.432305848253262e-07,3.024606141141666e-07,3.3539435435172287e-07,3.33153011026543e-07,2.9145566929255227e-07,2.1061929396905386e-07,9.555872954072599e-08,-4.421329984236835e-08,-1.9458619036479522e-07,-3.3685145854574174e-07,-4.4770274123901354e-07,-4.99235795633039e-07,-4.589484992508723e-07,-3.0371228910497793e-07,-1.6682072006520327e-07,-8.599551643602492e-08,-4.6368780369831346e-08,-2.352898894281642e-08,critical,6.39150605452445
1.0,0.9585885395757259,0.8648564871527891,0.7502130047307012,0.6332664261429262,0.5236863691436041,0.4263948501060273,0.34272468923456295,0.27276108716044556,0.21511479064819258,0.16845546603972752,0.13108696394756966,0.10139608378022257,0.0780838531425634,0.05985913548078462,0.04568874238507464,0.034759940331944725,0.026357554167918407,0.019922842419432082,0.01501698399415762,0.011285633447469811,0.008464209633183742,0.006338159443173123,0.0047324747982541064,0.0035231254408399928,0.0026208789005524907,0.0019485484706268717,0.001443276316502784,0.00106678176540169,0.000788326420479941,0.0005813741192414707,0.00042737858523241007,0.00031404805604308325,0.0002306506142790141,0.00016873028027188704,0.00012328613476525328,9.016184941723618e-05,6.573265803347686e-05,4.773244410821214e-05,3.4703537541631564e-05,2.528000750236795e-05,1.8284027562577542e-05,1.3161994853784398e-05,9.517185922246417e-06,6.933369958848546e-06,4.998315366935632e-06,3.5447787634198192e-06,2.517592638623581e-06,1.8285796004951317e-06,1.36176914208036e-06,9.828971624402018e-07,6.712856448994673e-07,4.479200144940479e-07,3.110806463417138e-07,2.43634773873372e-07,2.1303648883306402e-07,1.7163115599509943e-07,1.095817080941714e-07,5.487573903475085e-08,1.764616835833358e-08,2.436183976971254e-09,8.199242173269097e-09,2.8299067600386203e-08,5.0509653282036725e-08,5.7015260612488255e-08,3.640682858282556e-08,7.075389086114422e-09,-2.140937582055589e-08,-4.2392137941900684e-08,-5.162764456459329e-08,-4.728071845726602e-08,-2.992625787051011e-08,-2.5492365368750395e-09,2.9455296329130513e-08,5.828221603103892e-08,7.371632239042474e-08,6.529258626013928e-08,6.5865104660995e-08,8.17764256677886e-08,1.0241271004296113e-07,1.1935180113347946e-07,1.2636322487083454e-07,1.194081897710432e-07,9.663958693464645e-08,5.840199004671187e-08,7.231655376829593e-09,-5.214347822088206e-08,-1.128037893077819e-07,-1.6563797386070408e-07,-1.9934304527195485e-07,-2.0042433434931984e-07,-1.5319548931605443e-07,-4.6191408440726255e-08,7.655360390322141e-08,1.5830862067809293e-07,1.6926855994505906e-07,1.06984516255564e-07,-3.636239348666806e-09,-1.1033025933563413e-07,-1.334779196830549e-07,critical,6.27543131070965
1.0,0.9585725180514372,0.8647638907396458,0.7499824462309301,0.6328717596215968,0.5231219327412242,0.42568891320602464,0.34190727808134785,0.2718752902032743,0.21420041456151143,0.1675418753922725,0.13020611896822204,0.10056598921049333,0.07731758895657943,0.05916595891648648,0.04507075251836962,0.03421628911341477,0.025885305394630475,0.019517124205432078,0.014671699044224032,0.010994428663353671,0.00822036488199884,0.006135380640161834,0.004565006826323438,0.0033857569861468367,0.0025088036428210446,0.0018574319601635477,0.0013695742669261955,0.001007551407219512,0.0007408987781101688,0.0005434548279612456,0.0003972559500653402,0.000290222396926359,0.00021180543289846636,0.0001538892783984599,0.00011166793576874449,8.107648620667455e-05,5.861594188999153e-05,4.22037689473999e-05,3.042846789512814e-05,2.196177105103975e-05,1.5705799631254396e-05,1.11824278502008e-05,8.00636832739646e-06,5.772212633440401e-06,4.094226046216872e-06,2.8542739403439774e-06,1.9986335829227622e-06,1.4405213814743875e-06,1.0642595832470259e-06,7.46207661153278e-07,4.905262158157526e-07,3.147212325823978e-07,2.160425157622461e-07,1.7615737814775767e-07,1.6115064101482025e-07,1.2424503206200858e-07,7.140823225234741e-08,2.641622235415484e-08,-1.5394776001218452e-09,-8.783939383764422e-09,2.8411734242142015e-09,2.5977605439070413e-08,4.7750509470331185e-08,4.976844652179183e-08,2.7142868979090252e-08,-2.2404311352292937e-09,-2.9554050566466277e-08,-4.842550630713651e-08,-5.493515923666196e-08,-4.761621412137167e-08,-2.745471961450217e-08,2.1104317438041077e-09,3.518750352649718e-08,6.343191541962039e-08,7.604624322230958e-08,6.545355956585487e-08,6.912056938679e-08,8.675869280308228e-08,1.0777591335491406e-07,1.2384448256428904e-07,1.2890091993503088e-07,1.1914601295278462e-07,9.304481708501521e-08,5.132665578100981e-08,-3.014879528126024e-09,-6.472192942946305e-08,-1.262723665282533e-07,-1.7787979544792955e-07,-2.0749355283009905e-07,-2.0079870733455305e-07,-1.4121605963925877e-07,-1.9918112783564864e-08,1.0933403007130974e-07,1.8882732567725924e-07,1.8970569624194355e-07,1.1202319992222679e-07,-1.5255969175812893e-08,-1.3425748099689365e-07,-1.581968695365169e-07,critical,6.2626112987169975
1.0,0.9585387954417278,0.8645688697714972,0.7494964375106011,0.6320393506390558,0.5219309617109427,0.4241987613952587,0.3401819693720555,0.2700049653302138,0.21227037686914516,0.16561365188785082,0.1283475647310825,0.0988157947141956,0.07570265897947644,0.05770612436029183,0.04377058831977644,0.03307360545646459,0.024893835942732857,0.01866644548622942,0.01394876034207061,0.01038570967615983,0.007711537399005727,0.005713042359175623,0.004216925121081489,0.00310086750155569,0.002276911379718612,0.0016693607874969651,0.0012178748468781885,0.0008859897025626704,0.0006438385546536147,0.0004661023908919633,0.00033602632118466503,0.00024195805170022626,0.0001737562011218188,0.0001240589620641752,8.84138651286335e-05,6.29548908348115e-05,4.4491150014347784e-05,3.1290938720394996e-05,2.202949323645182e-05,1.5459408708247627e-05,1.0692124226632975e-05,7.36058774067886e-06,5.1059560535603255e-06,3.544648978748337e-06,2.37507527803953e-06,1.5552531342658258e-06,1.0322905726134462e-06,7.217157843568858e-07,5.076577117178073e-07,3.097564253287217e-07,1.6298526938386426e-07,7.831519159949922e-08,5.0679679473486946e-08,5.906428949002899e-08,6.650664711966844e-08,3.856689013891477e-08,4.29876591915888e-09,-2.1545136109512336e-08,-3.175098439679044e-08,-2.4436133952289907e-08,-3.0491263455492582e-09,2.3630310293968952e-08,4.149126127687953e-08,3.327008801247258e-08,7.688734698288163e-09,-2.1579263747848048e-08,-4.6176372751090997e-08,-6.031458890779836e-08,-6.07754399855292e-08,-4.690998492304479e-08,-2.063881383030881e-08,1.3547952011513932e-08,4.859066015005554e-08,7.486012696174623e-08,8.015763765181545e-08,6.882778336924243e-08,7.900999233846874e-08,1.0055935013922582e-07,1.226163783261959e-07,1.3682613503317944e-07,1.373382149730936e-07,1.2080674943797365e-07,8.639040629897154e-08,3.575239000635853e-08,-2.6939558410479247e-08,-9.50131613430349e-08,-1.5929160460368648e-07,-2.080935374256954e-07,-2.2723307246320087e-07,-2.0001978579123068e-07,-1.0644263393756691e-07,5.024042469469323e-08,1.936239154902229e-07,2.648980473055158e-07,2.380042955150753e-07,1.1963540201140117e-07,-5.076462479499931e-08,-2.010005099756244e-07,-2.2612571208395974e-07,critical,6.235653283421722
1.0,0.9587578243749447,0.8658325464416385,0.7526354719018915,0.637405133871118,0.5295952561264768,0.43377558198194177,0.35127105606538256,0.2820126979326757,0.22467738515938265,0.17801088730459586,0.14031115749053985,0.1101113387548463,0.0861413984859003,0.06716782313178546,0.05222893295856525,0.04053284713634416,0.03139295297706702,0.024269323800205755,0.018733960542364893,0.014435370227224837,0.011116490206699131,0.008560634174602049,0.006585777237398777,0.005056088835516117,0.003880507991377398,0.002980705669794652,0.0022879722785593385,0.0017525606564852587,0.0013424643363164296,0.0010290790208170866,0.0007878786883074875,0.0006024953327567735,0.00046106255590408544,0.0003530129168874415,0.00026976038850001587,0.00020608635373932865,0.00015766253744888418,0.00012060775917769305,9.203504565031599e-05,7.025886157740938e-05,5.37616986865008e-05,4.1136144513481755e-05,3.1347854020045935e-05,2.3887579153745588e-05,1.8275715638325777e-05,1.4033856322304633e-05,1.0712915954367017e-05,8.125867766756388e-06,6.1748041745534935e-06,4.738410270950889e-06,3.676600449354502e-06,2.8322314634762155e-06,2.1335127091098926e-06,1.59179638678296e-06,1.1976833571001422e-06,9.288536930264386e-07,7.500666798870995e-07,6.131608153676362e-07,4.688958912369905e-07,3.359035995175298e-07,2.295093492104185e-07,1.5576380045357448e-07,1.1525554575942743e-07,1.0311111001492274e-07,1.0899495048151778e-07,1.171094567951839e-07,1.0619612662898732e-07,7.31674971285734e-08,3.699295008207488e-08,4.723688238512636e-09,-1.8602430668388453e-08,-2.9960893920200416e-08,-2.8340533813790612e-08,-1.4743527661323059e-08,7.814602209741564e-09,3.430498845664781e-08,5.768541872134259e-08,6.890033563047702e-08,6.340808355502519e-08,9.607538145393365e-08,1.6047274836531954e-07,2.3320731093197928e-07,2.954925274346562e-07,3.3314818779203666e-07,3.366004135607562e-07,3.0088165793539575e-07,2.2563070574848348e-07,1.1509267347048928e-07,-2.1880990790162096e-08,-1.7183250728710654e-07,-3.166977646360352e-07,-4.3380631981468373e-07,-4.958813981628529e-07,-4.7103989338238603e-07,-3.279096592318852e-07,-1.838602248011741e-07,-9.694229518864343e-08,-5.244560490273861e-08,-2.678018797664902e-08,critical,6.411376726037317
1.0,0.9585814731202748,0.8648156511618099,0.7501113418726577,0.6330924185090206,0.5234375293540375,0.4260836500294442,0.3423643431192772,0.27237061816320557,0.21471169953663424,0.16805271609963385,0.13069862834431945,0.10103007406018052,0.07774596281933575,0.059553433781373455,0.04541614920481274,0.034520097290322016,0.02614916918302986,0.01974377295543131,0.014864548981592144,0.011157036319450812,0.008356493292047242,0.006248553602014565,0.0046584455667735844,0.003462377905589729,0.0025712961397044098,0.001908220728843165,0.00141063997503981,0.0010405403609855372,0.000767303480588201,0.0005645564700553036,0.0004140104907129833,0.0003034681136542242,0.0002222778391361514,0.00016213112857741958,0.00011811619013296335,8.611648430096607e-05,6.256126078291318e-05,4.5266359949075005e-05,3.279504258957013e-05,2.3797973524711064e-05,1.713109331357782e-05,1.2275664684091164e-05,8.840043307998298e-06,6.412803040021296e-06,4.592509416121469e-06,3.234280715668343e-06,2.28381957407067e-06,1.6535845878576342e-06,1.2277621445393612e-06,8.761271665057435e-07,5.895134302320423e-07,3.874589617898096e-07,2.677950964730176e-07,2.1286560890735903e-07,1.8952671305024628e-07,1.501932561356507e-07,9.223636840695485e-08,4.186100323702829e-08,8.785074605667004e-09,-2.8320547472837194e-09,5.610426678068872e-09,2.7154779141664804e-08,4.928471166349293e-08,5.3925382023589164e-08,3.231196304436911e-08,2.9481851008878217e-09,-2.5029386726831126e-08,-4.509060029042794e-08,-5.31333888639205e-08,-4.748377114370547e-08,-2.889585124855835e-08,-5.518187196323087e-10,3.193805147954023e-08,6.053539896304858e-08,7.477377792260363e-08,6.525575394430554e-08,6.720185793926834e-08,8.387039052390693e-08,1.0466811331252126e-07,1.2122264188501888e-07,1.2738244578691324e-07,1.1921684852932572e-07,9.50160275889837e-08,5.5291014408222665e-08,2.7736943949834647e-09,-5.758319307718407e-08,-1.1860605466912429e-07,-1.7090044307607636e-07,-2.028510570276692e-07,-2.0062174128792685e-07,-1.4815548665526565e-07,-3.504822403110676e-08,9.053444176058852e-08,1.7138949497718318e-07,1.781053897000974e-07,1.0929281857418267e-07,-8.41528719226856e-09,-1.2036375782753422e-07,-1.4387518499644793e-07,critical,6.269775934642411
1.0,0.9585372068172758,0.8645596785871839,0.7494735182646882,0.632000079892155,0.5218747590505302,0.4241284188175515,0.34010053263697526,0.2699166598043181,0.212179272732653,0.16552263949263163,0.12825985887852867,0.09873324492377586,0.07562651265293588,0.05763732649664828,0.04370935966510686,0.03301982973093287,0.0248472147637715,0.018626482042919085,0.013914832599859981,0.010357175701306384,0.007687716036713769,0.005693297044590748,0.004200675579219395,0.003087589304627249,0.0022661216224933987,0.0016606254326220122,0.0012108433619337877,0.000880367035865603,0.0006393585822342185,0.000462540607663102,0.0003332143300654912,0.00023974708569043902,0.00017201767128361865,0.00012270045911935752,8.735816611006503e-05,6.213427633192164e-05,4.3854055843201615e-05,3.080075012272506e-05,2.165351965456986e-05,1.5169038939493653e-05,1.0469535164101122e-05,7.1918444897714465e-06,4.978417210651642e-06,3.446664415720059e-06,2.3001114994088684e-06,1.499090211958061e-06,9.908403253545862e-07,6.909755333013226e-07,4.835853687863085e-07,2.9121014412351764e-07,1.4927108046262982e-07,6.858909175287861e-08,4.398356944289434e-08,5.4308377341340305e-08,6.245185161691191e-08,3.499337567680819e-08,1.5702783352454326e-09,-2.341832081805005e-08,-3.285119645626812e-08,-2.4928397108640784e-08,-3.1712451604435625e-09,2.3577663147004735e-08,4.115445771634323e-08,3.247956531838879e-08,6.764613100980694e-09,-2.249151298989881e-08,-4.6951902158497716e-08,-6.085574993786384e-08,-6.101835818984359e-08,-4.683113510508254e-08,-2.02615952030262e-08,1.4146640668081863e-08,4.927384533119817e-08,7.542418528047975e-08,8.032572068128564e-08,6.9098771821943e-08,7.959760420312066e-08,1.0134709327409885e-07,1.2346352588689164e-07,1.375825574889169e-07,1.3785921212299463e-07,1.2096788242734884e-07,8.610232963560564e-08,3.497568357679588e-08,-2.8179557324649358e-08,-9.66115260488914e-08,-1.61048986980693e-07,-2.097013359094124e-07,-2.2825860002900234e-07,-1.9989143793801553e-07,-1.0432688269295362e-07,5.4180966735660274e-08,1.9822399549571745e-07,2.689546862573154e-07,2.404793297374494e-07,1.1985802469999832e-07,-5.289532204426306e-08,-2.048129956376799e-07,-2.2997347317569532e-07,critical,6.234384196073707
1.0,0.9586347720332268,0.8651234773736675,0.7508770699728153,0.6344023925828216,0.525310095719881,0.4284246704337684,0.345075180485569,0.2753071899176619,0.21774415398610164,0.1710827579080383,0.13362107777522697,0.10378639462602576,0.08029145907690997,0.06185798967303736,0.04747305739248225,0.03633142911771994,0.02772457170972154,0.021099168897002793,0.016019217307940533,0.01212848623235124,0.00916896293121823,0.006927949109352349,0.0052265958650116115,0.003930642837512386,0.002952705653929784,0.002218751784379356,0.0016645508129024308,0.0012451572659295282,0.0009311001693670918,0.0006962999084570618,0.000519321768853702,0.0003868383957689225,0.00028833885988599207,0.00021464870046221347,0.0001593626282356763,0.00011837355815055887,8.801914068107692e-05,6.522021864111505e-05,4.8243103872363766e-05,3.577156777333386e-05,2.656435128063381e-05,1.960026292974429e-05,1.4428518801371705e-05,1.0675649947483112e-05,7.95297003862528e-06,5.875672018843579e-06,4.285722460177267e-06,3.1300118552519254e-06,2.3259191558667097e-06,1.7666452336872667e-06,1.3233256296046492e-06,9.483560464646818e-07,6.649895166088926e-07,4.7390868720612323e-07,3.622878380410968e-07,3.037928815144284e-07,2.585813626426184e-07,1.8860353812105883e-07,1.1874203937276758e-07,6.342101411482635e-08,2.9405882737126228e-08,1.8425162768273984e-08,2.7170468875591935e-08,4.7296512865118775e-08,6.542110368160857e-08,6.31348387922643e-08,3.796592359883057e-08,7.146495104292294e-09,-2.1416564098187522e-08,-4.1954137416225254e-08,-5.0834874258216364e-08,-4.6565190033335704e-08,-2.9789266151536962e-08,-3.289050023552962e-09,2.8015744939103465e-08,5.706763932414217e-08,7.46713877184919e-08,6.976104442044009e-08,7.491137483477653e-08,1.0519010032925077e-07,1.429413983308055e-07,1.7427304942035882e-07,1.8905643733280196e-07,1.8092654895699896e-07,1.4728197433578797e-07,8.928490666598185e-08,1.1861142298366418e-08,-7.629991926230135e-08,-1.6274527535728608e-07,-2.31258320173882e-07,-2.6185884474540957e-07,-2.3080303695121422e-07,-1.3276839491274898e-07,-4.169203376802387e-08,1.3612584265666091e-08,2.500042802928867e-08,2.9296729855267137e-10,-3.672182721609233e-08,-4.6289483869454045e-08,critical,6.312469970872708
1.0,0.9586953034528081,0.8654725647356729,0.7517437098738582,0.6358832328818325,0.5274246792849576,0.43106616135213327,0.348133992363903,0.27861855291794013,0.22116639010836858,0.17450250686949056,0.13692187542030226,0.10690472894375501,0.08317383369613404,0.06447186816273295,0.049811468286122616,0.0383948544687109,0.029523774431376243,0.02265159725581573,0.0173464103885087,0.013254114667482482,0.010117347180712251,0.007721350204730542,0.005885599656988384,0.00447498014770152,0.0034002687082042727,0.002585295428715018,0.0019635834240308717,0.0014877865131189814,0.001127172209020764,0.0008543995042228734,0.0006464471217510015,0.0004885373907363581,0.00036948998713973814,0.0002794154129656814,0.00021080425325570936,0.00015906570681682513,0.0001202034794493393,9.069911799533032e-05,6.827895641397358e-05,5.147174236587677e-05,3.8900609822243765e-05,2.93172846015198e-05,2.2010991997767615e-05,1.6559775781887544e-05,1.2531536584848056e-05,9.488097973850366e-06,7.105358050297076e-06,5.3016214826192946e-06,3.985273295643034e-06,3.0433094969881426e-06,2.3413370770682866e-06,1.7536487606926844e-06,1.2842182940226914e-06,9.379823234566167e-07,7.040615838379136e-07,5.583280633829396e-07,4.634050036809475e-07,3.6901402168379347e-07,2.6378907421875784e-07,1.7355170572018358e-07,1.0743496377966144e-07,6.929545340977891e-08,5.771333704411955e-08,6.599233453726418e-08,8.21597231647903e-08,8.896633762327155e-08,6.887628125479087e-08,3.718163441659849e-08,5.0977906689445245e-09,-2.102377785544613e-08,-3.688357189283539e-08,-4.0234065048472664e-08,-3.087970379659369e-08,-1.0676907480421554e-08,1.6465931687833394e-08,4.458844862697514e-08,6.567830538681873e-08,6.967119114819413e-08,7.178350146538673e-08,1.199390618192807e-07,1.9100462275621552e-07,2.628992371439614e-07,3.1823327900977454e-07,3.443084435403947e-07,3.331177470820499e-07,2.8134552714045536e-07,1.9036744238081128e-07,6.625047262780187e-08,-8.024708113439577e-08,-2.3367559676212493e-07,-3.7389413095224304e-07,-4.760704192421137e-07,-5.106808760096179e-07,-4.435105944731584e-07,-2.7335294002145653e-07,-1.4487834127582008e-07,-7.206005476309014e-08,-3.92804892845488e-08,-2.023331545986083e-08,critical,6.3610646459069775
1.0,0.958769645660548,0.8659005438840772,0.7528036988046969,0.6376920286026063,0.5300041208872579,0.43428574070649784,0.35186165478554277,0.28265151270894895,0.2253385690295179,0.17867154600524549,0.14094973830812416,0.11071599311172318,0.08670140664569426,0.06767712603008655,0.05268620797791475,0.04093783909220956,0.031747580719041046,0.02457679876730246,0.018998194859229475,0.01466081325879363,0.011307609525251202,0.008721555812386225,0.006720369139960284,0.0051681004548255055,0.003973347969691029,0.0030573802882335483,0.002351075364673931,0.0018042409862608485,0.001384633250755028,0.0010634134433444022,0.0008157848274643256,0.0006250708282956119,0.0004792747461438398,0.0003677038016947393,0.00028158524681391007,0.00021556035562018383,0.0001652409569753042,0.00012668425895684347,9.688795715409143e-05,7.41163944461954e-05,5.682548941874778e-05,4.358273823374741e-05,3.3293376697927396e-05,2.542400775196057e-05,1.9485814164601027e-05,1.4992457207564622e-05,1.1479269463197811e-05,8.730905538431548e-06,6.6476298760541695e-06,5.106369929001282e-06,3.965752849656273e-06,3.066541910242396e-06,2.320108412461149e-06,1.737318791311279e-06,1.3089920032142735e-06,1.0130940919423262e-06,8.147381886183159e-07,6.661845117158147e-07,5.146167243519592e-07,3.7274474624566793e-07,2.579033841581193e-07,1.7655363592568428e-07,1.2966528004481323e-07,1.1271687567204072e-07,1.1569576262398237e-07,1.2309806137733453e-07,1.1392867306887634e-07,8.073831007574026e-08,4.374493607908571e-08,1.0261575582510206e-08,-1.4529629149925245e-08,-2.745604668960895e-08,-2.7354556443377093e-08,-1.507154865351508e-08,6.5370756022430675e-09,3.260590441071536e-08,5.62600150232702e-08,6.861497385582732e-08,6.295131663049547e-08,9.25288276012884e-08,1.5585370583489997e-07,2.2908574089068056e-07,2.9301438602168317e-07,3.330587581746597e-07,3.392676379900676e-07,3.0631946980206464e-07,2.3352236163851197e-07,1.2481408522097016e-07,-1.1237924035292647e-08,-1.614365670213124e-07,-3.079550809344217e-07,-4.283370392782444e-07,-4.95496351862713e-07,-4.777172648040473e-07,-3.4110708294785323e-07,-1.9303252255715428e-07,-1.0285103375941119e-07,-5.5834386029061085e-08,-2.8676807938870986e-08,critical,6.420903380102823
1.0,0.9585427280279276,0.8645916206875662,0.749553164035462,0.6321365418847106,0.5220700517330739,0.42437283631287515,0.34038350149694346,0.27022348617997805,0.21249583105902373,0.16583888161129104,0.128564618619912,0.0990201048189474,0.0758911298472015,0.05787642067919483,0.04392216565992197,0.03320674667997186,0.02500927838557656,0.0187654167227612,0.014032797402180833,0.010456399692239316,0.007770564148942025,0.005761979615282504,0.0042572077740935105,0.0031337925130692145,0.002303673144191992,0.0016910330684089103,0.0012353255364135171,0.0008999486503730494,0.0006549643080844973,0.00047495124494060083,0.00034301529999090496,0.00024745541754948153,0.0001780806882471569,0.00012743991974315455,9.104252016336876e-05,6.499899673623503e-05,4.607914773891079e-05,3.2513562700503263e-05,2.2967743971531068e-05,1.6184363523642367e-05,1.1248350301507128e-05,7.78262593258478e-06,5.425136116795957e-06,3.7898312010473497e-06,2.56294874851256e-06,1.6962005547236123e-06,1.136443544743458e-06,7.989845487484664e-07,5.68037538337803e-07,3.5643534306922814e-07,1.9758601104590214e-07,1.0292419365098742e-07,6.76638773441399e-08,7.111450862875192e-08,7.668099405195338e-08,4.759043909804377e-08,1.1218402105382536e-08,-1.6761694821714964e-08,-2.8906447720473322e-08,-2.3127690330678547e-08,-2.6924940946791464e-09,2.3776831842613524e-08,4.2302740633727117e-08,3.5220004964115216e-08,9.970948749515659e-09,-1.9324185679524828e-08,-4.425622470410907e-08,-5.896971471130889e-08,-6.016292209416387e-08,-4.708783325168223e-08,-2.1550154588840808e-08,1.2090687483415694e-08,4.6921546548173865e-08,7.347555618255203e-08,7.973212995769944e-08,6.820353650758799e-08,7.760795920903068e-08,9.866959896438131e-08,1.2058414099708692e-07,1.3501660930717214e-07,1.3610136667123744e-07,1.204421146424611e-07,8.711189355059667e-08,3.765308250197724e-08,-2.3922600620490928e-08,-9.113409915732008e-08,-1.5503101767245008e-07,-2.041936219532428e-07,-2.2473283901048137e-07,-2.002902570783738e-07,-1.1145947924767811e-07,4.076676001531503e-08,1.8250956589052568e-07,2.550579524663784e-07,2.319597844804582e-07,1.1902177731949628e-07,-4.5690502980616954e-08,-1.9185263973484783e-07,-2.168813656089988e-07,critical,6.238795201484575
1.0,0.9585919075967346,0.864875947885693,0.7502614442046097,0.6333493263218476,0.5238049099529825,0.42654308560688853,0.34289633694621124,0.27294707050091416,0.21530679947802414,0.16864731497808663,0.1312719586108812,0.10157046973640678,0.07824485529316572,0.06000482217426045,0.045818678471622416,0.0348742878282985,0.026456927337310664,0.020008258992042994,0.015089717261935299,0.011347013255025793,0.008515641580804173,0.006380960705787645,0.004767850610431276,0.0035521676157251603,0.0026445947684326744,0.001967847150562455,0.0014589032627460158,0.0010793540887496875,0.0007984044580947515,0.0005894414192987471,0.00043379580349419094,0.0003191304022747971,0.00023467516609980036,0.0001719052883194926,0.0001257756593735094,9.211125246460719e-05,6.726232384277198e-05,4.8923234937917284e-05,3.562598195318981e-05,2.5996733842401254e-05,1.8842353611673895e-05,1.359183462361587e-05,9.845971318292533e-06,7.186226519089302e-06,5.1956738008877895e-06,3.6960995295101205e-06,2.6317561817706265e-06,1.91415194574933e-06,1.4272267368892585e-06,1.0351169869677534e-06,7.114088505385923e-07,4.777013509090151e-07,3.3248583904395876e-07,2.5887585477154574e-07,2.2460712678308508e-07,1.8214947867546847e-07,1.181335764356028e-07,6.133853566422447e-08,2.2094886236865905e-08,5.129139878858007e-09,9.563790165327621e-09,2.8917312521198444e-08,5.110416422119142e-08,5.843478438982356e-08,3.836493760743148e-08,9.054418014182757e-09,-1.966687836748696e-08,-4.1083725616698266e-08,-5.088283068181847e-08,-4.715283338046265e-08,-3.0384306399493786e-08,-3.4697552950216503e-09,2.8296381507595955e-08,5.72177327137534e-08,7.319599415959786e-08,6.536923470562331e-08,6.528004228812419e-08,8.083142328938186e-08,1.0139377605228562e-07,1.1851676518675157e-07,1.2592932156972054e-07,1.1953964234516057e-07,9.743519092406455e-08,5.988269698445262e-08,9.328156471369096e-09,-4.960316840311313e-08,-1.1010674915989765e-07,-1.6319879105286133e-07,-1.9771623306885461e-07,-2.0031674792770308e-07,-1.55478742082203e-07,-5.128073250167713e-08,7.013296571780461e-08,1.522696721131366e-07,1.651495435246314e-07,1.0584168673877772e-07,-1.5358415117533254e-09,-1.0581603454811508e-07,-1.2878293574527377e-07,critical,6.278127326201871
1.0,0.9585793096185415,0.8648031471573027,0.7500802076392505,0.633039123255919,0.5233613083974926,0.4259883208139366,0.3422539604839174,0.2722510005896805,0.21458822289416163,0.16792934552993774,0.13057967994319314,0.1009179794005853,0.07764248791345413,0.05945982886590187,0.045332697789183383,0.034446684689645915,0.026085398887519876,0.01968898702614241,0.014817923978651665,0.01111771428908542,0.008323566703450441,0.006221172467191033,0.004635832690389739,0.0034438295332079754,0.0025561632118749375,0.0018959179146464844,0.001400688665956183,0.0010325431614794868,0.0007608999726106706,0.0005594368345372424,0.0004099435975151906,0.0003002514492067185,0.00021973362349542386,0.0001601275569281436,0.00011654774678713678,8.489000046087833e-05,6.160055747757877e-05,4.452005699884304e-05,3.221798068762689e-05,2.3350079582396322e-05,1.6783094816391604e-05,1.2008484394603415e-05,8.636139574509282e-06,6.256095552145822e-06,4.470495659560786e-06,3.1410987089207416e-06,2.2137930155845866e-06,1.6012252935560134e-06,1.1876213296175472e-06,8.441899285948478e-07,5.651258828977997e-07,3.694909354483041e-07,2.549772065659118e-07,2.0376638757459062e-07,1.8252974080272449e-07,1.4379979859527973e-07,8.708676477307083e-08,3.802283918683037e-08,6.198794496239502e-09,-4.34326611708506e-09,4.8900910504073264e-09,2.684363022420129e-08,4.891344615171632e-08,5.2946964102306075e-08,3.1061373921998274e-08,1.6907317369319936e-09,-2.6128603245944815e-08,-4.5904669270358177e-08,-5.357936660036721e-08,-4.752845752036511e-08,-2.8561566335079354e-08,7.782063042943512e-11,3.271235503076633e-08,6.123082650020234e-08,7.508816265267464e-08,6.52783072781375e-08,6.76417656876828e-08,8.45432256258276e-08,1.0539232529251982e-07,1.2182936609153907e-07,1.2772531263049502e-07,1.1918179272082922e-07,9.453109737781313e-08,5.433618082055094e-08,1.3906604719752548e-09,-5.928118304114718e-08,-1.2042440588822083e-07,-1.7255340103482014e-07,-2.0395189824268396e-07,-2.0067296406972655e-07,-1.4653900187002506e-07,-3.1501374639117665e-08,9.496096769750811e-08,1.7551112605953164e-07,1.8086571366508502e-07,1.099735042600045e-07,-9.984567882158144e-09,-1.2359540796014833e-07,-1.4721376064499395e-07,critical,6.26804476542145
1.0,0.9586163041600108,0.8650168639525068,0.7506120268283738,0.6339491383858815,0.5246623853337109,0.42761513340131996,0.34413773641923884,0.2742919056319559,0.21669546714583693,0.17003487008947854,0.1326101736184254,0.10283246209104717,0.07941025059788928,0.06105978534412086,0.046760120954794364,0.035703210318344156,0.027177751622264282,0.02062829161564405,0.015618093291191924,0.011793307089707557,0.008889961607715597,0.00669278661683039,0.005025865268616812,0.0037642413858378627,0.0028179927994161085,0.0021091332886364945,0.00157348088089765,0.0011716779394880092,0.0008725257192223068,0.0006488741896723734,0.0004811621827536777,0.00035671299458620687,0.0002644840775250275,0.00019547884067673833,0.00014430160252496395,0.00010664571820164957,7.869384173683362e-05,5.78481815208765e-05,4.2557527754184856e-05,3.139103227528363e-05,2.3058197872922767e-05,1.6849788189323488e-05,1.23460267734924e-05,9.111388256884221e-06,6.702227804433871e-06,4.857425788778565e-06,3.512647159263762e-06,2.5769207902933293e-06,1.9332723887105395e-06,1.4394294543105285e-06,1.0246093572558114e-06,7.124648413091354e-07,5.029571402697047e-07,3.809233087621779e-07,3.160762222366648e-07,2.630045769687329e-07,1.8564678355969846e-07,1.1325669959884834e-07,5.878688951376927e-08,2.8296189970948495e-08,2.2146240007771146e-08,3.500148103252054e-08,5.582915682437897e-08,6.789931353342735e-08,5.271508466616261e-08,2.3670832931261646e-08,-6.661940472561578e-09,-3.112963661330547e-08,-4.4929113550984865e-08,-4.560768633763221e-08,-3.3063127017297426e-08,-9.543664626047314e-09,2.0352014808033863e-08,4.96747682648445e-08,6.912499573226571e-08,6.705264020616134e-08,6.196553763726777e-08,7.487698170232215e-08,9.493897563315574e-08,1.1341223090171347e-07,1.2367283108570088e-07,1.212122318685864e-07,1.036372610395992e-07,7.067011849373142e-08,2.4148376231734827e-08,-3.1975021639873746e-08,-9.163175890881846e-08,-1.4663814725706237e-07,-1.866951262608034e-07,-1.9938826339048075e-07,-1.701877540107703e-07,-8.466708699771133e-08,2.760523222844805e-08,1.1180770013870309e-07,1.3690806938682614e-07,9.687885241678372e-08,1.0697321462742258e-08,-7.76544914509375e-08,-9.918979450969179e-08,critical,6.297666662120615
1.0,0.9585764468689871,0.8647866007911037,0.7500390045569862,0.6329685883123513,0.5232604275405648,0.4258621444945708,0.34210786074946414,0.27209267218279587,0.2144247920161116,0.16776605622480217,0.13042224852380246,0.10076963007412802,0.07750555193207322,0.05933596365644369,0.04522227983849224,0.03434955869654703,0.026001039508184606,0.019616522248196305,0.014756262360023685,0.011065719324417673,0.008280035979737754,0.006184979962718568,0.004605949003338189,0.0034193226379609846,0.0025361735997909566,0.001879670620658966,0.0013875504805905127,0.0010219879138936893,0.0007524505966362153,0.0005526836579872256,0.0004045809620840721,0.00029601137828198353,0.00021638094974743777,0.00015748855644593922,0.00011448274338552484,8.327578390990544e-05,6.0336735326867985e-05,4.353881658379485e-05,3.1459616711325486e-05,2.2761620414695903e-05,1.632620527703476e-05,1.1657951450564626e-05,8.3687787811977e-06,6.05064887007465e-06,4.310646272540971e-06,3.01914829591606e-06,2.1222400216873245e-06,1.532812195368216e-06,1.1351363515514284e-06,8.024694036367517e-07,5.333201758794206e-07,3.461034792010121e-07,2.3832597172995583e-07,1.9195355926383955e-07,1.734113952694081e-07,1.3546202941841095e-07,8.038817658696775e-08,3.304898321373513e-08,2.8669493953948164e-09,-6.270770668693816e-09,3.987631323504548e-09,2.6458617776701286e-08,4.842330519828507e-08,5.162746419832005e-08,2.940845009585769e-08,3.084921878226771e-11,-2.757698111048451e-08,-4.6973516333162356e-08,-5.4158935281336214e-08,-4.757512017795741e-08,-2.8105656636843677e-08,9.241663373221053e-10,3.374735634898999e-08,6.215521761174433e-08,7.549735094830335e-08,6.533276364636873e-08,6.824672570949335e-08,8.545756526565352e-08,1.0637621375021854e-07,1.2265790227914953e-07,1.2820216164899776e-07,1.1915282233690635e-07,9.38980145006087e-08,5.307016797843078e-08,-4.53987710712925e-10,-6.155342336731345e-08,-1.2286281011127295e-07,-1.747725193819035e-07,-2.0542862293792285e-07,-2.007328928574609e-07,-1.4434280153805386e-07,-2.670415048167197e-08,1.0092918347015828e-07,1.8105292816139874e-07,1.8455909300080195e-07,1.1085406823587859e-07,-1.2141375047092821e-08,-1.279920849230767e-07,-1.5174852862826657e-07,critical,6.265754301866825
1.0,0.9586477565725178,0.8651984057945218,0.7510632411330957,0.6347206612516356,0.5257647768089201,0.4289928255875278,0.3457331081197788,0.2760196182231966,0.21848018413499554,0.17181824242834307,0.134330751117737,0.10445638764308264,0.08091052012326674,0.06241899620492561,0.04797445611363835,0.03677349675483736,0.028109629702703195,0.021431015403290263,0.016302550981363653,0.012368429205037296,0.009370808736454924,0.00709653389528841,0.005366377810726495,0.004045881736258465,0.0030472618620609867,0.0022960234779587606,0.0017274470238362323,0.0012960657550682747,0.0009721358588825764,0.000729303903532232,0.0005457831391737528,0.0004079442031112406,0.00030513141065754545,0.00022800997702083586,0.00016993720973915036,0.0001267096913487078,9.459284289218414e-05,7.040387640524309e-05,5.2301952632433596e-05,3.893989709922137e-05,2.9047462639646903e-05,2.1546429722896058e-05,1.5939000192761244e-05,1.1842230693672217e-05,8.858385437936226e-06,6.587726974745484e-06,4.837545214879963e-06,3.5518750348883585e-06,2.6463146045625226e-06,2.012907161749204e-06,1.520588265303385e-06,1.102528033835433e-06,7.821632462203009e-07,5.605848227068026e-07,4.2542562720453674e-07,3.5086046728389533e-07,2.976060941760573e-07,2.227288203975579e-07,1.4576383339250928e-07,8.347491319818202e-08,4.313844008425427e-08,2.6936746046061814e-08,3.195811480459836e-08,5.019678180651524e-08,6.855293422412165e-08,6.883271095538482e-08,4.42843952386669e-08,1.3325749514199317e-08,-1.5951980282661766e-08,-3.7664606716967214e-08,-4.804160010670415e-08,-4.542608852279632e-08,-3.027485778910367e-08,-5.1583514824224154e-09,2.52393290675141e-08,5.412042477803789e-08,7.257351881354259e-08,6.957706708756063e-08,7.247576364499479e-08,1.0180222596658362e-07,1.3977890427850493e-07,1.7233930578679762e-07,1.8912799467736002e-07,1.835005921159489e-07,1.5252377624818182e-07,9.697528219953605e-08,2.134390207534854e-08,-6.617051503918714e-08,-1.5365706307901137e-07,-2.2549377899921124e-07,-2.6234764277501216e-07,-2.411745774017776e-07,-1.485638109965034e-07,-5.5666933104219556e-08,3.4693423712759145e-09,1.9937456955255185e-08,4.554339458935991e-10,-3.263312158572952e-08,-4.1359022795630005e-08,critical,6.322884349706943
1.0,0.9587227470938174,0.8656306522091136,0.7521355714568512,0.6365522204054006,0.5283791466414023,0.43225780948280523,0.3495138018954352,0.2801116521981325,0.22271048229668738,0.1760454758839551,0.13841208706721775,0.1083140754052147,0.08447764504127754,0.06565574311399558,0.05087240674190813,0.0393325025181115,0.030342917750726908,0.023359936591280807,0.017953405913079392,0.013770321309224228,0.010553495327010384,0.008087298508039121,0.006190519614328571,0.004727710114236673,0.003608832789142278,0.0027567636636412368,0.0021040350831138324,0.0016022371385298467,0.001220074395005975,0.0009296464348351916,0.0007072558251589412,0.0005374363912923852,0.00040870686240725336,0.00031087614081458164,0.00023594552496287525,0.00017907135688700356,0.00013610839170814928,0.00010337007198053096,7.831539606988739e-05,5.938830370528931e-05,4.5150202842906954e-05,3.4276194153022044e-05,2.5915197778947555e-05,1.9614068188792055e-05,1.4920131615775966e-05,1.137793623956472e-05,8.598452251401067e-06,6.4652743581544185e-06,4.883623603996646e-06,3.737062531247686e-06,2.888942693873282e-06,2.1946585837355318e-06,1.6293100965167007e-06,1.2017351392199208e-06,9.017717091305722e-07,7.061462369826907e-07,5.784735869589541e-07,4.692570566906842e-07,3.464625258134604e-07,2.383162817571896e-07,1.554221124459111e-07,1.0260337610098337e-07,7.931863997936515e-08,7.966168037361842e-08,9.236148261190607e-08,1.0078224105799276e-07,8.444707986930478e-08,5.220616718251816e-08,1.8378692892648427e-08,-1.038674968394672e-08,-2.9472091604321453e-08,-3.628978829894245e-08,-3.0282819571688065e-08,-1.292468959984879e-08,1.228057306587263e-08,3.979841550136181e-08,6.206376040909204e-08,6.948100611812423e-08,6.687191810289307e-08,1.0829636534811493e-07,1.7618407248312248e-07,2.480850160383285e-07,3.06159752163667e-07,3.371794166285891e-07,3.3252572482206985e-07,2.881909717526046e-07,2.0477803204820932e-07,8.750035995641655e-08,-5.3818010655710805e-08,-2.0474246630159782e-07,-3.462278138751488e-07,-4.5461828065074046e-07,-5.016475142832346e-07,-4.544385828079707e-07,-2.9466003205717163e-07,-1.6035396407094294e-07,-8.186115321928441e-08,-4.4169436598261776e-08,-2.2425824818904745e-08,critical,6.383134120596939
1.0,0.9586556604617852,0.8652440036234871,0.7511764945343341,0.6349142314195066,0.5260412584806415,0.42933825934164527,0.34613312201251917,0.27645271789162973,0.21892769852320987,0.1722654295361597,0.1347623047555035,0.10486393918976245,0.08128714747886394,0.06276040793473685,0.048279722186067825,0.03704274017638388,0.028344259428201176,0.021633328386921273,0.016475386371003865,0.012514893100816438,0.009494102794577084,0.007199585495839354,0.005451889253493681,0.004116438715537564,0.003105208290799287,0.002343422900938023,0.0017660672031882632,0.00132735882540405,0.0009973884605025806,0.0007496368733956947,0.0005621062541951746,0.0004209807939551931,0.00031551708091182934,0.00023628476293133236,0.00017649645601868386,0.00013188827333393625,9.868182691453672e-05,7.363397451538681e-05,5.4835903991715536e-05,4.092119062329541e-05,3.060190901309243e-05,2.2767586768718795e-05,1.688901836929227e-05,1.2577455213829886e-05,9.429577216068482e-06,7.03769169650271e-06,5.187357082304097e-06,3.8201674843143336e-06,2.850595521849722e-06,2.1699311110901523e-06,1.6463317891162972e-06,1.2012230956758684e-06,8.575630504637333e-07,6.166788434879477e-07,4.664717296386524e-07,3.814170286880891e-07,3.22564125290587e-07,2.446903208500227e-07,1.6327459007424821e-07,9.660573876227207e-08,5.2270615435573655e-08,3.272886993306606e-08,3.5312953411095564e-08,5.2228118343442704e-08,7.055241852132124e-08,7.223670905337847e-08,4.820049152925764e-08,1.7142417147784822e-08,-1.2581621343343576e-08,-3.50145427420418e-08,-4.629998083098324e-08,-4.4682284377600645e-08,-3.050651713408572e-08,-6.218457837389305e-09,2.3635399790778258e-08,5.2407847043948254e-08,7.135096023089172e-08,6.961610067562134e-08,8.25732859162884e-08,1.4081808958583246e-07,2.173963288087402e-07,2.902250337495136e-07,3.421584060431346e-07,3.609878187950625e-07,3.3944181658123925e-07,2.751861154480859e-07,1.7082360291250447e-07,3.3894337961872904e-08,-1.2312444894594336e-07,-2.8281835588260405e-07,-4.228358094492923e-07,-5.158880647766999e-07,-5.297492055250475e-07,-4.2725614388407684e-07,-2.471790152229248e-07,-1.2528639335960987e-07,-6.003819446268017e-08,-3.431917744019475e-08,-1.8887207687381648e-08,critical,6.329226312691358
1.0,0.9585664185369688,0.8647286288133961,0.7498946127169043,0.6327213704485245,0.5229068118643585,0.425419814927591,0.3415956971605785,0.2715375894589348,0.213851869520744,0.16719364118307742,0.1298704117198629,0.10024972686420391,0.07702569962297705,0.05890199572119702,0.04483552721811935,0.034009445750713636,0.025705719604702262,0.019362927793918672,0.014540553248082188,0.01088390297454939,0.008127886188291637,0.006058540377195883,0.004501604440960873,0.003333800831402728,0.0024664576120572816,0.00182304163973628,0.0013417911441480114,0.000985251977468756,0.0007230654431226136,0.0005292167990497989,0.00038596314979845187,0.0002813037947037049,0.00020476100810728736,0.00014835279946390022,0.00010734181776912995,7.769872311356844e-05,5.597565568235576e-05,4.0157606091467395e-05,2.8849572310828267e-05,2.073765741123762e-05,1.4757748431982897e-05,1.045682431092337e-05,7.454003098983149e-06,5.347926449386762e-06,3.764975207520854e-06,2.603977504168886e-06,1.811373566768719e-06,1.3008635725889464e-06,9.568200448616555e-07,6.61128808088353e-07,4.260360740986081e-07,2.676223707400473e-07,1.8273338815910958e-07,1.5256722333704323e-07,1.4267438008990445e-07,1.0734580862026627e-07,5.795278521697504e-08,1.655854999664966e-08,-8.003978079096621e-09,-1.2388250500476271e-08,1.2659107904709696e-09,2.533231339987793e-08,4.669839448205149e-08,4.68128406709014e-08,2.36301621913143e-08,-5.7534495049334454e-09,-3.260124272248049e-08,-5.0647516801809126e-08,-5.60976221192438e-08,-4.762796008695212e-08,-2.638598315294486e-08,4.009805198925107e-09,3.7469850448961134e-08,6.543354704162395e-08,7.686923838553189e-08,6.574834974262854e-08,7.058137794389812e-08,8.889077691897766e-08,1.1006890106551992e-07,1.2580637274359284e-07,1.3009208227567784e-07,1.1921318794667167e-07,9.175511600388467e-08,4.8601560657043026e-08,-7.065515921714697e-09,-6.976588359783324e-08,-1.3172104427434364e-07,-1.828542318918642e-07,-2.1079041242859625e-07,-2.008562839003284e-07,-1.360802763604325e-07,-8.886413602586048e-09,1.2290152047199935e-07,2.013031946677107e-07,1.9788074067545023e-07,1.137408042159435e-07,-2.046545496024848e-08,-1.4454236307274318e-07,-1.6874973231131995e-07,critical,6.257732712778496
1.0,0.9585778118252182,0.8647944902308364,0.7500586510285497,0.6330022213754427,0.5233085310081603,0.4259223104332396,0.3421775268183194,0.2721681701507737,0.21450272229047368,0.16784391882216584,0.13049731716944163,0.10084036650992173,0.07757084540390283,0.059395023464700034,0.04527492628330165,0.03439586632866708,0.02604125890866028,0.019651069394660867,0.01478565791591416,0.01109050535347596,0.008300786014005659,0.006202231075353577,0.0046201921565034035,0.003431002336601152,0.00254569975229159,0.001887412794125463,0.001393810576354836,0.0010270168575851508,0.0007564758757009596,0.0005559005634761732,0.00040713520720753226,0.0002980307354611293,0.00021797753633405275,0.00015874510674004447,0.00011546586343604772,8.404421013513975e-05,6.0938276315826345e-05,4.4005781138177385e-05,3.182046520768082e-05,2.304160212385866e-05,1.654354126960402e-05,1.1824659485277027e-05,8.49590939244649e-06,6.148335125310152e-06,4.386635366595287e-06,3.0771029096906046e-06,2.1657355683660043e-06,1.5653084340726589e-06,1.1600721432834193e-06,8.222852710678909e-07,5.484193244828186e-07,3.5719963383773325e-07,2.462214635586948e-07,1.975537931173128e-07,1.7773931703074773e-07,1.3942014697372103e-07,8.356568902039099e-08,3.540565355376861e-08,4.442777528780243e-09,-5.361936184495924e-09,4.410781199167991e-09,2.6638464380150073e-08,4.865691397397936e-08,5.2260196511334906e-08,3.019631593769185e-08,8.217339189557754e-10,-2.6887243621482634e-08,-4.646505739726165e-08,-5.388408427600175e-08,-4.755463727930664e-08,-2.8324965582762932e-08,5.187454840603184e-10,3.325237443761027e-08,6.171386364035208e-08,7.530321930076758e-08,6.530328960359589e-08,6.795499532156389e-08,8.501814038069289e-08,1.0590339856053678e-07,1.2225914704126455e-07,1.2797146640365845e-07,1.191641406291163e-07,9.419865709964912e-08,5.367420659788363e-08,4.276833070591814e-10,-6.046631518896748e-08,-1.2169548790572894e-07,-1.73709830458142e-07,-2.0472163506050745e-07,-2.0070549052651306e-07,-1.45398282269233e-07,-2.9006534883245492e-08,9.806751439625102e-08,1.783979183769541e-07,1.8279221860977522e-07,1.1043713697583189e-07,-1.11014243135439e-08,-1.2587838271681507e-07,-1.49569475362227e-07,critical,6.266846361029952
1.0,0.9586834420150676,0.8654042024752995,0.7515741392369505,0.635593628477124,0.5270113295216987,0.4305499750136088,0.34753627290626143,0.2779716423379937,0.2204975818412246,0.17383417964646475,0.13627657923105715,0.10629472090305499,0.08260973382461746,0.0639599520583641,0.04935304799280589,0.037990000445506725,0.029170387148749376,0.02234630863713738,0.017085072837331978,0.013032131776623069,0.009930024447933948,0.0075643819707765635,0.005754991154126716,0.004366890621891241,0.003311213017158616,0.002512203746266168,0.0019038194250456464,0.0014391784004789726,0.0010877932662291868,0.0008225671869780324,0.0006207791436884293,0.00046794362736673133,0.0003530106320826301,0.0002662248038287,0.00020029154020990942,0.00015072226078337972,0.0001135855492630821,8.544090950542037e-05,6.41272774024777e-05,4.8206571736094875e-05,3.632857597319635e-05,2.7282464795092728e-05,2.041521776635781e-05,1.5315895523164557e-05,1.1561135270530982e-05,8.7205810208359e-06,6.502418965038296e-06,4.834154908056219e-06,3.6260695338228174e-06,2.7665299160188687e-06,2.1219895180727505e-06,1.5781102052968262e-06,1.1478827396062228e-06,8.346649989943243e-07,6.272353136527162e-07,5.010675423531146e-07,4.183310724473551e-07,3.2927481961364837e-07,2.3143776116940404e-07,1.485343706460297e-07,8.923740667819714e-08,5.698501602110452e-08,4.998073355047585e-08,6.119348226256233e-08,7.835757327414116e-08,8.39727058225161e-08,6.248686645735678e-08,3.100407733965078e-08,-3.5323528332480034e-10,-2.5356277304479153e-08,-3.984031080942932e-08,-4.170465407650074e-08,-3.0912681576726325e-08,-9.491823973846971e-09,1.846643187568756e-08,4.680654292272119e-08,6.73089099253886e-08,6.968987744911688e-08,7.453261386295715e-08,1.2563774124924722e-07,1.9822841752195877e-07,2.702886528719759e-07,3.2455063578908547e-07,3.484947330619743e-07,3.343494897782338e-07,2.7909162932435875e-07,1.8444605338574583e-07,5.688584194669167e-08,-9.236774670959731e-08,-2.4734527600101974e-07,-3.8732913104657033e-07,-4.868535186663338e-07,-5.157044673814988e-07,-4.389198274143538e-07,-2.6507135787237e-07,-1.3875207449827259e-07,-6.823855796399267e-08,-3.754646801909309e-08,-1.960212365219209e-08,critical,6.35153326937049
1.0,0.9586893651271626,0.8654383424085492,0.7516588311758621,0.6357382797909839,0.527217801088227,0.4308078236624411,0.34783485118663676,0.2782948020840181,0.22083166576888374,0.17416802342932125,0.13659890512530354,0.1065993996465607,0.08289146564226664,0.06421559933343905,0.0495819522571486,0.03819213682699538,0.029346804425113407,0.022498691724963722,0.017215497316786326,0.013142895487872876,0.010023475933587572,0.007642674695591559,0.005820122283712955,0.004420779632141298,0.0033556015256801784,0.0025486257591596138,0.0019335920741090451,0.0014633864910446547,0.0011073990885779022,0.0008384109207347132,0.0006335504115952215,0.0004781865950601893,0.00036120435898493375,0.0002727810469605807,0.00020551460016637088,0.0001548658910802502,0.00011687107154479326,8.805028203455115e-05,6.61865225759211e-05,4.98253760519384e-05,3.760332136069748e-05,2.8290468734187957e-05,2.1205247551930484e-05,1.593136847083034e-05,1.2041118557069708e-05,9.100131342528895e-06,6.8003514701797045e-06,5.0649579670884305e-06,3.803292528258868e-06,2.903046421770664e-06,2.230260488779297e-06,1.6646513793533617e-06,1.2150164221351982e-06,8.854711825159143e-07,6.649673991026767e-07,5.291798868234931e-07,4.4050653692719704e-07,3.4884129616673434e-07,2.473436558348591e-07,1.6080835292304717e-07,9.813828409039951e-08,6.298055828951852e-08,5.3726496766507576e-08,6.351163306097198e-08,8.021571300601851e-08,8.646269472825466e-08,6.56536944254985e-08,3.40671489985847e-08,2.3491483698755952e-09,-2.321071767781514e-08,-3.838064439069683e-08,-4.098661204400229e-08,-3.091238594198715e-08,-1.0099516417930062e-08,1.7452661165866712e-08,4.568702641807857e-08,6.648867391835702e-08,6.968491321733107e-08,7.311094079074779e-08,1.2273789266892037e-07,1.945546134889627e-07,2.6651970330924386e-07,3.2130984012203417e-07,3.4631977985350257e-07,3.3366235636372157e-07,2.8016848144666477e-07,1.8738714483020653e-07,6.158541417611913e-08,-8.625156491991557e-08,-2.404205689283217e-07,-3.805002963856223e-07,-4.813513678944338e-07,-5.131163261234753e-07,-4.4121963580756775e-07,-2.6914794646620255e-07,-1.4177606603852289e-07,-7.011940784133402e-08,-3.838499942724795e-08,-1.9893432791139583e-08,critical,6.356292295741708
1.0,0.9587640939841382,0.8658686126446175,0.7527247090121421,0.6375573271182691,0.5298121651637112,0.43404623676018017,0.35158439056737806,0.2823516194039565,0.22502815937378629,0.1783613846842092,0.14064992784101132,0.11043209191191913,0.0864384510407175,0.06743795764040755,0.05247144899231654,0.040747612084710616,0.03158098823676143,0.024432335358508164,0.018874027637478648,0.014554855294103042,0.011217766790470188,0.00864589375735588,0.006657073417300982,0.005115411749382336,0.003929666761248233,0.003021295779470431,0.0023213700807317044,0.0017799061130977364,0.0013647713434042949,0.001047236972376809,0.0008026328811199901,0.0006144276718967097,0.00047068588430243926,0.0003607735091242584,0.00027600481210179607,0.00021108767120169863,0.00016166196204374034,0.0001238136164302051,9.459433390967433e-05,7.229244352249543e-05,5.537634120376581e-05,4.24251760837128e-05,3.237239536450793e-05,2.4696311129182292e-05,1.8912440735409412e-05,1.4538181769185456e-05,1.1115930021369303e-05,8.44385262333938e-06,6.423154762713245e-06,4.931596175534535e-06,3.828416275356575e-06,2.9552542056040456e-06,2.231404561852605e-06,1.6680692777187526e-06,1.2559673281650704e-06,9.7293268510212e-07,7.839143173884264e-07,6.409761908304854e-07,4.928567765876728e-07,3.551872323239103e-07,2.443463304565528e-07,1.66602600907261e-07,1.2274682690646818e-07,1.080920449933839e-07,1.1247354501599145e-07,1.2024887013104824e-07,1.1029781680408636e-07,7.714893944665348e-08,4.054179471202885e-08,7.63074815244352e-09,-1.6469980227650476e-08,-2.8657378384964548e-08,-2.783964223737192e-08,-1.4936175663909025e-08,7.1224094952247515e-09,3.3394293438668045e-08,5.692644840389596e-08,6.875463866722132e-08,6.312024721162865e-08,9.416146253737354e-08,1.5798509901822713e-07,2.3096964989784106e-07,2.94110745696156e-07,3.330211542093965e-07,3.3793078051007925e-07,3.0368666694700673e-07,2.2975299314527002e-07,1.202110760062464e-07,-1.624063029239441e-08,-1.6628653429669787e-07,-3.119939072764265e-07,-4.3081288322504216e-07,-4.955764588597325e-07,-4.745004936213869e-07,-3.347655339712739e-07,-1.8863426098141855e-07,-1.0001691970677007e-07,-5.4201416062057125e-08,-2.7757253275184613e-08,critical,6.416428793552458
1.0,0.9585644831786458,0.8647174391827108,0.7498667367026268,0.6326736366209267,0.5228385274887585,0.4253343912197915,0.3414967889645029,0.27143038357523364,0.21374122687354624,0.16708309863540086,0.1297638508564589,0.1001493500772576,0.07693306476301072,0.05881823340735759,0.04476089647182689,0.03394382986696849,0.025648761033084534,0.019314032197938872,0.014498976533692202,0.01084887257680817,0.008098583966141678,0.006034200670441673,0.004481527917234345,0.003317354662565962,0.0024530584792278472,0.0018121641122955555,0.0013330074421966929,0.0009782052461858176,0.0007174326299269008,0.0005247219321934252,0.0003824001293131458,0.00027849142520484867,0.0002025408478552492,0.00014660914425788577,0.00010598028706160298,7.663626168441203e-05,5.5145829059397293e-05,3.951508325101146e-05,2.835415618606617e-05,2.0353714035061336e-05,1.4460767881080555e-05,1.0229793524449647e-05,7.281336358448759e-06,5.2153144237062436e-06,3.6622111971005667e-06,2.5259928468733983e-06,1.7531271842401073e-06,1.257462184323189e-06,9.233788981763838e-07,6.347068647506462e-07,4.060652697421829e-07,2.5308672106841926e-07,1.7248732213333443e-07,1.4531484557461156e-07,1.3694873326363686e-07,1.0211421550075387e-07,5.380632957733824e-08,1.3541708524932578e-08,-9.960488361539299e-09,-1.3457594599683997e-08,8.165634803597989e-10,2.5151666735921698e-08,4.636090321179992e-08,4.587282252871654e-08,2.2516270692701643e-08,-6.865338454168244e-09,-3.356301368462137e-08,-5.1344834082002326e-08,-5.645594904027055e-08,-4.7618578264001286e-08,-2.603201176838585e-08,4.627390120769796e-09,3.8206196767042915e-08,6.607390722339612e-08,7.712295023217549e-08,6.586961395504436e-08,7.10724340740059e-08,8.959725240840561e-08,1.1082859628351794e-07,1.2646084290397274e-07,1.3049821935375358e-07,1.1925480259619967e-07,9.135451947400415e-08,4.773114670921623e-08,-8.371689096762847e-09,-7.140051146317288e-08,-1.334919940299024e-07,-1.8447296055748625e-07,-2.1186038492709962e-07,-2.0086139114056687e-07,-1.3437300416914954e-07,-5.251952887853382e-09,1.2734522636107144e-07,2.053695829207516e-07,2.005231930621606e-07,1.1425915998410626e-07,-2.2218386186758977e-08,-1.4795428839595152e-07,-1.7224236266113773e-07,critical,6.256184992132194
1.0,0.9586365067561756,0.8651334891901669,0.7509019507625904,0.6344449325085357,0.5253708749485372,0.4285006241344628,0.34516313536279497,0.2754024367716029,0.2178425483986158,0.17118107875611965,0.13371594107227183,0.10387593870937992,0.08037418927005371,0.061932949281892656,0.04754003706742122,0.036390471148171274,0.02777598676981528,0.021143466209476953,0.016057027093746967,0.012160494195242615,0.009195878724164377,0.006950420791786177,0.005245220409013812,0.003945990211066924,0.0029652922988205443,0.002229032282193457,0.0016729141618149806,0.0012519226249144352,0.0009365501776492038,0.0007006805198221898,0.0005228315177675149,0.00038963578772812984,0.00029056301078504536,0.0002164170578311318,0.00016076096348806746,0.00011947497999513009,8.888708938514068e-05,6.590395439837485e-05,4.877792168775775e-05,3.6188665147075025e-05,2.6891057145484834e-05,1.985598214482042e-05,1.4626731586675377e-05,1.082856280305103e-05,8.071589755277946e-06,5.968864516953173e-06,4.357816794194389e-06,3.1850282482750926e-06,2.3676449476383237e-06,1.79871899890668e-06,1.3490170531689725e-06,9.683869223500018e-07,6.801686457136949e-07,4.851008512779708e-07,3.7042034105654863e-07,3.098620910589556e-07,2.636592512905211e-07,1.9302402849600554e-07,1.2222837333647206e-07,6.59927600280442e-08,3.115092179600111e-08,1.9491855121714006e-08,2.7759819742645623e-08,4.76543386523511e-08,6.583019810047704e-08,6.389936962288562e-08,3.88026578907234e-08,7.966478843727408e-09,-2.0690701033926618e-08,-4.1384741922286765e-08,-5.0465830665624406e-08,-4.6418480772434895e-08,-2.9861532415436616e-08,-3.5481524315717257e-09,2.7634165677994093e-08,5.6663601747871944e-08,7.438400894844908e-08,6.971282298168629e-08,7.457206356386182e-08,1.0473102383815062e-07,1.425189095739944e-07,1.740209980126653e-07,1.8907863786726367e-07,1.8128924932271816e-07,1.4800632403578576e-07,9.033942513505455e-08,1.3154187220938747e-08,-7.492768363431895e-08,-1.6152840988664425e-07,-2.3051414252013454e-07,-2.6199496104706457e-07,-2.3232487350786902e-07,-1.3493821689565375e-07,-4.360685648851022e-08,1.2233361058901229e-08,2.4328757753890793e-08,3.4610077021715786e-10,-3.6127397551911396e-08,-4.558407970583641e-08,critical,6.313861019029724
1.0,0.9600268039963649,0.8729947295053117,0.7700036114378933,0.6667340721003816,0.5708010546544342,0.4850360364906994,0.41022568917038765,0.3458164474722146,0.29096738061393157,0.24442153813768863,0.20517494450153537,0.1721149790561599,0.14430078414389325,0.12097126848937767,0.10139194558170307,0.08496159982414925,0.0711916563302408,0.059648882198960064,0.049976626938319085,0.04187467825182114,0.035086993921403076,0.029394939064550325,0.024618780157999468,0.020621037976643334,0.01727910024949938,0.014484478508383879,0.012142808087911978,0.010177491529939239,0.008529150593191,0.007146051334203461,0.005985791702466502,0.005015192019344141,0.004203003402195059,0.003521915462553475,0.0029506993179901904,0.00247182379681485,0.0020712397028995666,0.0017356315147835602,0.0014542414603144573,0.0012182987738263752,0.0010205224878793236,0.000855116717417151,0.0007168565416798377,0.0006008821930087878,0.0005033922617586929,0.00042139303487424476,0.00035269849589014137,0.0002957439513264202,0.00024816692972291245,0.00020806718542423276,0.0001741487196528844,0.00014561554688319675,0.00012206344655673171,0.0001024243795453655,8.587080210723671e-05,7.189120882630673e-05,6.017504678320333e-05,5.047022160506167e-05,4.233255967150996e-05,3.5472794177203074e-05,2.9683460340728322e-05,2.483564788468976e-05,2.0847161850351567e-05,1.7532573525623624e-05,1.472274346298715e-05,1.2306427398071179e-05,1.0228939322205905e-05,8.49215148242262e-06,7.14366849090115e-06,6.088259233579295e-06,5.1668417780697675e-06,4.303114944535915e-06,3.5002301581871328e-06,2.8407914492788456e-06,2.4371912349689183e-06,2.1510285192398175e-06,1.852982341966241e-06,1.5019203443047998e-06,1.138012191160863e-06,8.827295711885398e-07,8.31819791446333e-07,8.138330395674345e-07,7.18168333742428e-07,5.233962094434847e-07,2.9602659112481073e-07,1.9050879222267272e-07,2.7608859953992096e-07,3.5277237316956285e-07,3.1688302499532007e-07,1.6301391821716e-07,-1.5983198846831666e-08,-3.350553768901882e-08,9.869950051832918e-08,1.8269420798254138e-07,1.4275333368667516e-07,1.134817961171677e-09,-1.219202075161279e-07,-7.64427815728632e-08,-3.114084337379224e-08,overdamped,7.459578788004556
1.0,0.9630708297095616,0.8890095795527209,0.8063480060013194,0.725837133965905,0.6512192897528227,0.5833857489529116,0.5222720371588425,0.4674322332721814,0.4182930108225632,0.3742874843832129,0.33492419631485515,0.2996777506134045,0.26813939898887246,0.23994437747966205,0.21469843319227627,0.19208341127142775,0.17186631815700718,0.15380342476056924,0.1376165936367208,0.1231182521746639,0.11017642629175295,0.09858988324901721,0.0882035646290234,0.07892316429635383,0.07062955250190119,0.06319292753549008,0.05653339042889055,0.05059420969948315,0.045274017333357536,0.040501193384889146,0.03623997783065938,0.032432745820096254,0.029017106440612242,0.025960504173773748,0.023233030255751727,0.020788307485707848,0.018598151285645795,0.016643360066314523,0.01489287274473962,0.013323934645994013,0.011922495436584333,0.010669358045620216,0.009545734164677999,0.0085401165454921,0.007643075542104834,0.006839159084236282,0.006117973935478194,0.0054744426768479305,0.004899474606625427,0.004383347350484193,0.003921377853063197,0.0035095799484972153,0.003140333926489051,0.0028093361422738767,0.0025141064066271134,0.0022497389596642776,0.0020126896821300922,0.0018010000894381544,0.0016117393222603565,0.0014419784961071443,0.0012900430226313769,0.001154605535040026,0.0010331859494704131,0.0009241521323183415,0.0008269008701001302,0.0007401967744927136,0.0006622185844599743,0.0005922252923614433,0.0005301107197106141,0.0004744533770932287,0.0004243378100418476,0.0003796865865145694,0.0003398738389467107,0.0003040476913830282,0.0002719784227977839,0.00024347719807769905,0.0002178644164815333,0.00019482935925133803,0.00017438339670095492,0.00015613578805422117,0.0001396330106012355,0.0001248116591890043,0.00011181427663290844,0.00010014391647665189,8.945795049493399e-05,7.992205722575784e-05,7.169642497090962e-05,6.418301409168452e-05,5.725187402647874e-05,5.126175919449035e-05,4.597524997924144e-05,4.10690063920709e-05,3.669404309516435e-05,3.2927508624839076e-05,2.9457670725827505e-05,2.6276063601308828e-05,2.3544252899323706e-05,2.1082979126473712e-05,1.8858202058930448e-05,overdamped,10.185869965927813
1.0,0.9618060851652691,0.8825367752779928,0.7920128803578086,0.7030052372393143,0.6204740399112597,0.5460374556634612,0.47983801953549426,0.42130262301004884,0.369777917689551,0.32448332777401406,0.2846856981223599,0.24978146615500327,0.21913851900289652,0.1922399409936498,0.16865933450566378,0.14797154980200372,0.12980930271713978,0.11386823702258322,0.0999007909452555,0.08765447896932609,0.07689740509802791,0.06744758452060799,0.05916987842148001,0.05192350212095536,0.04555513834913302,0.03995229655087075,0.03504175067192632,0.030753234700477514,0.02698400199203601,0.023665386049979517,0.020757574086633535,0.018215946806135988,0.015981813184974582,0.014017916531817913,0.012298830268768402,0.0107911186099279,0.009466468744799995,0.008304077242242774,0.007286078408641828,0.006392464939667291,0.005607398850202495,0.004918714971238472,0.00431607343779472,0.0037870766404855694,0.003321758204324238,0.0029130092285639666,0.0025559534471006258,0.0022429211757136855,0.0019675264982333316,0.00172571892162329,0.0015142702870967445,0.0013285951875623347,0.00116540993234343,0.0010223774429461835,0.0008970993990953701,0.0007870453140377252,0.0006903087923595873,0.0006055421690998703,0.0005314612761493932,0.000466355925896473,0.0004089543979685176,0.000358502025371158,0.00031462104717459795,0.0002761841438868321,0.00024224384163716226,0.00021237272528013787,0.0001863997732367647,0.00016359972919904265,0.00014347703014981112,0.00012580868675313075,0.00011044963853761743,9.694940426177599e-05,8.500116232953688e-05,7.44812848150196e-05,6.54075786079534e-05,5.7510129498931865e-05,5.044359178438398e-05,4.4092640953151594e-05,3.8575461787970184e-05,3.397535926909813e-05,2.9877737081531974e-05,2.6128124791222072e-05,2.284373791596293e-05,2.012957728723988e-05,1.7700143158833444e-05,1.5469944198817917e-05,1.3528053424860339e-05,1.1947299907620191e-05,1.0524804072053724e-05,9.17607262701792e-06,7.964410081914347e-06,7.056380082097033e-06,6.311563048631944e-06,5.521464626724219e-06,4.687337623232697e-06,4.022534040220908e-06,3.6104007782465063e-06,3.1917453236937154e-06,2.7961508934921237e-06,overdamped,9.011669251965309
1.0,0.9622553426494399,0.8848662863521011,0.79721588767421,0.7113588406842579,0.6317867726882542,0.5597920607453333,0.49549581496069833,0.43829353809474325,0.3876313786247101,0.3427491920014387,0.30305451506114195,0.2679576290220965,0.2369030904579869,0.20945161530223566,0.18519611299164937,0.16373827513630557,0.14475010447855852,0.12797192935781024,0.11316019636123226,0.1000519328305302,0.08844401136413949,0.07819215511335538,0.06914660202043882,0.06113599463431639,0.05403818962259724,0.04777588718471062,0.04225121894084805,0.03735478452273049,0.03301618949032342,0.029193569900291087,0.02581615703264687,0.022822344603019726,0.020174622861055994,0.017840375963411242,0.015774018056279114,0.013944128715496435,0.0123290040235044,0.010901875242618507,0.009638088726197473,0.008519987574371163,0.0075339064091765095,0.0066617955852050536,0.005888996114249112,0.005205483699544064,0.004603467044655173,0.004070777879802335,0.003598194953640021,0.003180342507467884,0.0028127673711497575,0.002487199780226323,0.0021983498373590944,0.001943527890625442,0.0017187782258058677,0.0015195758697134432,0.0013432189174134948,0.00118779544751235,0.0010502840328657438,0.0009284338014761225,0.0008207920869864153,0.0007258796495894945,0.0006418058015435562,0.0005672510265527296,0.0005014601839685144,0.0004435946494632622,0.0003922602842027744,0.00034657629855752676,0.0003062503205194286,0.0002710162859131791,0.00023972124803581395,0.00021173714278341596,0.00018706274273617193,0.00016557635197013808,0.0001464345077963562,0.00012933023683329975,0.0001143589353741586,0.00010120260282194974,8.945206465822358e-05,7.900768139279489e-05,6.99182459513602e-05,6.187639985252884e-05,5.465598554513263e-05,4.8238103332617224e-05,4.2731211132203884e-05,3.788245664934774e-05,3.3438238748028225e-05,2.9403324706482052e-05,2.601352826450274e-05,2.3123065991521918e-05,2.0426039037889397e-05,1.7942365171146087e-05,1.591073775644038e-05,1.414139419742234e-05,1.246422994427976e-05,1.0945506813365409e-05,9.74866746212185e-06,8.67849770869562e-06,7.617199099438715e-06,6.643521910370667e-06,5.906624186415714e-06,overdamped,9.421180689391612
1.0,0.9609916202840016,0.8782342382516299,0.782247858189012,0.6870858165053565,0.5987606878241898,0.5195470826916991,0.44959728970873086,0.38855168920085037,0.3354528542084853,0.2895121283027414,0.24977161715207502,0.21543987795846475,0.1858314072213664,0.16027290307641068,0.13821513997958562,0.11920317618046014,0.10280525902901214,0.08865828941565401,0.07645385298942906,0.0659354974793653,0.05687261582690515,0.049052196749297346,0.0422959454863042,0.03645941283390598,0.03143199514430119,0.027119430218373288,0.02339578892428826,0.020175858353078488,0.017399777825223065,0.0150077968813542,0.01294332619001515,0.011162031855350835,0.009626573958226027,0.008302175442685869,0.007159673842259753,0.006174102016224435,0.005324597251517148,0.004592593677948393,0.003960987782960919,0.0034155774843449213,0.0029448019338217937,0.0025396647205198873,0.0021908878607690583,0.0018896287660229046,0.0016292185529564096,0.0014047636332092293,0.0012118155470876885,0.0010452528155668777,0.0009012918241765279,0.0007770606573264457,0.0006702939890635579,0.0005782252833941834,0.0004986338996752107,0.00042983501670000254,0.00037064987478613147,0.0003198420897829576,0.00027593708171773487,0.00023786393515362123,0.0002049210432044946,0.00017674735348455287,0.00015262920632040162,0.00013169693054820516,0.00011343249266211748,9.763513534284176e-05,8.4294398964145e-05,7.283798207554553e-05,6.281302363250764e-05,5.403378224097495e-05,4.6551977841246914e-05,4.025637447952946e-05,3.4771252220262494e-05,2.9928918016441607e-05,2.571991931275396e-05,2.2231424224969634e-05,1.9258914929083394e-05,1.6614168471225293e-05,1.4241995924317871e-05,1.2211208919277967e-05,1.0619606120176213e-05,9.262428080543619e-06,7.980232676660946e-06,6.756669154225137e-06,5.7170952957903904e-06,5.037570378378198e-06,4.49292577664707e-06,3.877247476829845e-06,3.182156642994351e-06,2.59358133743986e-06,2.3515301110884005e-06,2.168194160499663e-06,1.856138192586705e-06,1.4472040274203096e-06,1.1813677290558504e-06,1.1370654440408557e-06,1.0456776249184928e-06,8.456276264238758e-07,6.306979735772323e-07,5.679842165425095e-07,5.149979302609427e-07,overdamped,8.288703358764629
1.0,0.961999717570592,0.8835448085201099,0.7942702609010215,0.7066406666843492,0.6254054301778186,0.5520346160190852,0.48667064828640555,0.42871187261312294,0.3775616843605899,0.33243915731656004,0.2926767502267356,0.2576792394101147,0.22684579715128314,0.19969377349963718,0.1758100568190363,0.15477824248237712,0.13624758459419034,0.11993173630431374,0.10559198522203864,0.09296686249571166,0.08183490544094318,0.0720281996165121,0.06341845137359936,0.05584085289558575,0.0491531458120614,0.04325697611028051,0.03808683412146257,0.03353833712328467,0.029521335149733686,0.025979847797595775,0.02287603285234365,0.020142110923887267,0.017729192681654807,0.015606549249579346,0.013741475244076599,0.012097327996766459,0.010648237428665342,0.009374844639660148,0.008253981910970503,0.007265779949691409,0.006395319434663832,0.005630911658458831,0.00495794703088955,0.0043641046944955285,0.003840639624661338,0.0033815286032302895,0.0029775539023775854,0.002620984722915625,0.0023068875908228343,0.0020312549668510625,0.0017883574324686644,0.0015741132622702607,0.0013857171959291224,0.001220148452498643,0.0010741588473913346,0.000945387815020293,0.0008322495601455347,0.0007329297393550537,0.0006452674864823787,0.0005677824941564059,0.0004996787278741986,0.0004401838273957698,0.0003876492626699034,0.00034102945928537597,0.00029997861960327896,0.0002643044200480407,0.0002327954405957638,0.0002047953506817353,0.0001801972996141242,0.00015876883055582886,0.00013980031453592295,0.00012297898142407665,0.00010827147481902375,9.53997202414046e-05,8.397858507320087e-05,7.384353055694216e-05,6.501761169039592e-05,5.734856576372605e-05,5.0500821632233354e-05,4.434008619802052e-05,3.8945682744687406e-05,3.443960693579065e-05,3.044006196667049e-05,2.6693118021908835e-05,2.3277509212763285e-05,2.0548513947807436e-05,1.827697002174913e-05,1.6065579945559223e-05,1.3945689037592062e-05,1.2297748004693723e-05,1.0948151948136842e-05,9.618146324004513e-06,8.369436654582322e-06,7.4245854101666455e-06,6.593056530875102e-06,5.767030773261835e-06,5.017989227470337e-06,4.444722108729405e-06,3.926349875422409e-06,overdamped,9.187186867169451
1.0,0.961951278339271,0.8832932007807632,0.7937077039456362,0.7057362864855603,0.6241797873459268,0.5505443783596298,0.4849735456117126,0.42687090094676833,0.375627329037857,0.3304609781243327,0.29068836570706297,0.2557127003851995,0.22492502685706067,0.19783413006254147,0.1740244815202938,0.1530769628188805,0.13463670111202958,0.11841266546286179,0.10416469344593393,0.09163329415930982,0.08059404157778888,0.07087515916979811,0.062347994774247,0.05485310867618022,0.048244774631008014,0.04242083985372648,0.037315887158426764,0.03283290972826903,0.02887782131504586,0.025391234332815454,0.022337111101530024,0.019651769245866955,0.017283736876270984,0.015200556831541666,0.013372684395208672,0.011763091211548428,0.010345346238324428,0.009100027182272898,0.008005352204683416,0.007041204168782989,0.006192311589402273,0.00544719135946286,0.004792298510266054,0.004215032464393508,0.003706255159639087,0.00325997283079712,0.002868234915809114,0.002522849625553449,0.0022185246051943898,0.0019516610751292248,0.0017169194364022816,0.001510035217613546,0.0013280585705610444,0.0011683795813813716,0.0010277856486736532,0.0009038531167656971,0.0007948898308430634,0.0006994216579595705,0.0006153416345332986,0.000541063167978702,0.00047563801264567353,0.0004185549220876336,0.00036840929013276595,0.00032394638986061935,0.0002846112429600243,0.00025041230840159076,0.00022046855275399644,0.0001938782787936214,0.00017035167899157795,0.00014992742072148828,0.00013196232358590564,0.00011602085142061811,0.00010198821705982962,8.978945652232739e-05,7.901636823568986e-05,6.94418471394676e-05,6.102390246613583e-05,5.376989823680624e-05,4.736743826800675e-05,4.1601180403110985e-05,3.645722474804538e-05,3.209520888013716e-05,2.8346880200970615e-05,2.4925792481643658e-05,2.180551780000976e-05,1.9185092171878698e-05,1.697751029568831e-05,1.4933871006979192e-05,1.3034840803426358e-05,1.1460885687463112e-05,1.018757217957075e-05,8.976032876311887e-06,7.790286824553417e-06,6.797447286673645e-06,6.105884185390593e-06,5.433066253198085e-06,4.678357127971158e-06,3.983809293136025e-06,3.55500464211303e-06,overdamped,9.143141253685457
1.0,0.9601308697360215,0.8735683484791206,0.7713644698832727,0.6690126674676752,0.5739483611523952,0.4889415531937222,0.41468146036615333,0.3506570897536411,0.2959962439820678,0.24949540985730173,0.21017665259053248,0.17694174579160538,0.1488955845491733,0.12528790192155254,0.10540182664059304,0.08865398238064268,0.07456825973050533,0.06271604177013823,0.05274734282340099,0.04436435453272079,0.037314400721260875,0.03137934278109429,0.02638269556273011,0.022184299445660877,0.018659576546399537,0.015699486390784886,0.013210526927088361,0.011115580713851665,0.009351246360549438,0.007864478139162856,0.006612980143961244,0.0055627068906888184,0.004679068335255743,0.0039354675760083545,0.0033097790184709285,0.0027837598367649987,0.002341047868141948,0.0019686305656431563,0.0016556164381219083,0.0013925569213909723,0.0011714463782225976,0.0009855852801698474,0.0008291572320326902,0.0006973772161067343,0.00058633425572033,0.0004929829516659172,0.0004147964515049775,0.0003490037447079823,0.00029354002139727334,0.00024676619391348004,0.00020744963796761478,0.00017457964915785847,0.00014693248098778414,0.0001235918384461924,0.000103857496105599,8.723706930306793e-05,7.341646346422142e-05,6.188192913871165e-05,5.2119004673985246e-05,4.378189597637118e-05,3.667464838136491e-05,3.075114665362852e-05,2.5978644368786913e-05,2.1988219566732377e-05,1.8525226049566726e-05,1.5474028181946924e-05,1.2854520968372875e-05,1.0809686421716338e-05,9.221070926710194e-06,7.837713842116893e-06,6.557721987869941e-06,5.391432463020615e-06,4.46141264573801e-06,3.840937554176844e-06,3.3205932173919593e-06,2.80266529586645e-06,2.276729912658158e-06,1.8186601996440514e-06,1.5622041900431375e-06,1.4143574174062706e-06,1.2435489416882477e-06,1.0064294789619073e-06,7.376119412766318e-07,5.496714366583663e-07,5.488407472118528e-07,5.809580814120721e-07,5.282421672721024e-07,3.656569091163561e-07,1.5943710884035382e-07,6.708846591070435e-08,1.8107599474598552e-07,2.888844331147617e-07,2.677255606175467e-07,1.0923249085287209e-07,-8.076706271142084e-08,-9.172924571546949e-08,-2.058436431381552e-08,7.551113590902888e-09,1.5802077744439165e-08,overdamped,7.547742121095189
1.0,0.9603532586351522,0.874787603034944,0.7742400882726659,0.673816156614465,0.5805649818632075,0.49713840712083257,0.4240281687909705,0.3608125026461696,0.3065505932157799,0.2601700855245887,0.22070915157825294,0.18713076130100653,0.15862534901823946,0.13445462306376776,0.11394589139082442,0.09655310693536935,0.0818198302367584,0.06933092409749456,0.058747806243394124,0.04977988951135515,0.042182559988684774,0.03573987539754003,0.0302790605225998,0.025653631810875505,0.02173650110031799,0.01841997561981735,0.015614978289238678,0.013237892150829728,0.011219265024344867,0.009505479239369147,0.008055161473516745,0.006826442215338641,0.005784686314853233,0.00490158382600353,0.004153352786324692,0.003518874067984421,0.0029814088065944627,0.002526357919069469,0.0021410120157087193,0.00181454955921226,0.0015378750896426101,0.001303260940772434,0.0011041917387255133,0.0009353382328525405,0.0007925499315385532,0.0006718943118082491,0.0005695257975977719,0.00048249328399527095,0.0004085358647777207,0.0003460817252500194,0.0002935043674946869,0.00024886533089798997,0.0002108191175900065,0.000178424951365461,0.0001511407602675309,0.00012821873875253276,0.00010873046152297481,9.208728727602876e-05,7.791494576189923e-05,6.603162133782549e-05,5.604292570227331e-05,4.753037513131687e-05,4.023200906012905e-05,3.4004556929724175e-05,2.8816403220343e-05,2.4512908205421233e-05,2.0834753564143286e-05,1.7626397530472398e-05,1.482909747120667e-05,1.2480909885978911e-05,1.0662303997656138e-05,9.182566098877462e-06,7.836020475115704e-06,6.545241561148503e-06,5.3596413167599705e-06,4.4554692267406625e-06,3.93148139485136e-06,3.4879330777524025e-06,2.9597909250337526e-06,2.3459712701205703e-06,1.8088576496615609e-06,1.5979094044512757e-06,1.491552058400815e-06,1.3049224133501862e-06,1.017813947230991e-06,7.451749383988621e-07,6.751789634350693e-07,6.605809283227268e-07,5.846038711573104e-07,4.3662441927448006e-07,2.9301653341617485e-07,2.830412936416278e-07,3.2253325130346385e-07,3.0716478790625977e-07,2.1229117137359877e-07,8.567937686553384e-08,4.625868098455152e-08,6.968271985040905e-08,7.486094930932226e-08,overdamped,7.7372355048903145
1.0,0.9602311406080976,0.8741191897323145,0.772666473828712,0.6711896449643241,0.5769498259833922,0.49266240199818223,0.4189247932769268,0.35526765102115787,0.3007869819574429,0.2543369822983407,0.21495168839065526,0.1815567680435693,0.15329787597251682,0.12943090021280496,0.10925860869412285,0.09221433896021419,0.07783216920875831,0.0656888439355938,0.05543993279317792,0.04679054109533396,0.039491662052533856,0.03332557061003717,0.028118539827387774,0.023727360239321694,0.02002597182805273,0.016905464023272292,0.014274025655723329,0.012052752390907398,0.0101747934859821,0.008586498497901808,0.0072462353752987905,0.006116621472475428,0.0051626991402817235,0.004357208974382603,0.0036773411317155462,0.0031033682106201064,0.0026186602607729567,0.0022098688479253994,0.0018652292168747698,0.0015745585053075035,0.0013292519586601632,0.0011221369222136565,0.0009471430334266266,0.0007992053364012683,0.0006742614820593576,0.0005691648069718827,0.00048058579044533875,0.00040568817479774,0.0003422772928307153,0.00028867760097483195,0.00024368487611823615,0.00020583223148303327,0.00017379278804415153,0.00014659916506948686,0.00012356732485985364,0.00010428471320338328,8.814937366909618e-05,7.447643937474111e-05,6.281380683964873e-05,5.2883641330017306e-05,4.4582298822235505e-05,3.773504339886244e-05,3.193773656048746e-05,2.6945904931222798e-05,2.263741657147266e-05,1.901248097793322e-05,1.6116990391774464e-05,1.3711394078864326e-05,1.1605894484685826e-05,9.720799325982301e-06,8.079921701987142e-06,6.806399689082257e-06,5.864338308247612e-06,5.040144697093297e-06,4.233629556772565e-06,3.449201168745602e-06,2.7958653947795712e-06,2.428019007670503e-06,2.181021550047583e-06,1.8927957492752167e-06,1.5212688978626115e-06,1.1355287097851852e-06,9.150199107155255e-07,8.934264731215217e-07,8.541392684221591e-07,7.090935186730602e-07,4.791637658957903e-07,2.941638720778567e-07,3.164578068211746e-07,3.792409388873057e-07,3.556125360267333e-07,2.2630495400575178e-07,7.034340969727017e-08,5.5485283927504304e-08,1.4180067916929024e-07,1.7755594555049962e-07,1.2014691736006866e-07,9.003804673006272e-09,-3.4408806649601106e-08,overdamped,7.632997427516883
1.0,0.9599372195838622,0.8724993319181187,0.7688241880937499,0.6647570273924341,0.5680647996620481,0.4816379564814978,0.40634657540277785,0.3416036020725008,0.28659093142139447,0.24001243824903382,0.20083125250460657,0.16792907732392473,0.14032485098464345,0.11724175722055069,0.09793459444770414,0.08178567315279744,0.06829438163838253,0.05702422662604709,0.04761185545274376,0.03975551395210502,0.03319676586628875,0.0277162568600547,0.023131710523936148,0.019307249781760072,0.01612219999234816,0.013469008758356497,0.011253245926275721,0.009398291383117997,0.007847939748625857,0.00655230364246548,0.005469459575581808,0.004565481855618427,0.0038135209154855003,0.0031857954611443796,0.00266059753841717,0.0022210628169021256,0.0018541373197296504,0.001548514208033994,0.0012931084627252271,0.0010797170762576395,0.0009014665516875194,0.0007527192062775367,0.0006283711318043434,0.0005245351029867925,0.0004379304844452478,0.0003657096266048702,0.00030545786569562204,0.00025517588930249727,0.00021316586260872156,0.0001780048164866436,0.00014854239878808124,0.0001239000656013325,0.0001034644668904727,8.653048260659163e-05,7.234712512745449e-05,6.0386944079196025e-05,5.029355848261981e-05,4.1881656753198484e-05,3.5048682673415635e-05,2.9384129196287466e-05,2.4580907481750598e-05,2.0460353795857767e-05,1.6959004621549537e-05,1.4127504576989022e-05,1.189646949445668e-05,1.0019642539915578e-05,8.36852857060571e-06,6.900163309849788e-06,5.657113347053316e-06,4.747549905289125e-06,4.071019154257829e-06,3.4694258750671715e-06,2.8741307504787003e-06,2.2931751529390516e-06,1.8112811445799657e-06,1.5582926448318998e-06,1.4261562200985307e-06,1.2669077960251173e-06,1.023963150552836e-06,7.247384216728106e-07,4.806501074261411e-07,4.51527381333402e-07,5.172650730174156e-07,5.156941777326401e-07,3.90704229092281e-07,1.816042825293388e-07,2.3122915296596842e-08,8.412627733654899e-08,2.0210927677584461e-07,2.3319850264792522e-07,1.4015981981307215e-07,-2.040142666125862e-08,-9.804041150044788e-08,8.815481329549736e-09,1.1118046912983123e-07,1.195680211793196e-07,2.664316918007726e-08,-9.442711061537147e-08,-9.718706919690291e-08,overdamped,7.383941496764018
1.0,0.9616365297581198,0.8816492284835111,0.7900169418407778,0.6997766683427347,0.6160848687840665,0.5406960821156809,0.47374660364672677,0.4147020791949634,0.3628475713721787,0.3174088758805247,0.2775944279883945,0.242784281607599,0.21232491911281848,0.18566835564762801,0.1623696726526907,0.1419991023175785,0.1241750162985363,0.10857879654532442,0.09495047381473719,0.08304518914197004,0.0726253060062322,0.06349936855148086,0.05551988099837859,0.048561142452743095,0.042471918090014944,0.03713618404745853,0.032469400433593004,0.028399715241782465,0.024838082835660392,0.021717524743377344,0.018988915854431798,0.016609027233740675,0.014526025666579914,0.012700721105351219,0.011104523101211938,0.009713080983508489,0.008495286916198296,0.007427679374090085,0.006493667565149031,0.005680060180569169,0.0049681275163110505,0.004343826637841278,0.003797549479006008,0.0033217372410078256,0.0029053418666497087,0.002540271808985978,0.002220976492814624,0.0019426930974627285,0.0016990872421397602,0.001485563021391887,0.0012988960007099966,0.0011361694932997262,0.0009937027078906978,0.0008687850122010316,0.000759541373838105,0.0006644394892354624,0.0005812043030703094,0.0005081234481483907,0.00044410113872836833,0.0003884890083071968,0.00033992850905137763,0.00029721696674584516,0.00025968151705336426,0.00022710375019337285,0.00019877793964668853,0.00017383997597380846,0.00015186153672467234,0.00013277775975324964,0.00011624397264873432,0.00010167828250964996,8.880935813662577e-05,7.762518552279594e-05,6.799123822034606e-05,5.9496795178386456e-05,5.194529382879747e-05,4.534291789364342e-05,3.975157641094224e-05,3.4850140043918885e-05,3.042427633760732e-05,2.6467431130779137e-05,2.3161627603951824e-05,2.0404152398425364e-05,1.7872244259246165e-05,1.548857248674861e-05,1.3424404852756378e-05,1.1873819980618632e-05,1.0485697462015253e-05,9.09468404026332e-06,7.803396086530846e-06,6.888118313559518e-06,6.129913111766889e-06,5.335646063678541e-06,4.551850487723602e-06,4.005506906673464e-06,3.596248404724039e-06,3.1429478684853994e-06,2.6545476237353553e-06,2.301373311580532e-06,2.0436710870244363e-06,overdamped,8.859166507396974
1.0,0.9630442282497182,0.888876179563599,0.8060565834961095,0.7253778186335235,0.6506065273521304,0.5826430086034625,0.5214296851254799,0.4665146798181082,0.41732598884595173,0.37328945259031016,0.33391309865079083,0.298667697141997,0.2671400446382816,0.23896511922585503,0.21374722608045416,0.19116511666768213,0.17098240429500758,0.15295833908794224,0.13681310237457317,0.12235544526495223,0.1094539206792119,0.0979097174075963,0.08756445540567473,0.07832177250676896,0.07006708565954337,0.06266856178637092,0.05604359634481473,0.05013725421267338,0.044850188929437686,0.04010834918009264,0.03587441686624749,0.0320945456725058,0.02870504117338145,0.025671475430388675,0.022966204755828633,0.020542725339115497,0.018371791146210136,0.01643465659473985,0.014701203547825607,0.013147900556627009,0.011760386334061953,0.010520728097729153,0.009409674802805471,0.0084151300422713,0.007528411438932963,0.006734441205633796,0.00602227522195339,0.0053865230798424086,0.004819185687940106,0.00431020231424363,0.003854388523833522,0.003448352876933175,0.0030845923185788323,0.002758483039080732,0.0024676141370392206,0.0022074298075686815,0.001974175721360166,0.0017658024814219484,0.001579721687430982,0.001412897399990531,0.0012635120389702108,0.0011304162357782372,0.0010112595522370018,0.0009042587951929531,0.000808690894688747,0.0007236594969002417,0.0006472813867089053,0.0005786468865584703,0.0005176860601287669,0.00046322462711972327,0.0004141901320365201,0.00037039641803160835,0.0003314603993203904,0.0002964564752335362,0.0002650550795862969,0.00023718444778573691,0.00021219525212800054,0.00018969848170454696,0.00016967522372814646,0.0001518915867185388,0.00013583270819345956,0.00012134906872044453,0.00010861204616149673,9.729148702498656e-05,8.693184629015137e-05,7.757505620502572e-05,6.952864509561556e-05,6.228539469104203e-05,5.556680840732112e-05,4.965017808740039e-05,4.45414503651597e-05,3.981744048048691e-05,3.551670524983914e-05,3.185381442477144e-05,2.852417257384671e-05,2.5434304404284766e-05,2.274966550814534e-05,2.037395713880671e-05,1.8225825401376868e-05,overdamped,10.160473020464535
1.0,0.9628718561317847,0.8880089018007244,0.8041576190322643,0.722381087537623,0.6466024572719672,0.5777872228466696,0.5159224571672504,0.46051671501139907,0.41100748926881253,0.3667731121550933,0.32731591506403435,0.29208340822969037,0.26063282453110065,0.23259430184478816,0.207564837998035,0.1852040418365163,0.16525270122583935,0.14748458711755633,0.13161458960251135,0.11742961245536639,0.10479132819842621,0.09352448945782407,0.0834513006271185,0.07445711632739382,0.066453852760706,0.05930466842360599,0.052910343133352813,0.04721429491103021,0.04214069088024533,0.03760200618435064,0.03354702173796882,0.02994147555972749,0.026720696479589835,0.023840006463944553,0.021274630057136448,0.018987201581461492,0.016941832392910028,0.015116973930874475,0.01349184718852889,0.012039510797952676,0.010741757574085131,0.009586523152354845,0.008555659067332267,0.007633593639735793,0.006811001365979444,0.006079269381601057,0.005425055795061052,0.0048397584179264005,0.004319075262134211,0.0038549751064688932,0.0034395433295334823,0.003068787285784489,0.002739077310627054,0.0024442751176181727,0.0021807258222582733,0.0019462566685350996,0.0017369444546749765,0.001549722687352231,0.001382866293084449,0.0012342837339085694,0.001101368546112204,0.0009825332672120709,0.0008769396817469939,0.0007827489212445261,0.000698306088652992,0.00062290078846437,0.0005561114886564153,0.0004963445862771799,0.00044267339467603516,0.000394997730168176,0.00035266849370001565,0.00031465388256839453,0.00028063841747617043,0.00025055759747097075,0.00022363177568845183,0.00019945033971918117,0.00017799740199244223,0.00015893860540451977,0.00014178929222377672,0.00012641653950615477,0.00011290362360465821,0.00010084056564382696,8.988714516956086e-05,8.008334140241771e-05,7.161119203391389e-05,6.398732193690205e-05,5.69503671376495e-05,5.0717613210646305e-05,4.542373804665856e-05,4.055526115212908e-05,3.603927717740812e-05,3.219715802142957e-05,2.8824010233277727e-05,2.5663824695941123e-05,2.2840243484171737e-05,2.0473886742701018e-05,1.828361618732404e-05,1.622794346246336e-05,1.4483880746571439e-05,overdamped,9.996659099985916
1.0,0.9597496667651814,0.871457266256756,0.766330727398552,0.6605725655029062,0.5622531815694533,0.47441524610514063,0.3980910554824955,0.3326454965957729,0.27728259165321983,0.23065265834542417,0.1916216276005544,0.1590711694814583,0.1319373175038806,0.10939377588267604,0.09068147738677872,0.07514635945464138,0.06225963005983732,0.051579793197879996,0.04272607884048616,0.03539487562484267,0.02932432338496674,0.024293024589672474,0.02011481880673726,0.016654818748742254,0.013796927006050931,0.011436632205361627,0.009481009009707612,0.007853903376800957,0.006504460349921731,0.005387754629363377,0.004464138296139472,0.0036993246317437454,0.0030644177664081633,0.0025375748769057276,0.002101611530690707,0.0017412803171222974,0.0014432217411913671,0.001195980254899792,0.0009906298162037199,0.0008204433633720617,0.000679586758355208,0.000563033168591645,0.0004665630670079605,0.00038668246847209766,0.00032043604831043335,0.0002654479880434584,0.00021976112450733084,0.00018183134363714226,0.00015052758046691934,0.00012492371756904117,0.00010369255056645485,8.595397237758798e-05,7.110974537943869e-05,5.881679893257075e-05,4.878913017527304e-05,4.046829993005795e-05,3.353302502253025e-05,2.7750612079845643e-05,2.29702709702727e-05,1.9057542929645585e-05,1.5817514915093563e-05,1.3112235451381688e-05,1.0840279204952836e-05,8.936587920923305e-06,7.372470423082727e-06,6.146864773675052e-06,5.179324226639483e-06,4.352217858068816e-06,3.597052794423627e-06,2.8963790387419275e-06,2.2837894706391712e-06,1.8439198463082332e-06,1.647555729945618e-06,1.5374330693797508e-06,1.3644533301756396e-06,1.0718594239395609e-06,6.951946442261277e-07,3.62302666538284e-07,2.8733716967601327e-07,4.301504396918958e-07,5.250018246883993e-07,4.529046981581947e-07,2.205872176031414e-07,-3.9507675465688124e-08,-7.462073396416865e-08,7.113817881735029e-08,1.6002384689699715e-07,1.2962497418605111e-07,8.018742131634073e-09,-8.622919028329166e-08,-2.2692312043418236e-08,5.645557526291722e-08,7.844088453144101e-08,3.1236132653942355e-08,-4.5975086322548e-08,-6.324814218060314e-08,-3.017402515797671e-08,-1.3300038043816438e-08,-5.245536799894601e-09,overdamped,7.226351035308131
1.0,0.9597843833798165,0.8716506645490014,0.7667947772782566,0.6613516353904398,0.5633375622256128,0.47576328067951,0.3996331585472752,0.3343176120137805,0.279020730619562,0.2323986900351349,0.19333828795255875,0.16072055612793182,0.13349650025852255,0.11085049109535118,0.09202546124371422,0.07637418904599098,0.0633732239527743,0.05258218922949974,0.04362354008409397,0.036194016548092865,0.03003222437961102,0.024917176827226186,0.0206632549082225,0.017135629767139393,0.014217310332148125,0.011803126903894078,0.009799731155496854,0.008130712326315591,0.006744389388485831,0.00559509184110218,0.004642762571689815,0.003853032998808648,0.0031969743743065332,0.0026517211671160702,0.002199543318228871,0.0018249420649910828,0.0015145454653597962,0.0012571049789334959,0.0010433065111268278,0.0008657049082035221,0.0007181340513366764,0.0005955043310731061,0.0004938026473333528,0.0004099636538801737,0.00034049060172001847,0.000282642794647482,0.00023441431097756858,0.0001943419811807843,0.00016131556333342492,0.00013390416096970383,0.00011111385002159118,9.216352847375184e-05,7.64475690910955e-05,6.344617394985601e-05,5.2645900764391985e-05,4.367189802329745e-05,3.62120331108476e-05,3.001612405756712e-05,2.4895939540229963e-05,2.0712113102077103e-05,1.7268298932313214e-05,1.4370093675346588e-05,1.1889917732539163e-05,9.767640888899877e-06,8.010582313084589e-06,6.68098781403216e-06,5.678708929339991e-06,4.815409693862178e-06,3.989822496785336e-06,3.1870071300386878e-06,2.4783507882940683e-06,2.0204355676448793e-06,1.817823274764849e-06,1.6455249595449854e-06,1.3918510894195004e-06,1.0446163826008054e-06,6.911398080795237e-07,5.178318080349871e-07,5.485883915565229e-07,5.652570084429245e-07,4.851199371360643e-07,3.1131194601195917e-07,1.3282029338076328e-07,1.1146581579655848e-07,1.8855768899793257e-07,2.260395043787412e-07,1.786140298994575e-07,6.475944085941102e-08,-3.327068010320174e-08,3.836805728965373e-09,9.75662368175197e-08,1.4333611183971092e-07,1.0255208345324427e-07,-5.927604843244078e-09,-1.057921187101902e-07,-8.317132141680957e-08,-3.882390131110848e-08,-1.8657337645987147e-08,-9.660172226980157e-09,overdamped,7.255444254036234
1.0,0.9600324412254396,0.873025853302853,0.7700775815601991,0.6668580020713578,0.5709723983769945,0.4852487482249463,0.4104684341620154,0.3460801252418007,0.2912412983957286,0.24469769584140472,0.20544709667968897,0.17237742413861343,0.1445503352119381,0.1212055356424177,0.10160933908068581,0.08516153591297104,0.0713742704427874,0.05981453722805848,0.05012607474388235,0.042008784280949715,0.0352067900434134,0.029501494408483403,0.024713333891267546,0.020704705265075417,0.01735288106935005,0.014549327240631741,0.012199703112558205,0.010227402836738675,0.00857283328699337,0.007184167365506253,0.006018991644161604,0.005044145439231772,0.004228116409242151,0.003543678526196592,0.0029695578662241786,0.0024881856841142383,0.0020854129172298663,0.0017478271569401488,0.0014647391855981966,0.0012273523983880466,0.0010283511385050072,0.0008618907185457212,0.0007226142362542784,0.0006057453092446997,0.0005075729682864667,0.00042513853869455726,0.00035623334898435364,0.0002987129531631792,0.00025043761086642017,0.00020985027499367107,0.00017573734743330102,0.00014722863013751612,0.00012348887404682612,0.00010356730033186981,8.678697672282287e-05,7.264078257351285e-05,6.0791408861418606e-05,5.1012474565506445e-05,4.286387508824232e-05,3.5970570020872256e-05,3.0085602693488487e-05,2.5080974222106772e-05,2.0947643508666155e-05,1.7668161563477702e-05,1.4941732539468349e-05,1.2558360914695691e-05,1.0426441738412818e-05,8.57150004940646e-06,7.13560163180431e-06,6.112280540484741e-06,5.238433664927214e-06,4.391583874067313e-06,3.561243151439164e-06,2.848912595175401e-06,2.426350346548277e-06,2.1479425870115038e-06,1.8573043723019302e-06,1.5102895023448724e-06,1.1525484362892756e-06,9.194944769053633e-07,8.582010565381863e-07,8.025845077533898e-07,6.801470964278878e-07,4.919370879421821e-07,3.1254874718034717e-07,2.7737323366043257e-07,3.4004277594943936e-07,3.6080202683333467e-07,2.8358424460142197e-07,1.287446079928306e-07,-6.939783803490042e-09,2.9634236968998494e-08,1.6415497636821448e-07,2.298760399545808e-07,1.6154510966634224e-07,-9.504348370746886e-09,-1.5535308384340435e-07,-1.0645069457509893e-07,-4.769885026676729e-08,overdamped,7.464346321962422
1.0,0.9603495478653449,0.8747673352336331,0.7741924735290788,0.6737367626731342,0.5804557908907784,0.49700331344202986,0.42387414720939276,0.36064517130728824,0.30637661773804836,0.25999389853868393,0.22053516250814592,0.18696216098631202,0.15846404404636957,0.13430235632545848,0.11380365225278291,0.09642125479420602,0.08169848991240876,0.06921994195008468,0.05864686459100454,0.04968852783852989,0.04210018530096855,0.03566582931811213,0.030212689685250607,0.02559437097197835,0.02168380108812607,0.018373231283760637,0.01557350268560346,0.013201182728924045,0.011186864597785489,0.00947691688984693,0.00802998124048801,0.006804306209445574,0.005765255316188947,0.004884544787929524,0.004138431306561919,0.003505816586035689,0.0029699863821404018,0.0025163768857498817,0.002132303297152627,0.0018069585067276186,0.0015312645363989496,0.001297511840988134,0.0010991973639448436,0.0009309983092061724,0.0007887672032014909,0.0006686073505030052,0.000566676993346165,0.00048003026924504124,0.00040640590534429447,0.000344226833312562,0.00029189492487271293,0.000247474635627015,0.00020962163472924183,0.00017739223570790056,0.00015023956671192333,0.00012743942377270136,0.0001080604410288499,9.151244070625803e-05,7.741820556052217e-05,6.559640339498304e-05,5.566831879112085e-05,4.721073441450518e-05,3.995940420066668e-05,3.376864682053186e-05,2.860652622629203e-05,2.4331665156907467e-05,2.0682259568587005e-05,1.7499545584013585e-05,1.4721656961931096e-05,1.2383625097144223e-05,1.0570972573598436e-05,9.104637976099203e-06,7.774765772568949e-06,6.499248884632865e-06,5.322222972764306e-06,4.4140664362847534e-06,3.889253078723251e-06,3.454364786965521e-06,2.9386228490443383e-06,2.3342664680186307e-06,1.7953811271872146e-06,1.5755029338802345e-06,1.4736855796248806e-06,1.2957077141613657e-06,1.0149810958170276e-06,7.392208245689713e-07,6.61505807732403e-07,6.508379306764703e-07,5.814234652363071e-07,4.3747789190823923e-07,2.903818926907113e-07,2.72977512257181e-07,3.15173383160503e-07,3.0610385815527775e-07,2.1622842242622583e-07,8.880657011664889e-08,3.980491640866617e-08,6.56419232550519e-08,7.230869590775251e-08,overdamped,7.7340620393799915
1.0,0.9602700648481952,0.8743325357158034,0.7731694910527678,0.672029803812294,0.5781069049159295,0.4940957152113608,0.42055908715160073,0.35704339779668637,0.3026324957876622,0.2562038782227498,0.21679374021109732,0.1833389753872013,0.1550000493011487,0.13103484093478,0.11075387460168365,0.09359703064208452,0.07910178683438321,0.06684725939613444,0.056490984372426445,0.047739351099839386,0.04034476223054188,0.03408994550911934,0.028801750902913627,0.024335850633634765,0.02056575197260636,0.01738279724076539,0.014696013917264914,0.01242531344621357,0.01050278243265735,0.008874688947422955,0.007499632632281138,0.006338670032564065,0.00535702139022684,0.004527050031960971,0.003825710834171499,0.003232626479377314,0.0027313263318630757,0.0023080494626013604,0.0019507030335980196,0.0016488622978921902,0.0013937606985671147,0.001178072085162881,0.0009955770858081693,0.0008411153670831055,0.0007105857499825895,0.0006006994405452661,0.0005078640401755517,0.00042922541832290484,0.0003625512534305783,0.00030617956766707243,0.00025886756758275155,0.00021894205602737693,0.0001850679593316963,0.00015627197763157,0.00013189977100904358,0.00011153352243517125,9.438612959739265e-05,7.98053012660609e-05,6.73600985886565e-05,5.680520755511548e-05,4.804086961332588e-05,4.070254626879417e-05,3.4440656671392754e-05,2.904954965947571e-05,2.444292347871057e-05,2.064864538786666e-05,1.755461796378032e-05,1.4909895877319021e-05,1.257649701205397e-05,1.0517081696860463e-05,8.794952705917909e-06,7.510215033559215e-06,6.477063441046837e-06,5.520591874860571e-06,4.582287332162565e-06,3.7158282316265406e-06,3.0869576188051714e-06,2.7441414178893714e-06,2.4407205555269044e-06,2.05739715359458e-06,1.6020837256840242e-06,1.209903177101638e-06,1.082330262682993e-06,1.0447990483195496e-06,9.310919905684555e-07,7.103195538939202e-07,4.684001889652386e-07,3.9520928081423894e-07,4.401122676938798e-07,4.339894624357623e-07,3.297609976386033e-07,1.736647674501305e-07,1.0514812410194724e-07,1.793311386586237e-07,2.3320887258986013e-07,1.939358215876456e-07,7.25657776477559e-08,-3.5948170930251294e-08,-8.585170055975317e-09,overdamped,7.666174505511087
1.0,0.9612624096021022,0.8796755550139836,0.7855457873143529,0.6924966128720216,0.6061587743101106,0.5285952522208942,0.45993237104483653,0.3997428515312452,0.34716132010619183,0.3014239964828654,0.2616261660522768,0.22706652356537246,0.19707013638252768,0.17101551215445648,0.14840113080521758,0.12878790750959546,0.11176304305494993,0.09698108865458013,0.08415186386400661,0.07303209058938101,0.06338367662886132,0.0550018463997025,0.04771908312054589,0.041404214381576494,0.035938708421030544,0.03119134409850723,0.027063452063984052,0.02348124508312126,0.020380508928016787,0.01768778376173694,0.015347488672691067,0.013316533041841197,0.011557836407074425,0.010030874823273361,0.008703675070685826,0.007551126250253377,0.006553695696071119,0.005688721187674196,0.004936470214356758,0.004282080878593746,0.003715260732945089,0.00322545174412571,0.00279961666648677,0.00242864209925273,0.0021065862509201247,0.0018287365161707674,0.0015873773175061568,0.0013772612336051294,0.0011948590347748943,0.0010371590216551824,0.0009001675410878904,0.000781035626650531,0.0006776702018784993,0.0005882132007413626,0.0005105195190492905,0.0004429431031749413,0.00038424703089338084,0.00033352842315181516,0.0002895942417868568,0.0002513161549689048,0.00021790970810055914,0.00018892620607144947,0.00016407548103246412,0.00014251329602861713,0.0001236318118462413,0.00010714409477394096,9.300974985584754e-05,8.080873508696359e-05,7.01268951889339e-05,6.077029854615781e-05,5.27230485808227e-05,4.5841354360943336e-05,3.9816841950604226e-05,3.448909175656543e-05,2.9837596876053447e-05,2.5948056230697663e-05,2.2644741485357772e-05,1.967156673853163e-05,1.6945700611062968e-05,1.4558860481346343e-05,1.2721908568200854e-05,1.1221029023005199e-05,9.754049966652078e-06,8.27978641043635e-06,7.015705593832546e-06,6.22660221523201e-06,5.535661210245408e-06,4.756047679218512e-06,3.969560554466166e-06,3.4679024524165927e-06,3.112431541360459e-06,2.70760714475973e-06,2.2656006973672814e-06,1.954871962269041e-06,1.7748313659154102e-06,1.5665430901608117e-06,1.3019499242852498e-06,1.0659731300421134e-06,9.51857843564714e-07,overdamped,8.526451119831604
1.0,0.959771286112741,0.8715777301230992,0.7666198433427809,0.6610579620682991,0.5629289327411897,0.475255309381101,0.3990521373980219,0.3336875197388057,0.2783658129807206,0.23174071173077443,0.19269129762856538,0.16009883024430183,0.13290863782599796,0.11030114085507754,0.09151849802540635,0.0759109100383433,0.06295290609792573,0.052203727261994584,0.043284583052781836,0.03589209245010025,0.02976467625602896,0.024681193582821493,0.020455810940526925,0.016953690099605262,0.014058174768216688,0.011664338954742273,0.009678986967784135,0.008025797409417775,0.006653407582170022,0.005516434797738914,0.004574976303958718,0.003794687734161498,0.003146630709837928,0.0026083308051151966,0.002162287649447984,0.0017931065408573203,0.0014874175456172111,0.0012338732443717383,0.0010232551902341711,0.0008484331556791833,0.0007033970796839588,0.0005830945676634439,0.00048343089147035606,0.00040112895056627337,0.0003328737259815047,0.00027610952232909975,0.00022885213680311792,0.00018960981964079537,0.00015728417798533068,0.0001305016590012452,0.00010824061671418855,8.972334352875187e-05,7.435034414320577e-05,6.167343784773256e-05,5.11791743959715e-05,4.245609544599712e-05,3.518646632401071e-05,2.9126676013479108e-05,2.410723715513456e-05,2.00245515755078e-05,1.6700020094554804e-05,1.3916635393580038e-05,1.1529998607338145e-05,9.468840339947462e-06,7.735020664889917e-06,6.401939510784911e-06,5.436816508485765e-06,4.633632580052757e-06,3.8692541253504e-06,3.1093001172686106e-06,2.4081421017227097e-06,1.908904197653409e-06,1.6993771094309675e-06,1.5529412277023573e-06,1.3409289207169099e-06,1.0324221605711778e-06,6.926960171184925e-07,4.832186579689609e-07,4.994726912950893e-07,5.26873636112041e-07,4.7163699840359915e-07,3.217916305585952e-07,1.452773802942088e-07,8.854091373225363e-08,1.621783791638209e-07,2.153276526903544e-07,1.894221934490322e-07,8.740409789298533e-08,-2.627590020869159e-08,-2.9761861815381104e-08,6.850399512190695e-08,1.4110347961184788e-07,1.287825735031281e-07,3.159423775018803e-08,-9.110158758677878e-08,-1.2063798334182474e-07,-6.23713804119834e-08,-3.149919263205001e-08,-1.6009477059369378e-08,overdamped,7.244464380668076
1.0,0.96245219552673,0.8858766083263074,0.7994576728287992,0.7149316553177953,0.6366038616926308,0.5656467189229633,0.5021463319397987,0.4455237115713694,0.39523169606359343,0.35054550712265653,0.3109169081623962,0.27576112815439807,0.24455931821924126,0.21690126016627953,0.1923807410219587,0.1706157340787023,0.151297902981315,0.13418709697412773,0.11902523354715365,0.10555850313215055,0.09360165027554866,0.08302217573774322,0.0736425346959067,0.06530540134073827,0.057906420128581784,0.05136695465796834,0.045562494143768284,0.04040030760251906,0.035826067377915896,0.031781429322647096,0.02818709891525587,0.02499294944708997,0.02216816955490474,0.019663410912594666,0.01743733595666199,0.015463771482125197,0.013716837110702896,0.012165404816840218,0.010787559884529086,0.009568086249654896,0.00848706857900231,0.007526363934303256,0.006673660309436209,0.005919928163926712,0.005251122887790886,0.004656190404247546,0.004128589778602679,0.0036626726067071425,0.003248697022882714,0.00288038306053093,0.002554547468329001,0.0022661522351211274,0.002009694370112451,0.0017820043833467246,0.0015807549725580647,0.0014020727696169705,0.0012432495421099913,0.0011026257438722,0.0009781243322444493,0.0008674479747840599,0.0007690984830833323,0.0006822056236552387,0.0006052504633543486,0.0005366996650746721,0.0004757209508847168,0.0004220287665865897,0.00037450941681201635,0.0003320426705222758,0.0002942283089354036,0.0002610911572506004,0.0002316907030641678,0.00020536667448834014,0.00018204152450717156,0.00016158268360164365,0.00014332756596029263,0.00012701222681281955,0.00011267319782656407,0.00010001446424126215,8.866993150487665e-05,7.85443316064019e-05,6.972659044078488e-05,6.193664645872844e-05,5.4877185921857144e-05,4.852924916279315e-05,4.3103178282680574e-05,3.838145247703579e-05,3.3993296900894344e-05,2.9948067607340738e-05,2.6594538768300928e-05,2.3750039878468252e-05,2.1022790767932244e-05,1.8474414289584182e-05,1.645881345306226e-05,1.4686867337230857e-05,1.2961797483082912e-05,1.1432479459311519e-05,1.019551809771882e-05,9.04978328845835e-06,8.013638885446462e-06,overdamped,9.603193007426949
1.0,0.960802192435701,0.8772191358362009,0.7799075469095453,0.6832260397346224,0.5934766045026747,0.5130622663933785,0.4421915854332792,0.380527795586386,0.32707722488723573,0.2809972624856437,0.2413189091262227,0.20717530874341084,0.17786618308038338,0.15268635567305966,0.13105277505684593,0.1124894989446692,0.09655655063212325,0.08287714373323463,0.0711321406592513,0.06105335037349593,0.05240936606809282,0.04498829840776601,0.03861187768508886,0.03313100509744227,0.028425751703718735,0.02440362439988123,0.02095645726337368,0.01799012620223181,0.015439595167436352,0.013254109977741176,0.011377546888910916,0.009765642095214445,0.008382096367083092,0.0071946889245040205,0.006175332989046644,0.0053002762887198705,0.004549157747765958,0.003904918584802677,0.0033521575546558474,0.0028773773545076016,0.0024693424128155576,0.0021189227121549063,0.0018189342201781094,0.0015617485032105357,0.00134060296665367,0.0011503325441401713,0.0009871340124951906,0.0008475621240228676,0.0007276450126014388,0.0006244629748246357,0.0005357924625869932,0.00045997148324123624,0.0003949583279574795,0.0003390192727027254,0.0002908511822948876,0.0002495358740795609,0.00021431915647272104,0.0001840871815181577,0.00015798522664268278,0.0001354370362662609,0.00011614123538864111,9.983773326886705e-05,8.583164755707906e-05,7.364225653241458e-05,6.303251853646136e-05,5.400695484712478e-05,4.649812518004144e-05,4.001498491841404e-05,3.4301352815493776e-05,2.92986318119682e-05,2.5134296605585796e-05,2.1685858437053558e-05,1.866250389149066e-05,1.5955094024509267e-05,1.3596101250382947e-05,1.171240047728431e-05,1.0146268443115095e-05,8.727826883579865e-06,7.413219496361839e-06,6.273047469186065e-06,5.443690512626344e-06,4.784550819750312e-06,4.131271802948058e-06,3.4495096225590936e-06,2.8307889365892814e-06,2.468720823403485e-06,2.2710173300294856e-06,2.0098595427641864e-06,1.6244291412327403e-06,1.2182701136003274e-06,1.0458631943774264e-06,1.0547974447516008e-06,9.777466369793306e-07,7.496353615007369e-07,4.855117960871548e-07,4.322547732373664e-07,4.266178269239617e-07,3.763371957092231e-07,3.1931098106614245e-07,overdamped,8.12381739353696
1.0,0.9631903079453757,0.8896072741919567,0.8076515139308327,0.7278898316047315,0.6539546883818432,0.5867001015235294,0.52603095300347,0.47152705907255915,0.42261010880520367,0.37874528879849806,0.339442594156029,0.3041945517126681,0.2726118654026644,0.2443296328624731,0.21896105124831464,0.19620238579367588,0.17583474670143204,0.1575997615215015,0.14122922948370903,0.12655328365459595,0.11343055279153656,0.10165570691678166,0.09108857961555944,0.08163956640885386,0.0731712836531661,0.06556537481178558,0.058754252586545166,0.05266515234836791,0.047196041497427406,0.04228616651452023,0.0379020637238596,0.033970818899916544,0.030438136993975712,0.02727864753065099,0.02445014426000195,0.021909610273383433,0.019634132298378883,0.017598121348194273,0.0157704063720398,0.014131650279124768,0.012666352185014357,0.011351608511653451,0.01017134596564334,0.009116008883375664,0.008170909641705625,0.00732158305999907,0.006560253458944374,0.00588064853249644,0.005270315340340818,0.0047218428337925025,0.004232120340813975,0.003793307725794402,0.003398913559352458,0.0030460588544991524,0.0027302297028124036,0.0024465563400427313,0.002192423337783598,0.001965134810640555,0.0017610588374412342,0.001577935424803278,0.001414369703450387,0.0012676996360948573,0.001135800442549624,0.0010177423637003494,0.0009124402514238939,0.0008176978111178945,0.0007324310357368746,0.0006565318858707072,0.0005885698034052674,0.0005272773595076882,0.00047246761471231085,0.00042358846427345293,0.00037956524881174714,0.0003400630033078655,0.00030487900308830276,0.00027323647221204036,0.000244761036217123,0.00021941477164282746,0.00019672487529341211,0.0001762151159666026,0.00015781366238117666,0.00014158696149959766,0.00012695356052050858,0.00011359696852494637,0.0001017264875871746,9.136424634298754e-05,8.18693637020221e-05,7.317033955717303e-05,6.565822398807817e-05,5.8932586177195715e-05,5.2715437786871966e-05,4.723267987596859e-05,4.241492685003861e-05,3.797512377130188e-05,3.3976555951182966e-05,3.053490760986397e-05,2.7379779011327705e-05,2.4445677893435017e-05,2.1904615997180126e-05,overdamped,10.300324893851847
1.0,0.9611990843293942,0.879339478117511,0.7847793743789299,0.6912422275639187,0.6044449973122292,0.5265018915178672,0.45754140786218334,0.397154142052364,0.3444504638234237,0.2986649310082425,0.25887713783770105,0.22436688946391156,0.1944570980439425,0.1685138458657514,0.14602451807901823,0.12654794474336442,0.10966589836102791,0.09502898136592094,0.08234244063971569,0.07136051501135753,0.061846426236605745,0.05359393972640662,0.046433332199792066,0.04023003061223701,0.034869950925057444,0.030222658687321945,0.02618750735890453,0.022688457084594823,0.019664236294149852,0.017042703085749157,0.0147676770173315,0.012795183886264407,0.01108938474151383,0.00961103645045577,0.008328133317206835,0.007215203675793736,0.0062527336592820525,0.00542003003140119,0.004697208311682894,0.004069083601429853,0.0035247376085500667,0.003055565782352728,0.002648898886207545,0.002295091011555843,0.00198765413058618,0.0017226491664109052,0.0014934058225078743,0.0012941446021193775,0.001121080330130519,0.0009716306700817086,0.0008421824647840956,0.0007297829411737468,0.0006322685710663293,0.0005479856630754507,0.0004749701298365658,0.0004115758689548207,0.0003565386011597472,0.0003089486522314188,0.0002678866333418762,0.000232232868870936,0.00020114822418926373,0.00017409608680892677,0.00015083615998449747,0.00013087659803150294,0.00011347322690422852,9.82287066262093e-05,8.50306980324817e-05,7.377902054065587e-05,6.399282413434415e-05,5.541238170038501e-05,4.7945375021763056e-05,4.159890958370365e-05,3.6122593737333507e-05,3.12974191019929e-05,2.703558465352745e-05,2.3374911682565362e-05,2.0365554314723533e-05,1.7755654329088886e-05,1.535755348272039e-05,1.3150840703076094e-05,1.1282220686475523e-05,9.891781517708828e-06,8.668398907798628e-06,7.470591490240343e-06,6.357155027150182e-06,5.536717851598167e-06,4.881163749606154e-06,4.234628410997955e-06,3.5961311274506725e-06,3.092538875049715e-06,2.7619092354351597e-06,2.439459130597325e-06,2.0664799504168443e-06,1.6961104847699223e-06,1.4781879757295857e-06,1.3519331624460496e-06,1.1854722725984437e-06,9.7192074085732e-07,8.084333373975673e-07,overdamped,8.470629307693915
1.0,0.9629516466346391,0.8884109807856919,0.8050389281172349,0.7237727011965007,0.6484631854738592,0.5800442491718515,0.5184823555650513,0.4633045006437527,0.4139436604317793,0.3698001730835195,0.33037956903878374,0.2951397688609205,0.2636517923226947,0.23554879784104804,0.21043066770585764,0.18796570473154348,0.16790527852127224,0.15001781769866473,0.13401921009678186,0.11970613639383335,0.10694540253540362,0.09554957299113055,0.0853492220173709,0.07623885499382059,0.06811953753762624,0.060854497448301834,0.05435210335334956,0.048559005661870575,0.04338691279628382,0.038753803696795486,0.03461521138648801,0.030929774393026754,0.027631110919938744,0.024679028047866154,0.022049542202828298,0.019699531544984807,0.017595941831572655,0.01571941171882209,0.014044624917657561,0.012545705757091043,0.011206301355846809,0.010012726771225161,0.008945082030411012,0.007989402114199188,0.007137536598694897,0.0063775218487455996,0.005696672378270726,0.005087837671487388,0.004546222921494643,0.004061703444481469,0.0036275797936734812,0.0032407845928965904,0.0028956595921323944,0.002586510753185888,0.0023104123212463966,0.002064374814335847,0.0018441587072317847,0.001647161069734144,0.001471711846421354,0.0013148853808047898,0.0011744009446848587,0.0010490521027440125,0.0009374576131258878,0.0008374578248926082,0.000747815169511362,0.0006681430483115698,0.0005971221728749942,0.0005332926473310105,0.00047617459656729394,0.00042560086019483007,0.0003802725176479361,0.00033953268173151437,0.0003033583799669843,0.0002711147261519858,0.00024212595806098449,0.00021623619685114025,0.0001932872622272905,0.00017267996123255128,0.0001541486090166828,0.0001377439169617935,0.00012316918179895977,0.00010997759589016529,9.809877340585219e-05,8.773547232633291e-05,7.850342890153894e-05,7.00190841647404e-05,6.238945508416146e-05,5.588879030649245e-05,4.999707556802457e-05,4.4518801000001756e-05,3.9750153838284834e-05,3.562763126986408e-05,3.1794544689398045e-05,2.831481098624387e-05,2.5381620276855506e-05,2.2704834424821842e-05,2.0202147689164206e-05,1.8040158315459687e-05,1.6141205972057132e-05,overdamped,10.072326359022862
1.0,0.9604317996636837,0.8752158854017558,0.7752447783110947,0.6754902183038598,0.5828661832045884,0.49998378187225,0.4272724331890881,0.36433668400477764,0.3102155325474818,0.26388306561988895,0.22437714105327455,0.1906875003806704,0.1620303986540949,0.1376711718855775,0.1169531012356328,0.09934345925421893,0.08438995875944928,0.07168389952444516,0.06088998119560154,0.05172080639379823,0.043934552310987855,0.03731667910033876,0.03169391257272616,0.026918118218129946,0.022862123228788948,0.019419716499200705,0.016503282620237477,0.014024890925415676,0.011914618484505722,0.010119327622531992,0.008596866552494115,0.007303232256944634,0.006203716517828526,0.005269537864096815,0.004475960050305169,0.0038015928295402355,0.0032290123171538573,0.0027429302190477177,0.002330184789637142,0.0019796686803197623,0.0016818412274826398,0.0014286177066186805,0.0012132431907228558,0.0010302777150907698,0.0008753913458379268,0.0007439410427489392,0.0006320123771013891,0.0005365762224923941,0.0004554178033234653,0.0003869858180567895,0.0003290094401853678,0.00027955172362384754,0.00023727234188175645,0.00020132723823681413,0.0001711344647254313,0.00014550148216044246,0.0001236009718134043,0.00010488566009817056,8.905369976420421e-05,7.572833727558404e-05,6.437831630113315e-05,5.466030931569631e-05,4.635505679756315e-05,3.9364824622446287e-05,3.352254131905361e-05,2.8538713268382993e-05,2.422220342866772e-05,2.047810749210705e-05,1.7307753884866418e-05,1.4777196513348631e-05,1.2714129519131896e-05,1.0873805763359253e-05,9.14775053521955e-06,7.565829285435127e-06,6.296247626261852e-06,5.469997186090108e-06,4.7666891951114385e-06,4.047307740544829e-06,3.3274731305436732e-06,2.7695927924010725e-06,2.430506177024668e-06,2.118259627100308e-06,1.7813643506098896e-06,1.4483990067159315e-06,1.2240240687476939e-06,1.1083364322424774e-06,9.886777199426894e-07,8.200018101479972e-07,6.202019845241642e-07,4.7011092810303e-07,4.769322790932036e-07,5.36539831842197e-07,5.081380382580264e-07,3.508018306010874e-07,1.2419737117558612e-07,-1.1417947670460508e-08,5.3762935129600996e-08,8.611119802759882e-08,9.076699191230119e-08,overdamped,7.804481633963628
1.0,0.9620543351455974,0.8838280539072834,0.7949028775832963,0.707656408541701,0.6267810699141076,0.5537070693803859,0.48857462723825795,0.43077782754856087,0.3797326320949739,0.3346601615992907,0.2949103162246049,0.25988934230819305,0.22900578567240049,0.20178663603787977,0.17782074088660843,0.1566952628848528,0.13806409014259347,0.12164630519283284,0.10720405060669001,0.09447407649729159,0.08323850053930926,0.07333404851207413,0.06463133365309358,0.056960659625244554,0.05018398450620319,0.044207453827081335,0.03896322731756919,0.03434058817227912,0.030253998617671814,0.026651513243273393,0.023490749239942738,0.020701724896207273,0.01823820237366627,0.01607097556706712,0.014163588691666546,0.012480179067444716,0.010995677423033708,0.009690280545540603,0.008539530087662285,0.007523934393556756,0.006629084722673833,0.005842508165995164,0.005148808022573513,0.0045360485387595986,0.003996007494013361,0.003522218324950978,0.0031043939704771604,0.0027347453466785594,0.002408764136035771,0.0021232772747004753,0.0018713926438028842,0.0016485613619294408,0.001452458652422247,0.0012802278509932024,0.001128127703331326,0.000993861171005598,0.0008758833488738912,0.000771920182412964,0.0006801102784033362,0.0005991823372752001,0.0005281254874311704,0.000465464177921823,0.00041004466849932575,0.00036114456985555444,0.0003183641234609945,0.0002807416046434604,0.0002473135035449544,0.00021763286525782057,0.00019174858759471658,0.00016922575927974716,0.00014914232484991726,0.00013117497195604117,0.00011555102170533,0.00010198295037869282,8.986361784060763e-05,7.906946450315148e-05,6.972882583653211e-05,6.1506372592958e-05,5.4160243292246995e-05,4.766996611265109e-05,4.2075209929747644e-05,3.712280907654301e-05,3.2659690736898025e-05,2.8695371120053243e-05,2.5359057278419528e-05,2.2471764160602948e-05,1.9774934517645533e-05,1.7250137482460653e-05,1.5123818757130429e-05,1.346796318513696e-05,1.1909026797299975e-05,1.039175917316525e-05,9.140524922589256e-06,8.135810751920991e-06,7.169585459405572e-06,6.250328765521741e-06,5.518043006453945e-06,4.880555229104964e-06,4.304687553812276e-06,overdamped,9.236962086717725
1.0,0.9612193409160945,0.8794470464104512,0.7850248492183681,0.6916441984905087,0.6049942778608937,0.5271729901057548,0.4583079329456445,0.3979840705518653,0.34531941744140715,0.2995492391933966,0.259758010190175,0.22523171610782586,0.19529395637273642,0.16931477362774094,0.1467851302133184,0.12726457180295056,0.11033659446207768,0.09565305478529734,0.08292064168491521,0.07189444810300044,0.0623372699045627,0.054043311291112346,0.04684351904938108,0.04060436986876732,0.0352106183262156,0.030531311424074822,0.026466473678937005,0.022940751858213704,0.019892128233697987,0.017247867679146493,0.014952001282251465,0.012960807834601918,0.011238154178720212,0.00974431949524977,0.008447304557876914,0.007321731237264836,0.0063481323000087134,0.005505175957339493,0.004772999249277527,0.004136506772208195,0.003584967755994594,0.003109307314453257,0.0026965640063713234,0.0023372937776694903,0.0020251775142340576,0.0017561440214476087,0.0015230688875281187,0.0013203643045788574,0.0011443212934746454,0.0009922773167195663,0.0008604472321057256,0.0007459188489877316,0.0006465465265019243,0.000560635569698527,0.00048614625792301196,0.0004214332242657114,0.00036523777763281884,0.0003166608647276951,0.0002746995483156912,0.0002382215482379844,0.0002064030245004831,0.00017873294394138715,0.00015498146963034302,0.00013452490319943952,0.00011665662015052742,0.00010101335933319752,8.752084209382196e-05,7.597769786992028e-05,6.591214334391997e-05,5.7084831387708085e-05,4.94280069902347e-05,4.292251421699121e-05,3.727778412005795e-05,3.229426492757646e-05,2.790413882157571e-05,2.4168863646397704e-05,2.107941006791041e-05,1.8359291222551677e-05,1.5853770566610234e-05,1.3577566297356509e-05,1.1714533030531892e-05,1.0288548993432226e-05,8.986451782143632e-06,7.717573605669831e-06,6.586976695214643e-06,5.776589152604459e-06,5.079787320478557e-06,4.38436212257063e-06,3.720658570200491e-06,3.2366922627154404e-06,2.8914018683113854e-06,2.5315661347580223e-06,2.125273317563512e-06,1.7561134755144674e-06,1.5722926964897895e-06,1.4451267677051047e-06,1.2501183558760382e-06,9.96026548633744e-07,8.176170669785395e-07,overdamped,8.488470549496228
1.0,0.9603786355948299,0.874926128224357,0.7745653546975206,0.6743583870772094,0.581310586636883,0.4980606405581441,0.4250796802938454,0.36195481484631187,0.3077383735326858,0.2613731193824284,0.2218973321077152,0.1882824208488238,0.15972742227548337,0.13549520955715588,0.11491823983268169,0.09745476200825802,0.08264985898427503,0.07009035540108949,0.05943876982840806,0.05040551098955117,0.04274686926407288,0.036247358484289345,0.030734113716410025,0.026060074068084676,0.022098070906127674,0.01874082785651787,0.015899807830319156,0.013490081780441998,0.011441938151902187,0.009701872237942086,0.008228361014270541,0.006978768552881463,0.005918455695560409,0.0050189428493978,0.004256169614063723,0.003608895373558164,0.0030601909145435385,0.0025952224133233247,0.002201120084377899,0.0018669685316696461,0.0015835430084818328,0.0013429946483861973,0.001138726136750428,0.000965366775332909,0.0008187340956308811,0.0006946542150649874,0.0005892567952008531,0.000499558365488643,0.00042330467220499197,0.000358952813230323,0.00030467417407601446,0.0002585178285035935,0.00021913342453722454,0.00018560387577660833,0.000157408030485593,0.00013363732862185155,0.00011339007962019738,9.608902989110526e-05,8.138123207874762e-05,6.906315785490802e-05,5.8650245052994914e-05,4.9756641391327707e-05,4.213517596035765e-05,3.565852526607192e-05,3.0282802427598132e-05,2.57737244509721e-05,2.1894746678231954e-05,1.851137114450771e-05,1.5585383496409366e-05,1.3174852788066178e-05,1.1302185223642525e-05,9.721052742534485e-06,8.256210355537246e-06,6.863209173015057e-06,5.628396404901251e-06,4.762666359654066e-06,4.227236715433001e-06,3.7149200657516672e-06,3.0990554412088577e-06,2.427547358046764e-06,1.922865818151039e-06,1.7558897551105103e-06,1.6095183062003376e-06,1.362420791136254e-06,1.0397549595278031e-06,8.077314988746253e-07,7.679282573038339e-07,7.201028374561065e-07,6.011729555188253e-07,4.347821938149243e-07,3.306283675402384e-07,3.506138984005506e-07,3.632999241922479e-07,3.0573075295563115e-07,1.8493603064005622e-07,7.793069523525556e-08,8.540190640688096e-08,9.448593026769118e-08,9.055938487438093e-08,overdamped,7.758946716769658
1.0,0.9632059624899584,0.8896854098206793,0.8078216520598673,0.7281575252380691,0.6543110755810375,0.5871317601131597,0.526520528946483,0.47206041720689257,0.42317260560889847,0.3793263855585151,0.34003185956007664,0.3047839814627068,0.27319592505772883,0.2449026277282745,0.2195183824131705,0.19674140919477362,0.17635448878283078,0.1580972339724746,0.141703025858976,0.12700446616566272,0.11385798177241852,0.10205871158241919,0.09146836355644018,0.08199728130936028,0.07350615912011764,0.0658783320818829,0.0590476417277979,0.05293870156008676,0.04745009866963424,0.0425225855003624,0.038122245478375116,0.034174632156655366,0.03062670851155868,0.027453745471917413,0.02461186252421053,0.022058761636648272,0.01977214263003221,0.017725313065086,0.015887417740591023,0.014239604024549164,0.012765710413350296,0.011442788272984642,0.01025511593085503,0.009193178352010115,0.008241618344228412,0.007386282478472293,0.006619780315804464,0.005935232164287191,0.005320150616974897,0.004767448162651277,0.00427400838485839,0.003831543907789971,0.0034338174357810957,0.003078066554926646,0.0027594368902607,0.0024731862321843217,0.0022168056078612853,0.0019873751648128183,0.001781305379677931,0.001596427280839293,0.0014312718804525824,0.001283061727437539,0.00114976772402903,0.0010305435448987924,0.0009240947080033559,0.0008282507485291521,0.0007420400414938591,0.0006653416611963449,0.0005965497912401824,0.0005345050387077648,0.00047909539188708086,0.0004296020104503488,0.000385006043700283,0.00034503920091053214,0.0003094003287204873,0.0002773223114447268,0.0002484771433684163,0.00022281630510828123,0.0001997933452597711,0.00017898082194993173,0.0001603570807654873,0.00014390981681491145,0.0001290242491588885,0.00011545625864013532,0.00010347322292368653,9.294092890897527e-05,8.32549309527281e-05,7.443536914434492e-05,6.684539296612313e-05,5.9980439155764276e-05,5.364986895008633e-05,4.8116205324352116e-05,4.320177411634197e-05,3.8670028442291796e-05,3.4632584501748634e-05,3.112943276063196e-05,2.789539816392816e-05,2.491071270390684e-05,2.234690981528638e-05,overdamped,10.315368334795906
1.0,0.9611417628140704,0.8790347564549436,0.78408312108206,0.6901010613289199,0.6028851585557529,0.524595259577329,0.4553635908292348,0.3947961145534256,0.3419822742627787,0.2961536203267645,0.25637669320175477,0.22191313866687767,0.19208387154519574,0.16624385795270358,0.14387036205730727,0.12451954143130342,0.10776873892817812,0.09326491874659251,0.0807093519662629,0.06985360314885102,0.060462074841125986,0.052327432076123455,0.04527823643915728,0.039177136055962763,0.0339121581221131,0.029355467954785074,0.025404395228630472,0.021981125609998212,0.01902566023304523,0.016468205333200862,0.01425193658835052,0.012332308090102162,0.010673913061146378,0.009239061841428252,0.007995781639237802,0.006918441170349322,0.005987229188041175,0.005183178535125449,0.00448651513256932,0.0038818668172934286,0.003357860726045723,0.002906473772726044,0.002516310310878008,0.002177753504698749,0.0018841947189913028,0.001630878756243632,0.0014116979114829273,0.0012217153849515788,0.0010571705567576353,0.0009150412524498654,0.000792033782343062,0.0006854303155998838,0.0005930559534502299,0.0005132513969004647,0.0004444037538646721,0.00038472629739730584,0.0003328324242510278,0.0002877604983855541,0.000248971668230276,0.00021568277976591945,0.00018674629343139773,0.00016151124089223637,0.00013969583431141318,0.00012099509536194356,0.00010476100560542954,9.062202990046207e-05,7.838205270212403e-05,6.789627747882277e-05,5.8812911379008406e-05,5.0878063340128074e-05,4.395384991020868e-05,3.801758862467228e-05,3.30277115241486e-05,2.8686161826865618e-05,2.478421808088984e-05,2.1275759572781695e-05,1.827726632759573e-05,1.5928642015517698e-05,1.3893583260387175e-05,1.1994822284256343e-05,1.0269143635563875e-05,8.910625226049652e-06,7.785049643445553e-06,6.741781517222594e-06,5.77399424771983e-06,4.985944271195675e-06,4.38669311661368e-06,3.8333145470025315e-06,3.2738420209400645e-06,2.7495984141607345e-06,2.3916012097127716e-06,2.2068765861338502e-06,1.985797126512818e-06,1.6406287622795683e-06,1.236715944142312e-06,9.924816420875897e-07,9.411216640659594e-07,8.454721001250517e-07,7.367130913391133e-07,overdamped,8.420219014900084
1.0,0.9621053423711741,0.8840921388893399,0.7954920718637852,0.7086012230004584,0.6280597571722193,0.5552615347019483,0.49034365517841483,0.43269792571564414,0.38175046100480264,0.336725364116373,0.29698822307372036,0.2619464430005317,0.2310175035209756,0.20373725342286195,0.17969596753366615,0.15848432563868187,0.13976063414667156,0.12324919062125747,0.10871207968965749,0.09588497649484277,0.08455353601948602,0.07455909815209288,0.06576955753321347,0.058012184869351335,0.05115300421947684,0.04510257346516214,0.03978836821144893,0.03509631000859243,0.030945052454677033,0.027286560004271335,0.024071513186679137,0.02123076191103889,0.01872008310649242,0.016511043072922272,0.01456379078384875,0.012843459631768602,0.011325903155538745,0.00999018895945337,0.008811190771714949,0.007769787448129306,0.0068521074762067395,0.006044368693092241,0.005330981881874911,0.004700382779307408,0.0041449082524239456,0.0036567803759125096,0.003225391185870166,0.0028435131363663576,0.0025072808599207715,0.002212123969480774,0.0019511042897732496,0.001720140658758538,0.001517148163911809,0.0013383468707305745,0.001180242392609198,0.001040727777250694,0.0009180465204906888,0.0008097233790280231,0.0007139865802318973,0.0006296610038179218,0.0005554892756701756,0.0004899352000343165,0.0004319217973661052,0.0003808331102568374,0.0003360988016162296,0.00029653311639416414,0.0002613320444086986,0.00023022332339394782,0.00020322664304560798,0.00017942319448237064,0.0001581150630319049,0.00013921226709459145,0.0001229115814480708,0.00010850478527979616,9.560908457767096e-05,8.426195618186554e-05,7.440806659452733e-05,6.564138596658816e-05,5.782060604144489e-05,5.1002420316353165e-05,4.5059633719731995e-05,3.973832948420277e-05,3.495937476672916e-05,3.081335450030624e-05,2.7310206129331802e-05,2.4138003816620548e-05,2.116533564558471e-05,1.8508689887437684e-05,1.6414962256016397e-05,1.457677054395718e-05,1.2797250886240402e-05,1.1193891528913664e-05,9.952902782007435e-06,8.819754797352175e-06,7.722728590793134e-06,6.778497801903374e-06,6.014113764504589e-06,5.308833906507228e-06,4.6750895518689764e-06,overdamped,9.283554626877766
1.0,0.962628813355293,0.8867775917389603,0.801448899393803,0.718093971584961,0.6408559711964235,0.5708120021886123,0.5080093235908856,0.45190231651826407,0.4019404657424841,0.3574386514041368,0.31787780757433565,0.28268177835091424,0.25136454236788053,0.22353718071539347,0.1987935156011722,0.17676800389725036,0.1571717145714796,0.1397769228554489,0.12431069956494398,0.11053338786100848,0.09827946563642942,0.08741019183764379,0.07773460433676706,0.06911292582373157,0.06145750347696841,0.05466275707774429,0.048607283338522295,0.043213288045551926,0.03843283251171438,0.034181970776661554,0.03039166196192202,0.027022821681069432,0.024035009933494243,0.02137332506099039,0.0190028679784063,0.01690037038939782,0.015030193471491336,0.013363983222658386,0.011883487248750385,0.010569190846041975,0.00939854750457484,0.008356045157781088,0.007431420680672461,0.0066095438947046045,0.005876769903419314,0.0052247372520221914,0.004647242096758838,0.00413306768658071,0.0036744006698634425,0.003267276331886803,0.002906172429285918,0.0025842136829502937,0.0022974889258425067,0.002043436651362988,0.0018173138485210044,0.001615760675925436,0.0014368322278579513,0.0012779620669056983,0.0011363590161045062,0.0010102689813047427,0.0008985726404755447,0.0007992246229408725,0.0007105382198571643,0.0006316383146091568,0.0005619343493230101,0.0004998227639405554,0.00044424171850095866,0.000394908278502957,0.00035140784681075447,0.0003125211421706439,0.00027770686171230314,0.000246992412117117,0.0002197668267283689,0.00019536763642833083,0.00017363592167678887,0.00015451558247824425,0.0001374388562490642,0.0001221225544419992,0.00010858803081904283,9.6675922085767e-05,8.596430947167643e-05,7.631632291872836e-05,6.787585933225925e-05,6.050861787881035e-05,5.3791744821950535e-05,4.7656496171756085e-05,4.238657193703584e-05,3.7860045788573074e-05,3.363886435468501e-05,2.973296743628247e-05,2.650020436553824e-05,2.3675061927742803e-05,2.0987338989222114e-05,1.8574827697773996e-05,1.6616776772136086e-05,1.4804483977457146e-05,1.308203531912415e-05,1.162748768705476e-05,1.0365304663132086e-05,overdamped,9.767872470595474
1.0,0.9622366158859833,0.8847698398704801,0.7970014045160847,0.7110162487873888,0.6313241669542685,0.5592297270177734,0.49485663858150297,0.4375990479081998,0.38690145749082433,0.34200113088045625,0.3023007563063664,0.2672102602258326,0.23617076540106083,0.20873999338184632,0.18451063898078363,0.16308295777338444,0.1441271837833468,0.12738163561744986,0.11260382767543835,0.09953029632922827,0.08795642502131851,0.07773624057096895,0.06872262542962274,0.06074346300156791,0.05367507649555096,0.04743903463613761,0.04194084111008877,0.03706989389407734,0.03275439222538064,0.028952364758735492,0.025595385373031646,0.02262072074297878,0.019989906043767526,0.017671564832206235,0.01562022019392419,0.013804056048337636,0.01220119087574841,0.010785636793226798,0.009532562293104549,0.008424069218003412,0.007446678467252264,0.006582769462173742,0.005817490666435755,0.005140585613052142,0.004544558115596051,0.004017597465317683,0.003550234071761696,0.0031368331992210896,0.002773366862830976,0.002451724704030236,0.0021664009998344992,0.0019145655340316364,0.0016926698843959327,0.0014960947253845188,0.0013220459434410152,0.0011686795084726346,0.00103309219250588,0.0009129813415789693,0.000806845128589962,0.0007133256191744929,0.0006305436111934934,0.0005571437941684598,0.0004923241144180058,0.00043537409747089944,0.0003849178299335824,0.0003400138643335138,0.00030030135158995544,0.00026564317634766074,0.00023494646265934336,0.0002074925025835325,0.00018319302458264636,0.0001620922788133302,0.0001433459192733373,0.00012657803517378518,0.00011184985467027352,9.896194804946961e-05,8.746595954053294e-05,7.722422285696563e-05,6.829701747182805e-05,6.043743947624915e-05,5.338700226726149e-05,4.709394024862457e-05,4.1672690767644884e-05,3.695288146022435e-05,3.264086961396268e-05,2.8692889520335586e-05,2.5318692551914783e-05,2.2511800705309506e-05,1.991579141702087e-05,1.7489233084767045e-05,1.546321392820667e-05,1.3754736516628228e-05,1.2143484457479936e-05,1.0650861383510066e-05,9.456940729424845e-06,8.43393791651912e-06,7.423671976925599e-06,6.462780948808251e-06,5.725278435931858e-06,overdamped,9.40394882715166
1.0,0.9607577728605096,0.8769802278694565,0.7793545814638709,0.6823117235904546,0.5922241260071173,0.5115222673984793,0.4404337449847372,0.37862189368523913,0.3250899056693704,0.27897797469528274,0.2393167794292731,0.20522148209163182,0.1759856579563068,0.1508985304997493,0.12936865738913614,0.11091424627562681,0.09509368425242862,0.08152679034931373,0.06989215511941052,0.05991892831065254,0.05137503310200944,0.044048604114645895,0.037761806868461215,0.03236498458385116,0.02773660524676818,0.023782652924155576,0.020399963994141568,0.017492866645027586,0.014995431407676474,0.012857515332214827,0.01102440046300247,0.00945165023665766,0.008103063428396024,0.006947097418013243,0.005955859970730395,0.005105982351845264,0.004377324953460978,0.003752960996253272,0.0032179687867592817,0.0027590581673355022,0.002365147417004433,0.0020271478238506023,0.0017379355108057056,0.001490491090874585,0.0012780500578192275,0.0010954576079294843,0.0009388354528569528,0.0008051061534146733,0.0006904434860962418,0.0005919094333946026,0.0005072614937513278,0.0004348834827468195,0.0003729986238613173,0.00031984623904964123,0.0002741168548501324,0.0002348612957890584,0.00020142221930519324,0.00017283492820497964,0.0001482114575787037,0.00012694199282083096,0.00010867312020650994,9.32429880777198e-05,8.010334280874937e-05,6.871384487795192e-05,5.8778605944786696e-05,5.0228010775380426e-05,4.313587361627226e-05,3.712190008341282e-05,3.184743637832442e-05,2.718554007703527e-05,2.319789361174688e-05,1.9978561183469077e-05,1.722125659934275e-05,1.4753210898244283e-05,1.2546609206689562e-05,1.0712181693953377e-05,9.276919746562542e-06,8.020780060718057e-06,6.845683052073576e-06,5.766499162632756e-06,4.910518777324461e-06,4.3176005755637775e-06,3.7843131985140797e-06,3.212307666181146e-06,2.6256958281904785e-06,2.1710503637873856e-06,1.9804772385043854e-06,1.8250913503797461e-06,1.556691314718607e-06,1.1854355541875658e-06,8.788105391316602e-07,8.536175394719448e-07,8.727953065645764e-07,7.580055675458136e-07,5.139868678869064e-07,3.1884422827085175e-07,3.3037509539695915e-07,3.1663141441302014e-07,2.838059127443668e-07,overdamped,8.085313726329394
1.0,0.9616872589230389,0.8819152407808535,0.7906160315098896,0.700747130073085,0.6174050996538487,0.5423031865847532,0.47557989305660103,0.41668819604544405,0.36493246106851496,0.319536265519757,0.27972524930565235,0.24488585037376015,0.21436989138555174,0.18763893657366104,0.16425418549185616,0.14378709360339248,0.12586029625408196,0.11015929987628524,0.09642812558932799,0.0844198688146782,0.0738982678585963,0.06467443486723592,0.056604566286718394,0.04956176166577926,0.043391337473117186,0.03797342842477803,0.0332256266460738,0.02909004601319895,0.02546968215306935,0.022292405783548748,0.019511493580904767,0.01708205160898222,0.014953252718739032,0.013087919788989225,0.011457023390191192,0.010029798768254404,0.008779227416404843,0.007683704175016449,0.006726296808619267,0.005889182808651832,0.005155137909755483,0.004510961673000188,0.003947411050558692,0.00345644530274357,0.003026118172492596,0.0026484300024503587,0.00231820038379527,0.0020295700650055865,0.0017765871865676678,0.001554937901697836,0.0013612362883662769,0.0011916875199544687,0.001043065761572933,0.0009128491785445466,0.0007991429272103759,0.0006998027676453848,0.0006126017156381049,0.0005359313573743616,0.00046881428345012526,0.00041057906685525283,0.0003595679908468354,0.00031465664160575384,0.00027532249834404603,0.00024111168673388882,0.00021109643755085956,0.00018472324393313793,0.0001616872187765512,0.00014160621992268042,0.00012397277272410586,0.00010845174037869577,9.487265624395139e-05,8.315378245476261e-05,7.290996501009393e-05,6.378430685342391e-05,5.564564509295635e-05,4.858900761596111e-05,4.2673323041932325e-05,3.7433613743654334e-05,3.268988902942763e-05,2.8542408120741777e-05,2.5065217766567794e-05,2.197436420702724e-05,1.9186274465758988e-05,1.6767468253869416e-05,1.4746376776043684e-05,1.2942622421297685e-05,1.1278556550348828e-05,9.79620142644801e-06,8.634516493936281e-06,7.692375127545099e-06,6.744222706064055e-06,5.752804064504582e-06,4.8783101796951e-06,4.365212116230642e-06,3.9274743688397115e-06,3.3959140339589154e-06,2.8705281567587234e-06,2.5483439112425474e-06,2.2549592479289953e-06,overdamped,8.904678982278751
1.0,0.9610588945254105,0.8785933552051136,0.7830722805091396,0.6884415859166211,0.6006156979912369,0.5218188210472088,0.4521921661790484,0.39136195141897356,0.3383900678572904,0.2924994854331303,0.2527412399836282,0.21834868301860977,0.1886394880047799,0.16295284539465388,0.14075139452483978,0.12158585298322035,0.1050281610160681,0.09071981619424027,0.07835661403070389,0.06768573035095483,0.058473060853738344,0.05051002726665332,0.043623182050606626,0.03767165012130246,0.03254394449961484,0.028118232317625703,0.024288805421682456,0.020975708716887267,0.018119070982901088,0.015653639886477295,0.013521688636077453,0.011678197535673392,0.010087695445125108,0.00871488591390477,0.0075280380030929035,0.0065015425057470795,0.00561504940931323,0.004851446615806459,0.004191742027087513,0.003620416565672786,0.003125623043844935,0.0026991529956080854,0.002332556961430846,0.002015278572999173,0.0017404152649088014,0.0015032210710622447,0.0012987519094526873,0.0011219254970722793,0.0009689854512927398,0.0008370105272322767,0.0007231085070694022,0.0006246356933134608,0.0005394591448808565,0.00046588516418985147,0.0004025595334972816,0.00034791472292325647,0.0003005356026809251,0.0002593797857994067,0.00022377654127815464,0.00019336661375173787,0.00016721993742135362,0.00014446615212250475,0.00012466229316519914,0.00010767922902093172,9.3091747855096e-05,8.042564292865095e-05,6.942114603737073e-05,5.996142767683698e-05,5.1854376105675204e-05,4.4818640168190055e-05,3.867422943617755e-05,3.3336356906226206e-05,2.881379706538117e-05,2.5030256171619246e-05,2.1707462321756827e-05,1.8683315375684705e-05,1.594635738653357e-05,1.363577260067385e-05,1.1895752123731064e-05,1.038543203668103e-05,8.942956900234899e-06,7.618415359328396e-06,6.6075751017785235e-06,5.772840121510444e-06,4.988285279687587e-06,4.256297918462262e-06,3.674355117343254e-06,3.2383143839402406e-06,2.8280788720364547e-06,2.40235244190152e-06,1.998850507728314e-06,1.7333671175442102e-06,1.6363175310313515e-06,1.5063446491988911e-06,1.2422148138725642e-06,8.867579702143706e-07,6.268676667226029e-07,6.143364169973016e-07,5.770028531968415e-07,overdamped,8.347538838275872
1.0,0.9602202026296838,0.8740591893934465,0.7725248812359631,0.6709530582883851,0.576623872936847,0.492258518671614,0.4184642543081827,0.35476724679042976,0.30026695978968987,0.2538110893700272,0.2144328992745813,0.18105502465041684,0.15281887456496288,0.12897974411607338,0.1088382343373762,0.09182584940083018,0.07747565339168153,0.06536375603579403,0.05514515630387671,0.04652461391609039,0.03925272358630187,0.033111661767265016,0.027927487424536573,0.023557315353229538,0.019875222828047604,0.016772249603285064,0.01415636367619104,0.011948940181596687,0.010083460323581633,0.008506311771600251,0.007175775793798926,0.006054932274600809,0.005108755711539315,0.004310099718179124,0.0036362150797543853,0.003067575773950299,0.002587497414511146,0.002182735810360401,0.001841621422558479,0.0015540450742422222,0.0013114546364426916,0.0011067165542021037,0.0009338010826229163,0.0007876718424178445,0.0006642794764261522,0.000560503230326954,0.0004730978440887559,0.00039923019701951294,0.0003367186347019227,0.00028388688278157837,0.0002395328996641351,0.00020224839121901173,0.00017071106254211047,0.0001439572619823096,0.0001212972465437798,0.00010231079415185142,8.644967397060397e-05,7.302461482621092e-05,6.157800673813312e-05,5.182355126826881e-05,4.3646261520953095e-05,3.692567709282566e-05,3.125490408425959e-05,2.6375642509146e-05,2.2154406593787632e-05,1.8581206225389806e-05,1.5725283299747823e-05,1.3381180212736447e-05,1.1339114077526101e-05,9.506503180947763e-06,7.895172794284398e-06,6.620986320850091e-06,5.697167775229225e-06,4.905468352215578e-06,4.135104704616527e-06,3.3777208540472584e-06,2.727388190930809e-06,2.3457035588903585e-06,2.108575925652756e-06,1.8433758927872149e-06,1.4963210332150616e-06,1.1204994034187066e-06,8.758695434416558e-07,8.498197525995595e-07,8.27393726415601e-07,7.053306435579674e-07,4.874821545695785e-07,2.845284992819286e-07,2.784288465088411e-07,3.543822181703883e-07,3.563873011154462e-07,2.4494408114551825e-07,8.047418755695632e-08,2.3007933807371554e-08,1.0242408939719061e-07,1.47772945344956e-07,1.1191361086426598e-07,2.2884822451795442e-08,-1.6095056112701682e-08,overdamped,7.623682690703274
1.0,0.9593630415261446,0.8692854925022496,0.7610913423402877,0.6517536641090877,0.5499096580792838,0.4590709826153282,0.3804812747362795,0.3135860041501689,0.25745848588431947,0.21077746727697633,0.1721412157118074,0.14040621709286902,0.11436942221003911,0.09305980059677299,0.07568816589255006,0.06152572006121121,0.04998794756752292,0.04060405206223135,0.03296887583502676,0.026767846536654028,0.02173784413816075,0.017654093130527276,0.014329314407453612,0.011625623016517189,0.009436653501013356,0.007666394977608701,0.006228901889162723,0.0050550237805514235,0.004101594808596212,0.00332980448197988,0.002704755009912011,0.002195803229283315,0.0017813732785309266,0.0014455970261400002,0.0011739739496873225,0.0009534756272312082,0.0007735793278736537,0.0006275649568952004,0.0005094658475374792,0.0004138587676041463,0.00033593810054470275,0.0002724601673253584,0.00022106463212780698,0.00017955070632759407,0.00014589601846647015,0.00011836830802828016,9.596194472842224e-05,7.785666720122407e-05,6.326916353405196e-05,5.145775081521391e-05,4.175690098097915e-05,3.38193614411316e-05,2.740247893447318e-05,2.225773545198631e-05,1.8135433320986818e-05,1.4784695205124126e-05,1.1986510198098545e-05,9.679224991361415e-06,7.81499777859119e-06,6.335612275554966e-06,5.174567001428234e-06,4.257075278794928e-06,3.5000652336473756e-06,2.8339189711196027e-06,2.2689450839780234e-06,1.8073313329717594e-06,1.4445081537545413e-06,1.1708466382839465e-06,9.716585348214154e-07,8.271962479322406e-07,7.126528384855699e-07,5.982033077909024e-07,4.92621421652283e-07,4.136124968646622e-07,3.502174218381221e-07,2.942261440046342e-07,2.4017766981806324e-07,1.8536006475416434e-07,1.298104533105845e-07,7.631501900685966e-08,3.040900438442072e-08,3.7671100658678084e-10,-2.7485005414313543e-09,3.422033931971962e-08,8.94427114519197e-08,1.1478706925099589e-07,8.984252132986317e-08,2.4364675206523748e-08,-4.1724362695926677e-08,-4.1256748173796406e-08,6.952710725436844e-09,4.295810581144313e-08,4.51773517984179e-08,1.30031941371603e-08,-3.3196790984926565e-08,-5.2080196643835325e-08,-3.046665822457422e-08,-1.718765842468702e-08,-9.626738560656117e-09,overdamped,6.904849405859815
1.0,0.9618039218097099,0.8825254793639484,0.7919875289482062,0.7029643128595133,0.6204184592979298,0.5459698421510206,0.4797609438352538,0.42121907941448683,0.36969017399743465,0.3243937078657512,0.284595771340978,0.24969267232008652,0.21905196785626485,0.19215635898356626,0.16857924852292888,0.14789541540239914,0.12973739095436368,0.11380062831609107,0.09983742778582247,0.08759541123525577,0.07684258875056645,0.06739683843944477,0.05912288083425629,0.051880211084113455,0.045515441232763035,0.03991593827058539,0.035008299479356714,0.030722648726709916,0.02695618124467463,0.023640097255746596,0.02073445081002254,0.018194941625585225,0.0159627906865778,0.01400068265069999,0.012283189421318706,0.0107769755136817,0.009453699274945986,0.0082925337394926,0.00727565560611312,0.006383074060525004,0.0055989463203575205,0.004911093838877586,0.0043092072438815545,0.0037809115986101142,0.0033162306043003215,0.0029080400983243,0.0025514741635562503,0.002238908624961472,0.001963937382445234,0.001722496172609751,0.0015113792821871406,0.0013260094634195976,0.0011630979803470454,0.0010203043643281155,0.0008952447510508442,0.0007853894714040064,0.0006888306040155751,0.0006042171405432748,0.000530276259027606,0.00046530125945483413,0.0004080169096778505,0.0003576634018544597,0.0003138664234876496,0.00027551361022279473,0.0002416498793143361,0.00021184183092075637,0.00018592352726128973,0.00016317705888168628,0.00014310247893472205,0.000125473400886073,0.00011014964946412093,9.668383615346299e-05,8.476670702483525e-05,7.427189142369203e-05,6.521753302440807e-05,5.7342434738088994e-05,5.029820617232744e-05,4.3965173832845406e-05,3.845676936995223e-05,3.386774294697959e-05,2.9785555859233815e-05,2.6049086579299117e-05,2.2769570222209157e-05,2.0062529480691735e-05,1.7642858127783375e-05,1.5420892400918314e-05,1.348161150235331e-05,1.1904979670080691e-05,1.0489311060689878e-05,9.14682928866604e-06,7.937176264167964e-06,7.027687054534167e-06,6.287957673929207e-06,5.505085579365662e-06,4.674739543265909e-06,4.004424308835684e-06,3.5938847635393193e-06,3.1787693261895065e-06,2.7858627405799794e-06,overdamped,9.009716538074349
1.0,0.9623755479037556,0.8854839878602254,0.7985875955824988,0.7135466549146772,0.6347381246733664,0.5633794386514653,0.4995715838129356,0.4427238218372165,0.39228801871691754,0.34752434807644594,0.30786873461502545,0.272734103441871,0.24158728659583678,0.21400731993926847,0.1895878872170656,0.16794035863179885,0.14874850567904707,0.13176504188237492,0.11673811901901042,0.10340949382591488,0.09158645859313856,0.08113358600117612,0.07188361526812452,0.06367264622275182,0.0563890316116293,0.04995805204286637,0.0442627484939556,0.03920341228950239,0.03471926066927508,0.030762580594113242,0.027253093495143994,0.024136581259745063,0.021380882641687044,0.01894311270051819,0.016779568736490395,0.014861691842461156,0.01316687989950578,0.011664392017648476,0.010331190232741084,0.009151429586759548,0.008108084319735207,0.007182336880627239,0.006360830989941709,0.005634879572930677,0.0049927819696679865,0.0044224422962540815,0.003916181298285538,0.0034695808786525755,0.003074223715610208,0.0027227952482859943,0.002411304738404959,0.0021365747785627894,0.0018928085988038443,0.0016763365199533263,0.001485027417207658,0.0013157185021034808,0.0011654041943386295,0.001032165398258282,0.0009145219293873859,0.000810211528682216,0.0007175400465169359,0.0006354888546656896,0.0005631688049138457,0.0004989681705588203,0.00044178634111182954,0.00039116684863674093,0.0003467556848421684,0.00030727666431351223,0.00027198245050181113,0.00024079217097493574,0.0002135014263110249,0.00018916593061179355,0.00016741333851372548,0.00014832001480179994,0.0001314903014456762,0.00011644467663717535,0.00010306423504713327,9.137593309037963e-05,8.099741167829211e-05,7.16844053227374e-05,6.342894978418972e-05,5.629367300838366e-05,4.9937352118391844e-05,4.4145259337037676e-05,3.897163299316819e-05,3.4636166240127504e-05,3.0820914823893674e-05,2.721549559559828e-05,2.3902271893225378e-05,2.125522868688111e-05,1.8976316775581067e-05,1.6740316529585666e-05,1.4673593240550293e-05,1.309794232904777e-05,1.1670665944008576e-05,1.0264425476680405e-05,9.056193237270373e-06,8.057636172031969e-06,7.149158172024978e-06,overdamped,9.53213315991354
1.0,0.9610848631118188,0.8787317904243432,0.7833896003513596,0.6889628646597505,0.6013287259737647,0.5226914564603996,0.453188947126203,0.3924413616883001,0.339518800905349,0.2936476162862488,0.2538831397235518,0.21946787822541308,0.1897205853809195,0.16398535287416155,0.14172940204314707,0.1225053452502868,0.10588670324435315,0.09151671096938266,0.079092845336047,0.06836371135436377,0.05909477557854748,0.0510778082523559,0.0441399317151578,0.03814131262203066,0.03297059496941456,0.028503839952733354,0.024636288350909058,0.021288603333348644,0.018401051754273652,0.015906860355171245,0.013748570836618068,0.01188126929643225,0.010269564367531053,0.008877418363768224,0.007672996993228958,0.006630653905366673,0.00573018687069095,0.004954045071775599,0.004282870414539599,0.003701187851287095,0.00319727700522296,0.0027631128151687115,0.0023892272884380537,0.002065355294484203,0.001784674003345207,0.0015424948013361029,0.0013334821307461335,0.001152593167168319,0.000996061376873531,0.0008609521214118848,0.0007442456605433699,0.0006432704457263602,0.0005558750169710889,0.00048037185990156776,0.00041535808315483567,0.0003591731559776572,0.0003104071646092874,0.00026803852519464104,0.0002314333791542853,0.00020017669971941936,0.00017318172708241794,0.00014966145309616225,0.00012922132900272532,0.0001117279836295981,9.664151482504757e-05,8.352498920132531e-05,7.213562804083073e-05,6.236546147277163e-05,5.396549555629147e-05,4.6657595975628844e-05,4.027257028916786e-05,3.474240965553558e-05,3.008565347115953e-05,2.61447455746324e-05,2.264714311485453e-05,1.9465479553638242e-05,1.6626700338585386e-05,1.4311921779749822e-05,1.2513612129235421e-05,1.0886609831615572e-05,9.340338099117976e-06,7.984086958237886e-06,6.965619738032874e-06,6.072504953326225e-06,5.227336332253716e-06,4.462857790906022e-06,3.886360918486538e-06,3.4235088896048115e-06,2.9691229617757143e-06,2.5050751748231694e-06,2.0964911507588717e-06,1.873679881381635e-06,1.7601813731763512e-06,1.5657392402501023e-06,1.2395946627836072e-06,8.778518018592551e-07,7.200703480498973e-07,6.932899993645669e-07,6.316579229989101e-07,overdamped,8.370289989059343
1.0,0.9600305766648284,0.8730155594960154,0.770053118543076,0.6668170174961329,0.5709157359262843,0.48517840665913126,0.4103881618286089,0.34599293019555244,0.29115071702059586,0.24460637112298267,0.2053570954853771,0.17229063073089673,0.14446780243069346,0.12112805532220633,0.10153743658005752,0.0850954043089518,0.0713138654604123,0.05975973907468138,0.05007663536245504,0.041964417830517575,0.035167155433247374,0.02946623834012632,0.02468204671990249,0.020677018650950403,0.01732846467504132,0.014527865624124281,0.012180872620326189,0.010210882765514896,0.008558374123720666,0.007171550086386475,0.0060080007496739534,0.005034559987090333,0.004219801530751874,0.0035364720141903335,0.002963312573310909,0.0024827668953020967,0.002080719720364046,0.0017437882711441406,0.0014612619793807659,0.0012243529984920984,0.0010257572720611102,0.0008596461597250823,0.0007206840516825739,0.0006040882455972964,0.0005061517216530202,0.00042391791609234223,0.0003551792798273262,0.00029780970846128563,0.00024966543159596344,0.00020919061435390062,0.0001751723010894223,0.00014674041538864004,0.00012307113073305623,0.00010321138160956738,8.648447108342884e-05,7.238322042635116e-05,6.056996787728729e-05,5.082084397534281e-05,4.2699860161962184e-05,3.5831705490408175e-05,2.996910858901913e-05,2.498302468280488e-05,2.0862635593446517e-05,1.7593392515145572e-05,1.4877861498650485e-05,1.2505607379035479e-05,1.03838536558288e-05,8.536010185788132e-06,7.101371005128643e-06,6.082041269045574e-06,5.214586872430319e-06,4.374260144715991e-06,3.5481122620831056e-06,2.834993247459553e-06,2.409260818917971e-06,2.1345821672449993e-06,1.8493142122297574e-06,1.506331203435237e-06,1.148787002391587e-06,9.101150825960955e-07,8.48943620385503e-07,7.967782315014479e-07,6.784054470469437e-07,4.92510623085206e-07,3.116533938027694e-07,2.7167624721129136e-07,3.341670531606241e-07,3.575735272922048e-07,2.839482381101155e-07,1.3149833320145564e-07,-5.4144607636633844e-09,2.6136232315927438e-08,1.596491976073876e-07,2.2769604553340852e-07,1.6327775681415433e-07,-4.913217001806495e-09,-1.5249295353748296e-07,-1.0776197559061965e-07,-4.8528382388937285e-08,overdamped,7.462769315825995
1.0,0.9622918250233584,0.885054011635355,0.7976331248895818,0.7120248945607007,0.6326858062004745,0.5608849162908475,0.49673774318468844,0.43964319910388516,0.38904989627397135,0.3442032975936783,0.3045200283633749,0.2694110903118343,0.23832776271364675,0.2108364923877838,0.18653052680060928,0.1650144095535703,0.14596363858997002,0.12912240973546904,0.11424489913963043,0.10106928036778043,0.08939542940065834,0.07908217156794135,0.06997446298252821,0.061902762167010794,0.05474799144240243,0.048434558139808015,0.042858215662860015,0.037912193090431354,0.033528905874667184,0.029665991104322435,0.026248651922602773,0.023217542337514798,0.020537025301026725,0.018171562156726943,0.016075850173488785,0.014219217039402992,0.0125801108972389,0.01113030242958427,0.009845558995535372,0.00870874666190806,0.007705561685872993,0.006817347086688862,0.006029832631041159,0.005333481502618882,0.004719580759600345,0.004175615549136901,0.003692829105305019,0.00326635224729845,0.002890555790025063,0.002557251557721636,0.0022615166590987854,0.0020008101404946784,0.0017704142043425727,0.001566038003303725,0.001385181418201552,0.001225662175793493,0.0010843454513841935,0.0009590739138005604,0.000848468299309058,0.0007507856168281037,0.0006641548421250779,0.0005873342374419041,0.0005196317071051693,0.0004599220684891066,0.00040684555703214434,0.0003596434150717693,0.0003181384536331115,0.0002816980447885278,0.00024920932578712353,0.00022020667945938537,0.00019480876334965417,0.00017251137514326235,0.00015258291964623596,0.0001348418012644251,0.00011937254097668949,0.00010566953193388514,9.341803164561455e-05,8.259758267655092e-05,7.315922787598208e-05,6.474599394781215e-05,5.7195804904413944e-05,5.055720302947395e-05,4.484775864572609e-05,3.972588836796304e-05,3.5030533579586746e-05,3.086167064368448e-05,2.744115501512699e-05,2.441150243828799e-05,2.149090338848927e-05,1.8797687832045955e-05,1.672499773829071e-05,1.4940068618852138e-05,1.3142423262545066e-05,1.1479330829601867e-05,1.0256994500369161e-05,9.134182623436426e-06,8.00963200321468e-06,7.057316045241487e-06,6.273738425889673e-06,overdamped,9.454792006328068
1.0,0.9616414314311615,0.8816749490120249,0.7900749011459949,0.6998706083197682,0.6162126992661062,0.5408517082359361,0.4739241504852169,0.41489441346099754,0.3630494515410215,0.3176148402340922,0.2778006641982579,0.2429876479929408,0.21252275407050314,0.18585892830166514,0.16255186301268815,0.14217190505106406,0.12433783694099113,0.10873143393506976,0.09509311974861323,0.08317784967051896,0.07274810756520261,0.06361267604435872,0.05562440533657469,0.04865727058588161,0.04255991247374375,0.037216539082186556,0.03254287315787248,0.028466731983046084,0.024898987623438378,0.021772770840787457,0.01903911541680436,0.01665454068536523,0.01456716418875231,0.012737848157975393,0.011138105591232914,0.00974340804338379,0.008522576611515667,0.007452204163328088,0.006515776094555157,0.00569997254854003,0.004985981537874404,0.004359817412133017,0.003811926984930312,0.003334650611799557,0.002916890959812736,0.0025505920127892228,0.0022302359332050195,0.0019509832405305383,0.0017064874311951347,0.0014921642693441236,0.0013048074677753485,0.001141451172357978,0.000998408534684772,0.0008729743132790682,0.0007632861766624635,0.0006677848364253524,0.0005841783946164444,0.0005107634716206831,0.0004464560737410847,0.00039059861885398556,0.0003418000764546223,0.0002988715705979102,0.00026115297865426565,0.0002284279126911134,0.0001999516932565793,0.0001748737809506791,0.00015277749267461578,0.00013360407821331457,0.00011697656224536127,0.0001023218737028857,8.937735928339703e-05,7.813856024094156e-05,6.844740355081527e-05,5.989597315977194e-05,5.2294856665176104e-05,4.5658783394228965e-05,4.003707672674975e-05,3.509826584380245e-05,3.0637097237602856e-05,2.6656518211685962e-05,2.334211730220049e-05,2.0562044897670147e-05,1.8002092752681927e-05,1.559787468705297e-05,1.35340341684376e-05,1.1977764463519862e-05,1.056846183634511e-05,9.158275376169736e-06,7.865063263877691e-06,6.955439604543667e-06,6.1837354953060265e-06,5.374282596925398e-06,4.586770396294767e-06,4.0481054174204925e-06,3.6310401452991914e-06,3.1661649618855786e-06,2.672869002550051e-06,2.3261005941807465e-06,2.06417566685537e-06,overdamped,8.86355988346633
1.0,0.9614194459934012,0.8805064923301994,0.7874341496951298,0.6955792495908036,0.6103663127950999,0.5337290689744468,0.46579491041268056,0.4060903725210746,0.35381326402572055,0.30819827225789254,0.26838452778779875,0.23371165136586022,0.20351097263872395,0.17719212889101116,0.1542794726044533,0.13433824775621897,0.11696879942385226,0.10183618602186104,0.08866239711449311,0.07720724650663878,0.06723045057954921,0.058531886512542056,0.050950950738288814,0.044364116176588655,0.03863621317734079,0.03364100175348245,0.02928440561812277,0.02549789896073926,0.02220507487789334,0.019334077225964426,0.016830789448205333,0.014654682689084443,0.012762178037879414,0.011112159102939143,0.009673096904321327,0.00842165592019154,0.007334661191972692,0.006386951553980825,0.005559637003431669,0.004839264339743626,0.004214823098198894,0.003670740237820905,0.0031954757784285947,0.002781156986208843,0.0024221273955957433,0.002109474666257448,0.0018364821975287821,0.001598557574198472,0.001392161965735054,0.0012123613526136671,0.0010554630914186471,0.0009187886770778405,0.0008001625298934987,0.0006968252562393035,0.0006066323280724128,0.0005280069918968016,0.00045982731964221515,0.0004005528934191241,0.0003487519243245698,0.0003034453781684284,0.0002640875699910116,0.00023015717961265178,0.00020054061626340394,0.00017448902986724795,0.00015167683540733289,0.0001321229619126976,0.00011521991495330408,0.00010032236200865993,8.718410989528432e-05,7.588862328001926e-05,6.619637238988144e-05,5.7661057515096705e-05,5.0116312009957495e-05,4.360749707995833e-05,3.805627359926553e-05,3.316876920500705e-05,2.8817080941436562e-05,2.5020436066670136e-05,2.186101669187967e-05,1.9123989373989246e-05,1.662974249202807e-05,1.4356557381833557e-05,1.2438857237199635e-05,1.0978828823956472e-05,9.674086062503565e-06,8.350788777283923e-06,7.0687774373422e-06,6.116910717492022e-06,5.513649725901823e-06,4.8760010240140174e-06,4.111878815928082e-06,3.418483782291076e-06,3.0828972142262895e-06,2.782481025353175e-06,2.3791489751492503e-06,1.966395610133352e-06,1.743816839842879e-06,1.5445593783788412e-06,1.352415879288402e-06,overdamped,8.66548935122215
1.0,0.9603795849421812,0.8749313077056998,0.7745775107854149,0.6743786470077681,0.5813384408285484,0.49809508748394216,0.4251189560091213,0.3619974808412891,0.3077827405869961,0.2614180621802403,0.22194172509922422,0.18832545826567731,0.1597686154621374,0.13553411337450275,0.1149546020347552,0.09748849120451965,0.08268091747926973,0.07011878096450781,0.059464640668280756,0.0504289432165292,0.042768012783362765,0.036266380344942666,0.030751176153658393,0.026075318495198674,0.022111636682305723,0.018752871054775102,0.015910503798329857,0.013499554982200233,0.011450305358382172,0.009709255207769552,0.008234874201539542,0.006984499010934193,0.00592348997136186,0.005023361464365708,0.004260042167697769,0.0036122875863724186,0.00306316071596396,0.00259781916807529,0.0022033874199443738,0.0018689466860242806,0.0015852670624113413,0.0013444952495220458,0.0011400309477662303,0.0009665020085346269,0.0008197243565420765,0.0006955152143363205,0.0005900033732412744,0.000500204280750977,0.0004238640811866131,0.0003594406602830742,0.000305097592607124,0.00025888375076113746,0.0002194487174759228,0.00018587642840548613,0.00015764603483550582,0.00013384307339604084,0.00011356704340138846,9.624115065877298e-05,8.151328933198241e-05,6.917843606844086e-05,5.874934251940337e-05,4.984131718429896e-05,4.220771785769334e-05,3.572180447834987e-05,3.0338688159572634e-05,2.5821616867227247e-05,2.1935000919122193e-05,1.8545098778461342e-05,1.5614439504521224e-05,1.3201815860390668e-05,1.132660696088213e-05,9.741366022278191e-06,8.27197324191395e-06,6.875248131037014e-06,5.638949514807518e-06,4.774821108386561e-06,4.23850397264751e-06,3.7232978496873653e-06,3.104080148675841e-06,2.430705482796759e-06,1.9280056692481156e-06,1.761923428093019e-06,1.6137757430237312e-06,1.3644038979284132e-06,1.0407249575690976e-06,8.109312680651659e-07,7.713296874311936e-07,7.220948825054529e-07,6.016570970593729e-07,4.3491204373640035e-07,3.327667626049823e-07,3.5303384076949644e-07,3.6450172905943835e-07,3.0542634483176563e-07,1.839667518880395e-07,7.818516047442083e-08,8.672771469037517e-08,9.533111810361953e-08,9.109195268589557e-08,overdamped,7.75975922728097
1.0,0.9625125601585217,0.8861851327138496,0.8001403873399285,0.7160170070112015,0.6380644897410935,0.5674213569316594,0.5041610777614325,0.44771520262385334,0.397536194941024,0.35291209695798464,0.3133058338721614,0.2781349756120857,0.2468919492731629,0.21917440147874034,0.19457610233715367,0.17272046386568488,0.1533055865550893,0.13609630693325897,0.1208293916240665,0.10725527467292613,0.09519503346734264,0.0845163754364396,0.07503508474577392,0.06659964269818304,0.0591117702944021,0.0524857951410631,0.04659536694768222,0.04135300923020446,0.036708382403399784,0.032593691195647354,0.028932359529169893,0.025677705244743734,0.022798015447589144,0.020239994079629904,0.017964519711623144,0.01594710508236359,0.014158509327168818,0.01256811081988592,0.011155075499440805,0.009903834013225457,0.008792590651984632,0.007804055619009398,0.006926896217175415,0.006150498560014839,0.005460151572086774,0.004845686812894306,0.004301394218804876,0.0038194512111882116,0.0033904208494176607,0.0030087555233029406,0.0026713460623227175,0.0023717819428531357,0.002105087393463107,0.0018685561940369165,0.0016590828069104522,0.0014727614443388035,0.0013071131244477446,0.0011605081470283567,0.0010303504268754141,0.0009144947487721093,0.0008116372360723132,0.0007207329200817846,0.0006399030118253365,0.0005678283642737585,0.0005039106273860637,0.0004475865533954282,0.00039740712234760076,0.00035254043382180415,0.0003128657349211313,0.00027794772670982384,0.00024674347545376225,0.00021885286461609843,0.0001943376356499747,0.0001726192995570108,0.00015317342670817633,0.0001358965929269632,0.00012073780524410403,0.00010721188297107656,9.508286584214323e-05,8.43835103600098e-05,7.502583171231334e-05,6.661507843186126e-05,5.9007682934526414e-05,5.234084705264419e-05,4.662739832636722e-05,4.1426684962748724e-05,3.6604991119271476e-05,3.241002785940343e-05,2.894860075767534e-05,2.5735380486424065e-05,2.2681028769896156e-05,2.011268274211837e-05,1.7981223103764402e-05,1.5945670198923807e-05,1.4048959240541726e-05,1.2535932805234645e-05,1.1186073462120204e-05,9.873736883405343e-06,8.715088898248425e-06,overdamped,9.659329585740249
1.0,0.9622190155238901,0.8846791419424146,0.7967996303732929,0.7106938288921303,0.6308886898532116,0.558700371898114,0.4942548633634353,0.4369452759321961,0.3862143341340252,0.34129703707236103,0.30159140738815743,0.26650704335610764,0.2354818523243362,0.2080707105903641,0.18386608400189575,0.16246689530607317,0.14354173173749502,0.12682701159332024,0.11208118849654126,0.09904039720097264,0.0874986536235104,0.07730833750291419,0.0683247578555997,0.060375198238956915,0.053334565339657886,0.047123224905254356,0.04164987900262538,0.03680290116434026,0.03250919107192735,0.028726472827302167,0.02538865802999162,0.022431986251308586,0.01981712625492256,0.017513645708659056,0.01547637593752885,0.013673105204215066,0.012081735875018495,0.010677018421400591,0.009433981393692576,0.008334516064863313,0.007365244743975229,0.006509002981952536,0.00575076945503512,0.00508008034645651,0.004489622237492825,0.003968006144689207,0.0035055335602372437,0.0030963338654103408,0.002736663686226785,0.0024186802569498254,0.0021366621886279116,0.001887617560010669,0.0016683765242231311,0.0014742513802781276,0.0013023680328256289,0.0011509112511945796,0.0010171138032662426,0.0008986260426020168,0.0007938982919841412,0.0007016684957758738,0.0006200870859569391,0.000547766373870773,0.0004838596987129266,0.00042774724187771943,0.00037810464977994647,0.0003339323670220294,0.0002948065286941592,0.00026066224739314134,0.00023051647113046851,0.00020356270096292216,0.00017963159671093037,0.0001588651331638943,0.00014048345658020225,0.00012403520493248755,0.00010953230905248043,9.688829402698804e-05,8.562862584310591e-05,7.558158262865509e-05,6.680028249018882e-05,5.910582786299627e-05,5.221424603234491e-05,4.604399537664011e-05,4.069739899515694e-05,3.6089559397915745e-05,3.190159651662156e-05,2.8044316140788493e-05,2.4683968017293674e-05,2.1941860926263502e-05,1.943993173033498e-05,1.707815264903461e-05,1.5052696688254819e-05,1.3393904924896536e-05,1.1845061926811509e-05,1.0386750043553274e-05,9.189173039255337e-06,8.203956364824586e-06,7.2426304441634975e-06,6.303962745507433e-06,5.557027040403701e-06,overdamped,9.387766498536518
1.0,0.9618564885782164,0.8827997462831122,0.7926027091795163,0.7039567820026293,0.621765946467485,0.547608903055719,0.48162912824698045,0.42324424804070915,0.37181731670544,0.3265667236695381,0.2867768020786124,0.25184674866427575,0.22115227033699594,0.19418537851466164,0.17052402614149734,0.14974485901669865,0.13148489822965387,0.11544429407813912,0.1013784948225384,0.0890325037991233,0.0781767617998251,0.06863260076128282,0.06026786055443595,0.05293514702536997,0.046483183499765275,0.0408028932870868,0.03582484465782433,0.031469208182196805,0.027635488377603625,0.02425808689843132,0.021299757647469178,0.018708583315386697,0.016428134436207064,0.014422625514601214,0.012666234351058457,0.011123455428904519,0.009766676946860009,0.008575667575056848,0.007531360739176994,0.006613542649239752,0.00580649745811119,0.005098395542755617,0.004477952235617252,0.003932462679392582,0.0034521956845604456,0.0030304308844481894,0.002661755566720687,0.0023377145534990147,0.0020523783575037945,0.0018020184254055529,0.0015826876265756995,0.0013898074959788924,0.001220183800902181,0.001071520987296213,0.0009410729446775888,0.0008263180448258571,0.0007253980371903549,0.0006370244673313353,0.0005596051638196853,0.000491405730644126,0.0004312463856647489,0.0003785037683433139,0.00033257643446973624,0.000292130058112902,0.00025638920269738436,0.0002250695938334488,0.00019775243629083222,0.0001736725011959408,0.00015241756452583424,0.00013383648571948755,0.00011761275634327773,0.0001032866541961494,9.060664171908935e-05,7.951855011050925e-05,6.99549427761079e-05,6.150425127603187e-05,5.391269634762043e-05,4.716974986357868e-05,4.14624111232559e-05,3.653464869003715e-05,3.206494566063202e-05,2.803640995529183e-05,2.4650528468542733e-05,2.1727007559182745e-05,1.9060919986171683e-05,1.665755841943792e-05,1.4663421126138564e-05,1.2954101325159477e-05,1.1361529286648162e-05,9.881815692642146e-06,8.665793928126633e-06,7.740235717838366e-06,6.845417265598552e-06,5.8973019889872155e-06,5.030165016513685e-06,4.486290025579387e-06,4.0120085324629254e-06,3.4900222761272586e-06,3.0251296862190634e-06,overdamped,9.057216269823156
1.0,0.9624975737398559,0.8861085935888094,0.7999711013043909,0.715747994789971,0.6377025826001502,0.5669816761021401,0.503661950284006,0.4471722439059582,0.39696519792084906,0.35232559617374837,0.3127137043472996,0.2775464605740185,0.24631349517298978,0.21861055492516188,0.19403141722112588,0.17219812443157992,0.1528071604542382,0.13562218477602003,0.12038125030302159,0.10683367741778696,0.09479893232065367,0.0841448690307904,0.07468877102139047,0.06627764156854093,0.05881166542147474,0.05220727806828172,0.04633818463970981,0.041115651444373846,0.03648848687563525,0.032391232747387165,0.028746542638143337,0.025506843541399774,0.022640845583932576,0.02009608694698986,0.017832881705306388,0.01582636392508402,0.014048156980962007,0.012467463197301049,0.011063158547016042,0.00981985635373715,0.008716160086471308,0.007734553577874213,0.006863450036137817,0.0060927582617418055,0.005407796325722963,0.004798187381233443,0.004258056693387996,0.0037801421526996136,0.003354876858033193,0.0029765230714971706,0.0026420217000132124,0.0023452620368982226,0.002081124942184876,0.0018467957976730143,0.0016393939231027406,0.001454988804733621,0.0012910415579357906,0.0011459409218977786,0.0010172072629873893,0.0009026489999639569,0.0008009101371769631,0.0007110260772377487,0.0006311740996067107,0.0005599792774128395,0.0004967831465015879,0.0004411410530910632,0.000391635496203946,0.0003473642484593294,0.00030814207959100834,0.0002736928808023361,0.0002429449753654794,0.00021543911409823205,0.00019122591719822286,0.00016983087107220806,0.000150683798755043,0.0001336388692103358,0.00011869644193755884,0.00010539219984731347,9.345738584240415e-05,8.289440866713153e-05,7.36852578155865e-05,6.543371501102182e-05,5.795828701556804e-05,5.1358393548082135e-05,4.5737661464958314e-05,4.0662913111648655e-05,3.5941080730287466e-05,3.1761954412484445e-05,2.835558969971284e-05,2.5241644668212284e-05,2.2258391501046743e-05,1.9680330945146014e-05,1.759955211424978e-05,1.563194908804102e-05,1.376605494303633e-05,1.224968073174879e-05,1.0931217395332209e-05,9.66767583971015e-06,8.541333508162774e-06,overdamped,9.645378588663128
1.0,0.9619138430836748,0.8830984926732928,0.7932719673292437,0.7050350565075916,0.6232289361029867,0.5493881394080689,0.4836564548747938,0.425442466034625,0.3741265703864664,0.32892671250866834,0.28914683528176327,0.25418872756936867,0.22343728297959303,0.19639466425278498,0.172643040877638,0.15176146806446103,0.13339187335638195,0.11723968868991934,0.10306324194099228,0.09060474800981899,0.07963764319284222,0.06998732545392591,0.061524147685598066,0.0540932674455034,0.04754653824994864,0.041778993092398256,0.03672421395460636,0.03229168062799513,0.028384512578565155,0.02494079788404785,0.02192468579666569,0.01927668179863794,0.016943295519361665,0.014890667046325018,0.013091273405432112,0.011508198524530515,0.010114602722050545,0.008890819644682578,0.007816175496903492,0.006870446460265494,0.006038148752762616,0.005307745575433752,0.004666605205731634,0.004102000098397502,0.003604531195627383,0.0031679853810362008,0.002785516168095454,0.0024486530127117686,0.0021518601553440313,0.0018916006635580622,0.0016630328579830354,0.0014617464286613019,0.0012846777906843077,0.0011294286858012737,0.0009929076353229372,0.0008726491662890495,0.0007668825182732676,0.000674279220646252,0.0005928873168359431,0.0005210454457409671,0.0004577040510384632,0.00040235814208522673,0.00035387967557220173,0.0003110469361787098,0.00027324205269420976,0.00024024321711001864,0.00021127384892705972,0.000185673590612582,0.00016312068964847553,0.00014345874890547787,0.00012617078452282875,0.00011085825330414909,9.734431271141942e-05,8.562589387219516e-05,7.539403319007415e-05,6.625796448219883e-05,5.807998131392674e-05,5.097749177334357e-05,4.494875280511701e-05,3.956065237205214e-05,3.467229044984798e-05,3.0423628033122893e-05,2.6840358734174087e-05,2.362054943092091e-05,2.068735468046287e-05,1.8157566253448217e-05,1.6050757901428042e-05,1.4137793295688403e-05,1.234878991885473e-05,1.0783599469290456e-05,9.585619692008363e-06,8.517999739758768e-06,7.421549667646111e-06,6.363271164132757e-06,5.616608088453317e-06,5.114748136385782e-06,4.514048493482041e-06,3.784953065906159e-06,3.2250359880463837e-06,overdamped,9.109164897708107
1.0,0.9606490468268226,0.8763939761531504,0.7779941235825741,0.6800585852286475,0.5891360725367317,0.5077207793843675,0.4360960637232232,0.3739164893993405,0.3201865963082889,0.27399801330735984,0.23438290102013587,0.2004128844767792,0.17136172574455175,0.14650793349943209,0.1252388158057607,0.10705702383906565,0.0915171994769732,0.07823044320945646,0.06687017891057978,0.05715945400368714,0.0488636116960433,0.04177060105017401,0.035704016765100405,0.03051364613609169,0.026074913021092615,0.022288877840723302,0.019063275189711452,0.016300476639358463,0.013932961803511492,0.011910401789758676,0.010182584442706111,0.008704603003194625,0.007440593672652772,0.006360398626949079,0.00543676158802996,0.004647254176837813,0.003972435879342309,0.0033957109921693776,0.0029030581624052516,0.002481868000495744,0.002121499383112843,0.0018130814025691872,0.0015494815088759777,0.0013249268081902453,0.0011330878261872194,0.0009686269132001216,0.0008274761066871995,0.0007067904964367214,0.0006045028642585002,0.0005171524472064998,0.00044208606315973185,0.0003775475209553324,0.0003225832579274495,0.0002759653571594332,0.00023599980368285616,0.00020166489626171288,0.00017230063576006166,0.00014736271139831428,0.00012602368829371958,0.00010770944551537911,9.200804599664468e-05,7.865714004224766e-05,6.73123828538552e-05,5.757996376454225e-05,4.9181392275882366e-05,4.194625309950919e-05,3.581220615711655e-05,3.070699419938999e-05,2.6336890691578137e-05,2.250103617949036e-05,1.9124134903260155e-05,1.625623165931039e-05,1.3983411260145776e-05,1.207059209095345e-05,1.0331103810075096e-05,8.718761730732747e-06,7.323955398633088e-06,6.322092163455527e-06,5.5407365424396575e-06,4.775439450037716e-06,3.980080771107351e-06,3.2557598394568175e-06,2.817171233307169e-06,2.539672487557057e-06,2.21829409021186e-06,1.8108712567316514e-06,1.4171024316277026e-06,1.2434048352627576e-06,1.1764416309835233e-06,1.0436441953007373e-06,8.159628348068105e-07,5.874383148966804e-07,5.391184779727239e-07,5.669010396705964e-07,5.193265437950566e-07,3.700130758556373e-07,2.0480758637400769e-07,1.8531346374092407e-07,1.8916571881703707e-07,overdamped,7.991314696311073
1.0,0.9594567935364859,0.8698150906266306,0.7623729396238124,0.6539164677089584,0.5529468994085559,0.4628471250541927,0.38482404283632,0.3182827273058063,0.26234318576985804,0.2156693720683831,0.17692455301847076,0.1449805691445697,0.11866248544165803,0.09703704743138619,0.07932561639467761,0.06481680579192975,0.052939231867983244,0.043231100631010405,0.035291884875274925,0.02881078970332624,0.023524524805996497,0.01920867187885856,0.01567589398214784,0.012788599550689905,0.010438279656067334,0.008526784159195788,0.006966245002844471,0.005685163260872825,0.004638584509097175,0.003786408425888967,0.0030925347253576963,0.0025250223596889926,0.0020600042523426297,0.0016808238922773006,0.0013723595262895578,0.0011209647099216517,0.0009148437208617618,0.0007462643509363758,0.0006090171607468476,0.000497391018735264,0.00040621954067604905,0.00033138067390602716,0.0002702935538527663,0.000220635101092598,0.0001802622303581233,0.00014721522506558582,0.00012005001146231165,9.78889997181918e-05,7.99070544107356e-05,6.532289376050955e-05,5.3399089631136926e-05,4.3539579071117606e-05,3.5462556303133245e-05,2.8911774164393668e-05,2.3631060081903924e-05,1.9364725903986653e-05,1.585756790028182e-05,1.2915876260904854e-05,1.0490260709577173e-05,8.524991065100075e-06,6.956930226205447e-06,5.715670372752061e-06,4.72353296572554e-06,3.895568747238432e-06,3.169924213676933e-06,2.5584354461158834e-06,2.0575552787619843e-06,1.6594149788669175e-06,1.3525297590694815e-06,1.121798777395565e-06,9.485051372581606e-07,8.103158874573544e-07,6.812866497694409e-07,5.866555204616476e-07,5.369952623422201e-07,4.945714520829545e-07,4.3478479467048185e-07,3.461711234062662e-07,2.304013999066065e-07,1.0228171410263086e-07,-1.0246715759690587e-08,-6.610754311956414e-08,-1.879329789969521e-08,7.491844642263285e-08,1.281041676790215e-07,1.048341364378805e-07,1.7166619241187912e-08,-7.485212139551714e-08,-6.874590306799654e-08,3.456660179363316e-09,5.412026579833551e-08,5.328199872525082e-08,3.6793944898958013e-09,-5.924956078448738e-08,-6.784495801887461e-08,-3.60607352773638e-08,-1.8333548743289125e-08,-1.2516970957313728e-08,-9.621077513635438e-09,overdamped,6.982357502332742
1.0,0.962702803224482,0.8871534885366607,0.802277378600568,0.719406904941724,0.6426180805631765,0.5729516110010753,0.5104370433481088,0.4545445990935152,0.4047206959058698,0.36029859771944706,0.3207681551880618,0.2855587266067677,0.2541977832746032,0.22630361938183763,0.20147039666671246,0.17933996432538343,0.1596320536294555,0.14212174394994134,0.126530731985108,0.11262673015818636,0.10025347222960945,0.08926263116402798,0.07946460449317344,0.07072685925047945,0.06296574695734915,0.05606312961570792,0.049903338851642894,0.04441522420283758,0.039547214434462866,0.03520900461107997,0.03133706318741321,0.027896452230413392,0.024838511422740246,0.022110285620009443,0.019679948514456584,0.017522321062968995,0.015599372535093619,0.013884643623338022,0.012360999155491702,0.011005453963507992,0.009796366874102803,0.008719577453218198,0.007763789686164347,0.006911999100866401,0.006151832853316325,0.005476157574493163,0.004876206095701835,0.004340754589465086,0.0038630672856994324,0.0034394894957551075,0.0030624245112558556,0.0027257370812716107,0.002426281828884689,0.0021603839523033795,0.0019231688010678991,0.0017117012778712507,0.001524038658111651,0.0013568712524099581,0.0012076859772989696,0.0010750340602140322,0.0009572767889988716,0.0008521789261758939,0.0007583478200338843,0.0006751549669545527,0.0006012813298762905,0.0005351814598685015,0.00047614559629758203,0.0004240260603078726,0.0003776377367115383,0.00033603126223930285,0.000299008453331471,0.0002663549631069778,0.000237137601045475,0.00021096620277027573,0.00018785571047982028,0.00016732214295142296,0.00014889358138762293,0.00013246825369974484,0.00011803298565003582,0.00010511896989374002,9.34744314203341e-05,8.315644542906618e-05,7.41736873444412e-05,6.606639963049263e-05,5.866030679681687e-05,5.215514562461454e-05,4.6604112883368875e-05,4.151159869477514e-05,3.6778027663037625e-05,3.2732111443058365e-05,2.92778750466889e-05,2.603245267299575e-05,2.3051089143539488e-05,2.0603202688692625e-05,1.839735766695048e-05,1.630423324984791e-05,1.4484279048097145e-05,1.292689553959974e-05,1.1516688258662268e-05,overdamped,9.837253845369965
1.0,0.9593532450677046,0.8692300702020784,0.7609569927440671,0.6515267648483754,0.5495906393795423,0.45867429660197934,0.38002475264634783,0.3130923804559959,0.25694514155646886,0.21026357498127962,0.17163923001696774,0.13992642764916363,0.1139196135499414,0.09264367786377276,0.0753080614681884,0.06118233013443462,0.049680538658168544,0.04033090391730581,0.0327278196070041,0.02655627523230443,0.02155319282633678,0.01749378264442757,0.014190772243587528,0.011506257573796152,0.00933409764278488,0.007578515104265795,0.006153778129861662,0.0049909933148161246,0.004047176463572984,0.003283654543163214,0.0026656606994185624,0.002162704879421757,0.001753443963408988,0.0014220848425984338,0.0011541956603859749,0.0009368164206349637,0.0007595803196239525,0.0006158396536093226,0.0004996591269300271,0.0004056479559188873,0.00032905114877900243,0.0002667086748767555,0.0002162749486006047,0.00017556323223831395,0.00014256487416921694,0.00011558351306756082,9.364681414872847e-05,7.593822445574832e-05,6.167933556233534e-05,5.0133063857282515e-05,4.064844553656439e-05,3.289930434940974e-05,2.6643344830370244e-05,2.1633109305092627e-05,1.76197707599249e-05,1.4353132841916588e-05,1.1623850132637483e-05,9.378555107604547e-06,7.568406806657402e-06,6.134996942608713e-06,5.011542527034848e-06,4.122885870275902e-06,3.385494581435662e-06,2.735639766835093e-06,2.1867585680322936e-06,1.7400063798616341e-06,1.390575666608079e-06,1.1285318830464987e-06,9.388134744416919e-07,8.012318765483692e-07,6.904715156111581e-07,5.766717097783764e-07,4.7312438470319247e-07,3.928538133407814e-07,3.2743410586725943e-07,2.7052418981686123e-07,2.178678100819432e-07,1.672935289129814e-07,1.1871472591857268e-07,7.412959806543188e-08,3.762115967839733e-08,1.5357242440424417e-08,1.5590495392590392e-08,4.9874265697704733e-08,9.777195912963791e-08,1.1626012604947094e-07,8.812361875397875e-08,2.3349511392695575e-08,-4.087290003207909e-08,-4.207577654835868e-08,7.167683282016685e-09,4.639945940046867e-08,5.14470320961095e-08,1.9468821945040456e-08,-3.104581018964706e-08,-6.02765631578723e-08,-3.86049064420114e-08,-2.2243609686841145e-08,-1.273731478761003e-08,overdamped,6.896767100345766
1.0,0.9629115852555276,0.8882092375110904,0.804596930857114,0.7230749599805433,0.6475305211716011,0.5789130502203949,0.517199383001755,0.4619072627625177,0.4124719264945387,0.3682826507999928,0.3288434939292266,0.2936070691137924,0.262137474988411,0.2340665734957111,0.20899264810629042,0.18657961693970676,0.16657348392006024,0.14874579197208165,0.1328115041220636,0.11856235896540775,0.10586294267764614,0.09453175908898202,0.08439500949858281,0.07534259065268398,0.06728172181818486,0.06007477780872819,0.05362638995030592,0.04788202706025611,0.04275946659134438,0.03817371219503643,0.034076815286168564,0.030431748437577604,0.02717225343857508,0.02425592038133917,0.021658711229381473,0.019340216988407048,0.0172658635144268,0.015415308537788785,0.013765567987718177,0.01229008775760122,0.010971543287569488,0.009797388299426854,0.00874829811057794,0.0078095025761561795,0.006972382354981555,0.006226692041718706,0.00555927528060331,0.004962223309754356,0.004431234673557065,0.00395705455702143,0.0035323380748048254,0.00315362943225044,0.002816322870993699,0.002514421377525306,0.002244613257305679,0.0020044743242639755,0.001789779074281346,0.0015976992076347297,0.0014266135886588202,0.0012739760147045815,0.0011373131395662351,0.001015225270430483,0.0009067159712149518,0.00080966828739527,0.0007226369760164852,0.0006451180965764575,0.0005762762511174808,0.0005145073642354825,0.0004591002430889051,0.00041002229301433866,0.000366230156241754,0.00032686001208951824,0.00029177214923356115,0.00026064705323901896,0.00023270442412834846,0.0002076573514082056,0.00018549305992277823,0.0001656799001965388,0.00014783822409483857,0.0001319438811911172,0.00011794010710675229,0.00010532393092945517,9.389183174491887e-05,8.380939155346876e-05,7.500016124929832e-05,6.695100170030391e-05,5.9584445546327565e-05,5.3240735968208094e-05,4.767812616939224e-05,4.2497438895484405e-05,3.7814965836707664e-05,3.3880812051451616e-05,3.0286626002140876e-05,2.6942761712877113e-05,2.4078488927088366e-05,2.1574924628987552e-05,1.9220881268564534e-05,1.7089910796849882e-05,1.529440218781919e-05,overdamped,10.034300482564635
1.0,0.9602069734596232,0.873986592097282,0.7723534871297518,0.670666622803576,0.576229167340398,0.491769379773752,0.4179064845257506,0.3541611951705203,0.2996371713235684,0.25317428345889575,0.2138047566941138,0.18044763247746282,0.15223913767862646,0.12843382781381288,0.10832969089809907,0.09135601686125641,0.07704461002081325,0.06497082982933991,0.05478897405591046,0.0462033934293394,0.03896419894730113,0.03285346731296482,0.02769696670718893,0.02335220926387228,0.01969344695011781,0.016611671566232427,0.014014594519053594,0.011823898919765614,0.009973484855420158,0.00840979503591411,0.007090998636485821,0.005980735669677963,0.0050439009364775,0.004253483771833189,0.003586812995505411,0.0030245939090463433,0.0025500971958639564,0.002150187041781902,0.001813310193582657,0.0015294495145314348,0.0012901213646886547,0.0010882392503420166,0.0009178202269821748,0.0007738634904766316,0.0006523365933188142,0.0005501432194318158,0.0004641444787217996,0.00039151021320423153,0.0003300758029965319,0.0002781657981149988,0.00023457737050973316,0.0001979718765558337,0.00016703407214494446,0.0001408059073931795,0.00011859218417922248,9.996018567041081e-05,8.442455344918191e-05,7.129483071372982e-05,6.010696946030605e-05,5.056478585031056e-05,4.253996021029122e-05,3.59611303270924e-05,3.0440226130109795e-05,2.5696976981899995e-05,2.1583281314135838e-05,1.8076100896451886e-05,1.5259690644177184e-05,1.298555560319758e-05,1.1019107859158944e-05,9.251568153000514e-06,7.67969987676518e-06,6.405809073599464e-06,5.4986925946895445e-06,4.743202558054409e-06,4.01543443112087e-06,3.292240913402021e-06,2.650279191076843e-06,2.2505386784585567e-06,2.02196041011421e-06,1.782149833897266e-06,1.4644133084474095e-06,1.1039019156926608e-06,8.376114608493844e-07,7.974490741470035e-07,7.92230491638249e-07,6.979228824058487e-07,4.984925531318993e-07,2.8224301527750726e-07,2.3322766503789213e-07,3.187662060196233e-07,3.51704745774481e-07,2.668562924944695e-07,1.0104467527896318e-07,-6.895455865285547e-09,5.8474261572826087e-08,1.1266600252887238e-07,9.883586432735255e-08,3.359973778701877e-08,6.41378133511018e-10,overdamped,7.612421611870115
1.0,0.9602947936656889,0.8744679358807016,0.7734883675072228,0.6725621288203067,0.5788396919990664,0.49500310646733886,0.42159366266343506,0.3581674926984202,0.3038008879317818,0.25738623868210286,0.21796067224407872,0.1844685496706675,0.15607949344799632,0.13205256771403748,0.11170325876363074,0.09447561794303665,0.07990910561647588,0.0675844434275253,0.05716036610007779,0.04834412227466923,0.040889004650267256,0.034578096586853506,0.029238473540734042,0.024725130325072512,0.020911347865025288,0.01768869319774128,0.01496675624071884,0.012664538910100798,0.010713559845554419,0.009060079478204162,0.0076627779088367515,0.006481783818417538,0.0054823885591215715,0.004636736364525867,0.0039215927268235525,0.0033162870337987275,0.002804342132132947,0.0023717389566747776,0.0020061878878515457,0.0016971287516693474,0.0014357045490280239,0.0012144758270813078,0.0010271308320341428,0.000868453903283707,0.0007343253571599177,0.0006213172906951284,0.0005257112716915511,0.0004446341147405153,0.0003758372264084564,0.00031767661392764665,0.00026884866955937,0.00022756331226922896,0.00019248457724024913,0.00016264198669714198,0.0001374082166130586,0.00011632209093037957,9.850344696750378e-05,8.332605276283227e-05,7.037395669882469e-05,5.9424740449615446e-05,5.033333511599998e-05,4.266048388719382e-05,3.609520071080952e-05,3.0452686101999788e-05,2.56665024527797e-05,2.1751712467107625e-05,1.8500289769822692e-05,1.5692439027986655e-05,1.3215975855259709e-05,1.1057868774471237e-05,9.304239217619864e-06,7.987623857193566e-06,6.8765326173696335e-06,5.825230371965007e-06,4.80479868107571e-06,3.903133587268078e-06,3.3120260922294536e-06,2.9595725432465684e-06,2.6030260452579205e-06,2.1514271887335862e-06,1.6516704072503835e-06,1.288503977491819e-06,1.2020761978324e-06,1.1332573263626832e-06,9.656174966916414e-07,7.08123669594309e-07,4.918144136386486e-07,4.803773602238875e-07,5.009674759420226e-07,4.454145140653049e-07,3.064419206264885e-07,1.6761930696234689e-07,1.7371740050896575e-07,2.411040292969325e-07,2.481425121452228e-07,1.628500730328209e-07,3.308067288435186e-08,-1.3499560629984512e-08,2.3673925186512913e-08,overdamped,7.687275974405472
1.0,0.9627697310738326,0.8874927181894583,0.8030238747021868,0.7205886086563315,0.6442023816758183,0.5748747952827223,0.5126188519397429,0.4569196988143115,0.4072204438967781,0.3628717404535319,0.3233696937036881,0.2881498815222018,0.2567517526070298,0.22879911108407025,0.2038868178310954,0.18166362343750606,0.16185738012725726,0.14424407712744958,0.1285415827555262,0.11452487288554764,0.10204560363901585,0.09094511200086546,0.08103731462253705,0.07219648343353348,0.0643398427721451,0.05733954460613577,0.05108615308011717,0.04551485949117245,0.04056621212833737,0.03614869961471449,0.03220355777920567,0.028698015826662548,0.025576017028403897,0.022787402724177275,0.02030353267441253,0.018095014433683887,0.0161238513303842,0.014365290971597083,0.012802110919894982,0.011408627608413387,0.010164495592376713,0.009056872646836944,0.0080719023264605,0.007192543883391389,0.00640754265943581,0.005710215238130991,0.005089210938005495,0.004534152572159094,0.004039393153638994,0.003600324141380062,0.003208347787408777,0.0028581588819047475,0.0025470441029196043,0.002269981202692016,0.002022461557839836,0.0018020053597462852,0.0016060426207247056,0.0014310921420844754,0.0012749306226137818,0.0011362182159696775,0.0010126444238349205,0.0009021710682561082,0.0008036906887469053,0.0007164100983345698,0.000638482943020219,0.000568682400288806,0.0005066334017282579,0.00045170449840961874,0.00040250498288208966,0.00035842276769700477,0.00031946041760406416,0.00028479638168048553,0.0002536810172691803,0.00022596757230770677,0.00020147969174486992,0.0001795441309170644,0.00015987715181413125,0.0001425065267515698,0.00012707696018481369,0.00011318105232464772,0.0001007414063500238,8.98708112092627e-05,8.017566663547772e-05,7.134113700050222e-05,6.343067474900353e-05,5.6664543235977243e-05,5.058589914789721e-05,4.4937464620515205e-05,3.992981367085431e-05,3.5735863124645476e-05,3.1873500544743706e-05,2.826620765593073e-05,2.5210458531711774e-05,2.2556394415876884e-05,2.0054956141324815e-05,1.7797572138713006e-05,1.5911417301599133e-05,1.4187295322296399e-05,1.2629681064639825e-05,overdamped,9.900214865933028
1.0,0.9601594842299399,0.8737257279394621,0.7717369423647584,0.6696357759165926,0.5748079724953288,0.4900075904317404,0.41589732957811737,0.3519781483036413,0.29736880912524016,0.25088173424567456,0.21154371737973798,0.1782622894382047,0.15015443688334132,0.1264718301453966,0.10650314982086548,0.08966976715510488,0.07549867679500304,0.06356269242577485,0.05351349102537717,0.045054037009762564,0.037932687055600704,0.03193135497057175,0.026874470337101636,0.022621009729649914,0.019045924477259595,0.0160401392932563,0.013510552344064328,0.011379700371157379,0.009583119807664409,0.008067532779705067,0.006790780976407971,0.005718125556775322,0.004814591532467907,0.00405350415723668,0.003412514195345742,0.0028730437589962773,0.002418440272818039,0.002035760717859684,0.0017138706287429882,0.0014431032268689761,0.0012152594204179186,0.0010234594358649331,0.0008618450537796218,0.00072555165348178,0.0006106179686865504,0.0005139859102003712,0.0004329239593324443,0.00036460826935827504,0.0003069446079076539,0.0002582745906070771,0.00021737499400934374,0.00018313649151357195,0.0001542826189606339,0.00012988345943042794,0.00010923602720941337,9.186395489040137e-05,7.742798673430333e-05,6.531564940450542e-05,5.503102618851118e-05,4.624538891696444e-05,3.878645002227152e-05,3.2634735569662404e-05,2.7611030296866355e-05,2.334791017343014e-05,1.963620223600626e-05,1.639850709641081e-05,1.3689198941623534e-05,1.1603494717091165e-05,9.888823719194195e-06,8.362565962438389e-06,6.962188026044413e-06,5.734981465527936e-06,4.827361760452408e-06,4.1718083593151276e-06,3.5821540851730535e-06,2.987583583871435e-06,2.408080484952213e-06,1.954427401653995e-06,1.7258587913855232e-06,1.5541061683697697e-06,1.3335675050701657e-06,1.0463480666523404e-06,7.602491993953979e-07,6.25534039948281e-07,6.45567721233277e-07,6.405987901215087e-07,5.29262423074367e-07,3.2613950006711944e-07,1.4175660458892643e-07,1.5638912916214032e-07,2.728995990941094e-07,3.108321149750382e-07,2.116073560258035e-07,2.6707700120108796e-08,-8.232277621552626e-08,-9.810821309395917e-09,3.2060129690494736e-08,3.101681080699061e-08,2.2914592660767404e-08,overdamped,7.572040757353542
1.0,0.9617054548946864,0.882010559594963,0.7908305144274297,0.7010942797252872,0.6178771810977959,0.5428777442539241,0.4762352122714067,0.41739822198477605,0.3656779006572312,0.3202970753638202,0.2804876239342895,0.24563796885938313,0.21510205880226907,0.18834483456285156,0.1649295763035886,0.14442820291943856,0.12646488527443725,0.11072663854692878,0.09695886774237578,0.08491387414187998,0.0743559597342881,0.06509721222670542,0.056995213060179656,0.049921266692376655,0.0437204729737308,0.03827405990279054,0.03350095776018573,0.029342026183879148,0.025698709082277726,0.022500249032968225,0.019700656642438606,0.017253590219836648,0.01510848127772927,0.013228323309708724,0.011584071400182378,0.010144500094347322,0.008882611149297065,0.007776868993356731,0.006810359309994327,0.005964816687957568,0.0052230167508693385,0.004571861826260518,0.004002300146624186,0.003505767249727441,0.0030702580262156054,0.0026879356089468272,0.0023536880283383872,0.00206133592261978,0.0018049832079955646,0.0015803439625610527,0.0013839817298466305,0.001212006564038007,0.001061195599256476,0.0009290405634264729,0.0008136416627972075,0.0007127337560859815,0.0006240951894294141,0.0005461504894649047,0.00047797201961913825,0.0004187790442850819,0.00036684135963835005,0.00032110528146895244,0.0002811016848034902,0.0002462564976690795,0.00021565918615783913,0.00018877467340796552,0.00016531020556529236,0.00014482718556023356,0.00012682302094638327,0.00011097573545480418,9.713309601081607e-05,8.51821708526833e-05,7.469259791839909e-05,6.533601130055203e-05,5.7014121060701394e-05,4.9858360926672944e-05,4.380843761477316e-05,3.8410793598971904e-05,3.353651506939177e-05,2.9330349588917743e-05,2.5764524011876933e-05,2.2577455820448502e-05,1.971154531827839e-05,1.7256001603122456e-05,1.5182052396389178e-05,1.3312825305071063e-05,1.1592281214016818e-05,1.0086778422057042e-05,8.926514131208593e-06,7.935791557232188e-06,6.9215005238136455e-06,5.888957868405052e-06,5.043024182789804e-06,4.546808426544227e-06,4.057424822522671e-06,3.479143216772972e-06,2.9707388135437887e-06,2.6458331553020806e-06,2.3363447844282287e-06,overdamped,8.921027528435367
1.0,0.9607476197366718,0.876925571599835,0.7792279594112532,0.6821022346079174,0.5919371079391857,0.5111692091828952,0.4400307997942916,0.3781849266636539,0.3246343780333045,0.27851518808506004,0.2388580511731071,0.20477402905041955,0.17555512850343089,0.15048940201253627,0.12898346241041753,0.11055413688940902,0.09475944854657439,0.08121842835578608,0.06960916063310979,0.05966020081771088,0.051139282559599965,0.0438345423286739,0.037568258710585,0.0321906747509564,0.027579921788786953,0.023641577355664654,0.02027360555160431,0.01738002711415807,0.014894732054443489,0.01276764946236664,0.010944431163442838,0.009380596291614283,0.008039963741123507,0.0068911489778977625,0.0059062977936228936,0.0050621340395902385,0.004338574074295927,0.0037187181898060235,0.0031877497532698837,0.0027324290335421727,0.002341712940708265,0.0020065263634178867,0.0017197478663514268,0.0014744984533282335,0.0012640186612956222,0.0010831593417931816,0.0009280289416533892,0.0007956046954233852,0.0006821219203210382,0.0005846330847615091,0.0005008931894332641,0.0004292857873413853,0.00036810019511935037,0.00031557160762451695,0.0002703900686080716,0.0002316005188203524,0.0001985548539006971,0.00017033236399816948,0.0001460385107689631,0.0001250568103065756,0.00010702312927805161,9.178220053272554e-05,7.883180468421322e-05,6.761989393278162e-05,5.7838221938908506e-05,4.940144142837086e-05,4.2392953198551174e-05,3.6479542053478235e-05,3.1303191368637254e-05,2.672198341025492e-05,2.2780722266701477e-05,1.960068046040039e-05,1.6900152704428015e-05,1.4487164772944328e-05,1.2320220754800269e-05,1.0495961112101103e-05,9.083172751036203e-06,7.86149124935143e-06,6.719891843954999e-06,5.66051528652828e-06,4.7981415238351455e-06,4.212043641810596e-06,3.7027748945706513e-06,3.157575876602028e-06,2.585489801389682e-06,2.117254833329823e-06,1.9141968983579754e-06,1.7769046374808272e-06,1.5362555806283437e-06,1.1819993816049158e-06,8.59610935454632e-07,8.071863888744744e-07,8.407475701512535e-07,7.532983396482705e-07,5.253019851928339e-07,3.0904553090049556e-07,3.079897594214195e-07,3.0174112525582555e-07,2.74118996538269e-07,overdamped,8.076521143107543
1.0,0.9598192119250245,0.8718444523821833,0.7672591747604574,0.662131169428208,0.5644214637909696,0.4771106017818892,0.4011737905429648,0.33598887467668664,0.2807575102515315,0.23414410817296671,0.19505501180057422,0.16237077737664804,0.13505765670318343,0.11231007368410331,0.09337315964091772,0.07760652291862638,0.06449211199134725,0.053590326779528366,0.0445271103842179,0.03699945911685426,0.030746524127998304,0.025547721283615425,0.021218060798603063,0.017622663355298128,0.014643661730322185,0.012175266559751262,0.010123766339115926,0.008412560423752088,0.006989077542866821,0.005806836555675726,0.004825368389463568,0.004010282199510605,0.003332813630502088,0.0027690524781702154,0.002300489058178779,0.001911275005179261,0.001588041772790412,0.0013199006335982673,0.0010974021786608334,0.000912221215690104,0.0007579787711765505,0.0006295642711943586,0.0005231084712271602,0.00043479315160770214,0.0003613298851919362,0.0003002239240628318,0.0002494194337981677,0.00020726862368292172,0.000172216646476258,0.000143069973146149,0.00011885087383352793,9.873199543735265e-05,8.203636161460456e-05,6.822952764084348e-05,5.679329980960445e-05,4.724708204673615e-05,3.9228693342092254e-05,3.249367660978208e-05,2.6915298688170492e-05,2.2429422093849373e-05,1.874624438211608e-05,1.5629259062903873e-05,1.2942266964375808e-05,1.0639867712003496e-05,8.767459728566972e-06,7.365797023695991e-06,6.228977777864733e-06,5.219499194943984e-06,4.280544012249271e-06,3.4333603525649263e-06,2.7772617241441033e-06,2.39389710262207e-06,2.107575252110871e-06,1.8010113386060155e-06,1.437596188620901e-06,1.0593260082035974e-06,7.868023829368646e-07,7.361095327469906e-07,7.387755547722128e-07,6.731396627806162e-07,5.042446382561579e-07,2.7957800435959077e-07,1.2907202592846586e-07,1.84265590896108e-07,2.771721812186635e-07,2.886111750184725e-07,1.8711762474772565e-07,2.2679025550616585e-08,-7.326468473664354e-08,1.782633851683993e-08,1.2838620231913953e-07,1.54851322547333e-07,7.36900571271714e-08,-6.292001600125495e-08,-1.270920988835245e-07,-6.127591921022569e-08,-2.2404365836693806e-08,-1.2720458503321368e-08,-1.0108175117501893e-08,overdamped,7.284666410456959
1.0,0.9610926391332734,0.8787732233042023,0.7834845201643076,0.6891187341252958,0.6015419069838646,0.5229522982657349,0.45348689813274834,0.3927640018664376,0.3398562459486154,0.29399087226273596,0.2542245966695359,0.21980261837597995,0.1900440015086415,0.16429431326475538,0.14202214720586398,0.12278065010052816,0.1061438348576702,0.09175545247397118,0.07931348945418723,0.0685669700981977,0.059281224815116114,0.051248135199533654,0.04429500484056079,0.03828232336865639,0.03309872685871506,0.02861968155831656,0.02474071413004042,0.021382682108110396,0.018485864884983536,0.0159830478430306,0.013816856291646092,0.01194241541882292,0.010324349055154738,0.008926394306294029,0.007716690897211244,0.0066695865765138565,0.005764929487725795,0.004985007980085385,0.004310378709274315,0.0037255791905457746,0.003218930787636542,0.002782443663366817,0.002406358223557876,0.0020804983344009423,0.0017980671333741548,0.0015543840846928558,0.0013439991420805227,0.001161882938396615,0.0010042673918728019,0.0008682113908358199,0.000750656569057013,0.0006489239559700887,0.0005608574440569231,0.0004847725005828497,0.00041924599755862213,0.00036259329483383663,0.00031340691042042006,0.0002706722642601368,0.0002337674228681755,0.0002022483951427181,0.00017499453880820106,0.00015124247670260965,0.00013061250366007497,0.00011296225354715531,9.772331446416914e-05,8.446981322968861e-05,7.296456139062159e-05,6.309990720759476e-05,5.460992455804183e-05,4.721875546826837e-05,4.0760846054713345e-05,3.517367561994917e-05,3.047549953678061e-05,2.6484101570361113e-05,2.293264486983878e-05,1.9704449828434653e-05,1.6838261098490268e-05,1.4525248045976202e-05,1.2700408064018882e-05,1.103689125807763e-05,9.461566531953721e-06,8.101434213570857e-06,7.075052647544309e-06,6.162952124787617e-06,5.299820608221149e-06,4.527932481023531e-06,3.952188548984387e-06,3.479377677380354e-06,3.011022363917477e-06,2.5363951297944614e-06,2.129335487701057e-06,1.9182908873765887e-06,1.7951569024015545e-06,1.5800758024133292e-06,1.2377126205665952e-06,8.80438932676599e-07,7.525300343871141e-07,7.155296464421862e-07,6.47207557364287e-07,overdamped,8.37710696176239
1.0,0.95936086561231,0.869273183880593,0.7610615087123392,0.6517032817821815,0.549838827169083,0.4589829084124421,0.380379920479272,0.31347641120032477,0.2573445138521845,0.21066337028928067,0.1720297539553566,0.14029967948892932,0.11426953405769277,0.09296738308769592,0.07560374010332867,0.061449440415910855,0.04991965196145373,0.040543359945344935,0.032915306417136234,0.026720822474707393,0.021696797029468192,0.01761845102797187,0.014298506801092657,0.011599074979212474,0.009413839943103079,0.007646842519140414,0.006212184417561892,0.005040772095873808,0.004089480128039456,0.0033195284987267634,0.002696048411797459,0.0021884304291592063,0.0017751505358097372,0.0014403573395101697,0.0011695655098190186,0.0009497617644953751,0.000770457639183254,0.0006249496806512059,0.0005072780614448083,0.00041202672238890793,0.0003344010571542046,0.0002711761850208402,0.00021999511630912304,0.0001786601660528238,0.00014515199547322037,0.00011774609778744456,9.544451195745419e-05,7.74277879264419e-05,6.291369631605374e-05,5.116157029405716e-05,4.150897592974281e-05,3.361349225369033e-05,2.7232559956916595e-05,2.2117894148705068e-05,1.8019988429774605e-05,1.4688114892279764e-05,1.1905293897932995e-05,9.611852473217864e-06,7.759714115563571e-06,6.290619190545595e-06,5.1380028527222704e-06,4.226995045634808e-06,3.4744205018072663e-06,2.811886013124391e-06,2.250501569715631e-06,1.7922060087537746e-06,1.4323781495112236e-06,1.1613217448771093e-06,9.642654813573148e-07,8.213629790744601e-07,7.076927917679029e-07,5.933678092947204e-07,4.882705138271591e-07,4.089329643438018e-07,3.4500643391102583e-07,2.8873350633520697e-07,2.34948076162723e-07,1.8107534867995055e-07,1.2713183991326717e-07,7.572537662904808e-08,3.205509633367204e-08,3.911447273515086e-09,1.676188434953789e-09,3.804935650934322e-08,9.155366622084722e-08,1.1526390510903567e-07,8.9524487824933e-08,2.415707433315558e-08,-4.1539430088081564e-08,-4.145979347255684e-08,7.005778569307075e-09,4.3740100431347345e-08,4.6572336284358466e-08,1.439494049071047e-08,-3.2836342395650665e-08,-5.410247762920225e-08,-3.220216653056805e-08,-1.8263705975883718e-08,-1.0287294833123322e-08,overdamped,6.903053953023835
1.0,0.9612147561298546,0.879422705134947,0.7849693154579669,0.6915532773426328,0.6048700447955924,0.5270212182703379,0.4581345814488641,0.39779638104125464,0.34512289107371624,0.2993492321200159,0.25955876225392716,0.22503607943493137,0.1951046277665971,0.1691335522287653,0.14661300560853993,0.12710238206741817,0.11018478017309757,0.0955117740780107,0.08278972461236302,0.07177353601485954,0.06222610044391877,0.05394152048267298,0.04675058832218909,0.040519539940565855,0.035133413272974895,0.030461352212886365,0.026403232088756265,0.02288354149387455,0.01984044661649486,0.01720133384893802,0.014910187643941496,0.012923227133887882,0.011204393383014303,0.009714069100636987,0.008420253040049938,0.007297544141526835,0.006326468248389564,0.005485838256570967,0.004755783862870233,0.004121188297789252,0.003571277073872877,0.003097094160023493,0.002685730844906488,0.0023276994909780567,0.0020166423143942024,0.001748526745184549,0.0015163225546680821,0.0013143998139787654,0.0011390318472264721,0.0009875784448916047,0.0008562900248910344,0.0007422455575840344,0.0006432949848008798,0.0005577545853800164,0.00048360069951658663,0.00041918773832551,0.0003632554974322767,0.00031490298066368496,0.0002731468139707102,0.00023685665101784117,0.0002052050162550839,0.00017767488524559843,0.00015403581623439421,0.00013369309273878225,0.00011593076395377842,0.00010037775953061109,8.69518581940511e-05,7.547594500163187e-05,6.547425024237159e-05,5.670299972512133e-05,4.90887376698736e-05,4.262015415927994e-05,3.701414730406972e-05,3.2066725783966185e-05,2.770542394580097e-05,2.3986557448720766e-05,2.091650277238985e-05,1.822193347502439e-05,1.5740634280935854e-05,1.3479312222848035e-05,1.1613596641897228e-05,1.0198361174921664e-05,8.914570856885098e-06,7.661277254339118e-06,6.533065011731479e-06,5.721730061993705e-06,5.034873264711574e-06,4.350494962586947e-06,3.6917285441059252e-06,3.203249886839268e-06,2.86210332306164e-06,2.5110464268553566e-06,2.111958223283252e-06,1.7413878903396952e-06,1.5498195545592217e-06,1.4230940462035138e-06,1.2353864823244335e-06,9.913386603669497e-07,8.1637105759164e-07,overdamped,8.484431200692717
1.0,0.9615750052318085,0.881326079381356,0.7892881187504536,0.6985944482711468,0.6144755487881399,0.5387364489657753,0.47151063933211346,0.4122801084508257,0.3603057669476425,0.3148162070508524,0.27499943113374475,0.24022612524093634,0.20983734273237553,0.18327329051412583,0.16008104416555263,0.139829435010549,0.12213169671520427,0.10666436863291387,0.09316244741769919,0.08138315896492954,0.07108757420296331,0.06208141722744777,0.05421304148900337,0.047359600373720195,0.04137257389759205,0.03613295257765104,0.0315530830051281,0.027564098394580874,0.024079028997773352,0.021029444984445214,0.01836440904310007,0.01604292782591306,0.01401456871833064,0.012239447627597329,0.010687823874762296,0.009336793524435963,0.00815682056897691,0.007123734622371855,0.006220085627776338,0.0054335951955287575,0.004747213947004618,0.004146136584203184,0.003620119923455924,0.003162301444455247,0.0027627964566131237,0.002413003411733251,0.0021070023285123113,0.0018406028562219297,0.001607986203793603,0.0014043627935443636,0.001226312731814874,0.0010712940467399723,0.0009359150118578016,0.0008173802373613536,0.0007136839948124541,0.0006234521536777108,0.0005447641640386639,0.000475802935130762,0.00041534422290139336,0.00036271299643266664,0.00031703836011169313,0.00027699707974246715,0.0002417638970758592,0.00021098664359998958,0.00018444778019827032,0.00016122307636170138,0.00014073205076208526,0.0001227684374500975,0.00010732231731718318,9.383613223891238e-05,8.191819891311178e-05,7.144125494994936e-05,6.245203870508457e-05,5.463754424407427e-05,4.770598999928339e-05,4.1565054415006734e-05,3.630021976449536e-05,3.182318670204213e-05,2.7832502912379154e-05,2.421060832664948e-05,2.103093133725351e-05,1.8466988216499732e-05,1.6262013062236156e-05,1.4173669428462141e-05,1.2207066214146437e-05,1.0608899321793e-05,9.427815593048069e-06,8.300879645237388e-06,7.133014251061014e-06,6.098616597656785e-06,5.43379590768687e-06,4.832221774909442e-06,4.166437434373062e-06,3.5335839128103145e-06,3.1481534030166834e-06,2.8269003742306037e-06,2.4431580713405617e-06,2.0424191020223335e-06,1.7914679469226922e-06,overdamped,8.804098612672904
1.0,0.9604864086769968,0.8755129016846857,0.7759399008112615,0.676647057283118,0.58445516911694,0.5019468036183636,0.42951076959579026,0.3667676655420292,0.3127445078412652,0.2664468091935472,0.22691131736880127,0.1931474234143534,0.16438786728968818,0.13990066954334454,0.11904025164948237,0.10128318168186504,0.08617904271963614,0.07332430426180983,0.062385728653145324,0.05307832192960219,0.04516217693426922,0.03842364033965986,0.0326887843180636,0.02780858380708963,0.02365610888166443,0.020126524754031608,0.017132649350678188,0.014583327571458603,0.012408852769941341,0.01055665952313188,0.008983379101599676,0.007644063018271989,0.006503829558571738,0.0055336365051612746,0.004707961593797344,0.0040053355753164885,0.003407757740102363,0.002899527688992139,0.0024672453332764844,0.0020995489964588604,0.0017865613532231659,0.0015199754323591988,0.001292896860288982,0.0010998426312390519,0.0009361680609851162,0.0007968618295204126,0.0006779636970262795,0.0005764310359473406,0.0004901281145310583,0.0004173155115377339,0.00035534515571335873,0.0003023259310295451,0.0002569588910079917,0.00021851000416895413,0.0001860907118109071,0.0001584294970986852,0.00013474810334333456,0.00011454057427323203,9.749769433105246e-05,8.302891718982643e-05,7.065739742498109e-05,6.0060811077822835e-05,5.104737144103824e-05,4.348999433673561e-05,3.708151066314462e-05,3.1566237477922176e-05,2.678827564617659e-05,2.2689253785878562e-05,1.9306515558716566e-05,1.6584856567341784e-05,1.4238849375699194e-05,1.2089645961357433e-05,1.0103756243404581e-05,8.393048082448083e-06,7.179342269615077e-06,6.255804897362502e-06,5.373652276379019e-06,4.490858092253567e-06,3.721710133897231e-06,3.222900299376684e-06,2.8067962150869084e-06,2.38973249908045e-06,1.97816215396236e-06,1.657784810891625e-06,1.4700651439741222e-06,1.3031008006456905e-06,1.1015859243167128e-06,8.708848435573398e-07,6.770320720975048e-07,6.312820150983533e-07,6.72731154249371e-07,6.447373509829708e-07,4.877358698676694e-07,2.444406657204172e-07,5.984438360658073e-08,1.0362307792499634e-07,1.483896367591677e-07,1.3712814401370965e-07,1.1380300975936591e-07,overdamped,7.851327719064335
1.0,0.9600764973009644,0.8732688904811355,0.7706546734862487,0.6678245757840874,0.5723080982334128,0.4869065882912484,0.41236007871110086,0.3481350459574072,0.2933760592494271,0.2468507370828379,0.20756923360617358,0.17442460674000893,0.1464980485859327,0.12303466576749533,0.1033076161207397,0.08672440157241265,0.07280261905658747,0.06111112899648666,0.051296593782404594,0.043059868560422106,0.036146441363444616,0.03033796758884732,0.025456240974804818,0.021362601586662467,0.017933453822418403,0.015059966903335331,0.012648074873940676,0.010621043241895636,0.008917572822744125,0.0074852023149706735,0.006281499994732839,0.005273192648731964,0.004427042584749936,0.0037162974258732173,0.003119301095544985,0.0026182028295862097,0.0021978737824485577,0.0018447711885254247,0.0015483734482933417,0.001299627257084665,0.0010909171256147975,0.0009159954116227567,0.0007691751852506621,0.0006457509710768041,0.0005419191448379605,0.00045467534452382644,0.0003817326738238341,0.00032058377800304983,0.000269158500801706,0.00022586475283013416,0.0001894740225806186,0.00015908320409097193,0.00013363860375097735,0.0001122254268699328,9.415721480589394e-05,7.892855092579515e-05,6.621506060544876e-05,5.569666861417169e-05,4.686410285927514e-05,3.93501885998953e-05,3.292282881675883e-05,2.7484999464396793e-05,2.3068531667440857e-05,1.9518192658162693e-05,1.6500449968959175e-05,1.383068425980294e-05,1.1458212645537574e-05,9.466288695877512e-06,8.008855613657612e-06,6.859025254718979e-06,5.816007455551218e-06,4.8151204693260335e-06,3.906153972360278e-06,3.2500588342396383e-06,2.8279042000070347e-06,2.4477758827444505e-06,2.041139530058401e-06,1.6226106716712778e-06,1.2899547194213609e-06,1.1457817639912184e-06,1.0508621011687923e-06,9.11696008546983e-07,7.083458653238149e-07,4.911352703545084e-07,3.8041409848322784e-07,4.22159269930366e-07,4.596674095255699e-07,4.028651111519203e-07,2.4459177936130666e-07,6.059962937442041e-08,9.312817061130044e-09,1.459248675180781e-07,2.610280674116535e-07,2.3799892170290467e-07,7.296018363936191e-08,-1.2521914524497858e-07,-1.4054049167873168e-07,-6.091572388438968e-08,-2.0383059208282444e-08,overdamped,7.501638107890371
1.0,0.9605120570657102,0.8756521924974882,0.7762654312671851,0.6771884026598015,0.5851984203770166,0.5028645086661966,0.43055724774245163,0.36790404421761735,0.31392697322048013,0.26764595707021205,0.22809706696386675,0.19429917420980863,0.16549231637959577,0.1409458733532008,0.12001949519609403,0.10219406384782409,0.08701991123521237,0.07409598103631602,0.06308999944424132,0.0537181532131953,0.04574142026717955,0.038946513530589026,0.03315914326612955,0.02822994665371817,0.024032199019702737,0.02046181383686181,0.017431546192693402,0.014848774493866547,0.012644022834217108,0.010765066975573613,0.009167713275488303,0.007806787263678101,0.006647277280182979,0.005660005006956455,0.004819121289309202,0.004103066810513489,0.0034935832266212853,0.002974795912068291,0.0025332134141467805,0.0021573109187950023,0.0018370737496468904,0.0015640921766694785,0.001331415303885412,0.0011335510693729393,0.000965628282625234,0.0008225307169748214,0.0007002693199633771,0.0005958076627520092,0.0005070617137582357,0.0004321062951292404,0.0003681900540193467,0.0003134405945387109,0.0002665902289630468,0.00022694981320712327,0.00019342090959928158,0.00016476810961743184,0.00014022412678965402,0.00011930671932878863,0.00010165560825778739,8.662214364602088e-05,7.375236596886704e-05,6.273360132203708e-05,5.338732027895885e-05,4.5531758167841105e-05,3.883566008219233e-05,3.3059906025160966e-05,2.8063938067440033e-05,2.3805760347267065e-05,2.032691532576313e-05,1.7478240566864204e-05,1.497615890220507e-05,1.2675614827091357e-05,1.0580084620049885e-05,8.841576342828586e-06,7.635701999676812e-06,6.63430467760871e-06,5.659068403642117e-06,4.713070254298323e-06,3.95980106273088e-06,3.446439350472597e-06,2.9810693502242305e-06,2.516827403634591e-06,2.0862275266803175e-06,1.7883956205657554e-06,1.5870813048239178e-06,1.3840986672843218e-06,1.146570906679978e-06,9.016324951435861e-07,7.364291782075481e-07,7.326066276381065e-07,7.495410717845323e-07,6.630026106840859e-07,4.519711330909862e-07,1.986368304499714e-07,8.840019689627536e-08,1.6796615766106535e-07,1.9406435979568908e-07,1.527368831984647e-07,1.1360397674436993e-07,overdamped,7.873356606255534
1.0,0.9619020204634529,0.8830369542925828,0.7931341771312242,0.7048131786242131,0.6229279809511811,0.5490221529501097,0.483239491996002,0.4249903078981734,0.3736515457318566,0.32844117056421884,0.28865911418633,0.25370667461988916,0.2229668277228698,0.1959396442816012,0.17220649140009497,0.15134589143632918,0.13299876058087665,0.11686942851511051,0.10271568262398273,0.09028029930934138,0.07933606906538015,0.069707525894823,0.06126459507911584,0.05385394116816405,0.04732671064249472,0.04157706948699529,0.03653811386848128,0.032121472094337314,0.02822944424274295,0.024799340673845552,0.02179517767903456,0.019158926093779168,0.01683646842767338,0.014793525383461247,0.013003053439762043,0.011428318315246273,0.010042331400975948,0.0088253245864363,0.0077569687429255045,0.00681702422476794,0.005989950452072283,0.005264166488327234,0.004627329713334584,0.00406669378360382,0.0035727846242892963,0.0031392883781377464,0.002759711172160989,0.002425515229264901,0.0021310937815628003,0.0018728943308960503,0.001646252598833383,0.001446716322035006,0.0012711908296602062,0.0011173175734909956,0.000982064953255486,0.0008629537948861108,0.0007581921885970169,0.0006664747258770037,0.0005859164306500943,0.0005148349797158272,0.0004521515842115274,0.0003973506664862916,0.00034941222567571646,0.0003070786746701501,0.00026969868639226287,0.000237053961104997,0.0002084336785575982,0.00018315152347148832,0.00016086562890291732,0.0001414330938349673,0.0001243709947505999,0.00010926507598422304,9.592188823612414e-05,8.433600358910319e-05,7.425054287196944e-05,6.525905363064159e-05,5.7199167855009446e-05,5.0161136011773644e-05,4.421518808726426e-05,3.892688689280817e-05,3.4121860656219084e-05,2.9908265860664764e-05,2.637893265776091e-05,2.322369331597633e-05,2.0343454266640063e-05,1.78327371561905e-05,1.575825893951498e-05,1.3890857355085388e-05,1.2140713464652047e-05,1.0585190962967933e-05,9.390022971244984e-06,8.359508960387349e-06,7.304045184624274e-06,6.258903418086778e-06,5.477653053070413e-06,4.972245335687405e-06,4.407255590624883e-06,3.732048740536438e-06,3.1927863767467865e-06,overdamped,9.098446082307145
1.0,0.9594563397195919,0.8698125305103387,0.7623667538570327,0.6539060358419839,0.5529322656856865,0.4628289334096019,0.38480313450869547,0.31826011008252186,0.2623196623320424,0.2156458049295782,0.1769014901332235,0.1449585013466202,0.11864175481605727,0.09701781873205187,0.07930801001698652,0.06480085444326278,0.05292490568371291,0.04321832816330489,0.03528057084585455,0.02880082221963912,0.023515791801771223,0.01920105860872771,0.01566928604526083,0.012782880604404122,0.01043334374448163,0.008522535259561387,0.006962595846495681,0.0056820374317689175,0.004635914510353958,0.0037841329290680746,0.003090598008457149,0.0025233742472910766,0.0020586057953196034,0.0016796404084414268,0.001371359180670813,0.001120118485810618,0.0009141277817792606,0.000745661093269122,0.0006085100085046081,0.0004969646772602274,0.0004058600048432216,0.0003310782214023399,0.0002700401186197673,0.00022042313643239874,0.00018008471663618456,0.00014706580483023638,0.0001199247472417891,9.778449125801885e-05,7.982007465499702e-05,6.525038122593914e-05,5.3338140781204263e-05,4.348840108020033e-05,3.5419927638992904e-05,2.887647071935965e-05,2.3601877480937005e-05,1.9340471946293916e-05,1.5837055000931616e-05,1.289858062807886e-05,1.0475863246705015e-05,8.513142146241443e-06,6.947260290012644e-06,5.707783701188775e-06,4.717001462785611e-06,3.889925717664609e-06,3.165051600090686e-06,2.5543051373480515e-06,2.0541181785564693e-06,1.6566265284634986e-06,1.3503362878310452e-06,1.120123853435336e-06,9.472359180669356e-07,8.092894705307294e-07,6.802841327051075e-07,5.860367638186502e-07,5.365733549806665e-07,4.942796505649158e-07,4.346223132368256e-07,3.461489239534896e-07,2.3048798196366888e-07,1.0234890480778759e-07,-1.0477971682057158e-08,-6.712139338210848e-08,-2.0804898838663945e-08,7.31422343941431e-08,1.2721368641259816e-07,1.0497488277317246e-07,1.8008850416473168e-08,-7.40837823327649e-08,-6.893605450883014e-08,2.797153743927737e-09,5.33414066299799e-08,5.281699880273096e-08,3.8343982078890905e-09,-5.8505753916534587e-08,-6.708590610626793e-08,-3.563358358956572e-08,-1.8094101967135177e-08,-1.2342015306620752e-08,-9.481310886390787e-09,overdamped,6.981981613811133
1.0,0.9616275918264956,0.8816023190439068,0.7899112160461597,0.699605280136635,0.6158516311849529,0.5404121179275406,0.47342263215765806,0.41435113192911305,0.36247921689164087,0.31703308630141863,0.2772181755458937,0.2424132864850434,0.21196404496717636,0.18532076490300012,0.16203740329183353,0.14168398476806354,0.12387813239338083,0.10830051381118629,0.09469043971081244,0.08280338275434836,0.07240149364953836,0.06329288698502519,0.055329441920247885,0.048386009620574974,0.04231162004723923,0.036989823217430544,0.03233560592897372,0.028277681592523765,0.024727189488559276,0.021616948565025013,0.018897549585278287,0.01652619221983471,0.014451160016406405,0.012633165501086362,0.011043434175119885,0.009657913365054869,0.008445648762613356,0.007383077753271565,0.006453473618763229,0.005643856048837107,0.00493566828422423,0.004314760353273417,0.0037714257929650614,0.0032982706920985923,0.0028843560752714373,0.002521522634280939,0.0022041613891732826,0.0019276361251886177,0.0016856476218037046,0.001473576559413978,0.0012881659672310593,0.001126581748352562,0.0009851607839650378,0.0008611820480154283,0.000752748252715061,0.0006583698803058198,0.000575808304042834,0.0005033345201779173,0.0004398318560280626,0.00038466349114796414,0.00033653411841806354,0.0002942167705409341,0.00025701559699027447,0.0002247040367125928,0.0001966498861543023,0.00017196599649400518,0.00015020290119133824,0.0001312813293477722,0.00011491640361381863,0.00010051201168662674,8.778117388718706e-05,7.669639582699885e-05,6.716502706291742e-05,5.8773545366631176e-05,5.131260346327521e-05,4.477307360192498e-05,3.923480226265953e-05,3.440031529655312e-05,3.0038795594077617e-05,2.612661737898742e-05,2.2835897919713813e-05,2.0117382300249353e-05,1.763620923268153e-05,1.5291491671189446e-05,1.3230165566647756e-05,1.1684928577891373e-05,1.0334217799274487e-05,8.979355452173375e-06,7.694988613575753e-06,6.766178530082942e-06,6.031006746291429e-06,5.264949446813259e-06,4.4905206059283715e-06,3.928863408591065e-06,3.5322326813685344e-06,3.099990032983199e-06,2.6222341787366584e-06,2.2563466578444915e-06,2.0064732470024096e-06,overdamped,8.85115775332267
1.0,0.962486199362843,0.8860504770149767,0.7998425249932306,0.7155436254500773,0.6374275877178603,0.5666475714424595,0.5032826552016665,0.4467596602830901,0.3965313262655593,0.35187999672111814,0.31226386917752325,0.27709942546483174,0.2458741717219774,0.21818238910446675,0.19361785981115598,0.17180159519507163,0.15242886041688225,0.1352623935027138,0.12004122190851721,0.10651384703078802,0.09449852949633275,0.08386314414122913,0.07442618652800209,0.06603355219957832,0.05858427214213015,0.05199621797113342,0.04614332171037267,0.04093587118441867,0.03632196322358004,0.03223792382686053,0.028605861989010363,0.02537754441576289,0.022521909544657274,0.01998719995201884,0.01773330554026985,0.015735052672462297,0.013964710518211812,0.012391369363156886,0.010993694823274097,0.009756393628178837,0.0086584068020702,0.007682051144826712,0.006815550308489895,0.006049153868712974,0.0053682633791013856,0.0047623378534854335,0.004225355770381761,0.0037504777606311678,0.003328058582936301,0.002952220553910187,0.0026199094839824957,0.0023252645974013706,0.0020630620178467615,0.001830399025116598,0.001624557713138134,0.0014415985126001473,0.001278939914558207,0.0011349716879552527,0.001007310268455862,0.0008937319016334734,0.0007928427844445364,0.0007037212994641645,0.0006246048250181659,0.0005540759713849981,0.0004914315698253881,0.00043629312752191954,0.00038729356465229696,0.0003434749416658743,0.00030459743509909335,0.00027049426673218514,0.0002400893759736155,0.00021287792818803998,0.00018889003784348712,0.0001677358916300801,0.0001488145363810703,0.00013194911102165687,0.00011716425123194633,0.00010402568659602428,9.223884873709003e-05,8.178092834078683e-05,7.26785637645953e-05,6.454604336408285e-05,5.71730066979823e-05,5.0628970846671214e-05,4.506830127438097e-05,4.0086875168996824e-05,3.544498608680114e-05,3.128769547888444e-05,2.7908513627815556e-05,2.4867483386644098e-05,2.1943607352344e-05,1.9359662375272133e-05,1.7311093785555545e-05,1.5394676570063935e-05,1.3558236914552071e-05,1.2038469518216345e-05,1.0741725220467656e-05,9.51149754694024e-06,8.409047042793396e-06,overdamped,9.634796367389578
1.0,0.9617824122714315,0.8824131276938959,0.7917353084865332,0.7025570404128153,0.619865251316637,0.5452968367185501,0.47899370657811846,0.420387498133567,0.3688168182228305,0.3235017514198881,0.2837008728247965,0.24880914932393114,0.2181908821981835,0.19132496071509963,0.16778274812161273,0.14713833683157104,0.12902242536468989,0.11312858382729529,0.0992077057607379,0.08700847437361675,0.07629799491347578,0.06689280587831788,0.05865618171309575,0.051450367406595414,0.045121353772739944,0.03955510943069852,0.034676494586864406,0.03041919256242917,0.02668020313166214,0.023389327683267874,0.020505207730223896,0.01798671953035991,0.015774256052889568,0.013829938529833065,0.012128253306085163,0.010636897796872812,0.009327253473130258,0.008178272279257336,0.00717249457235805,0.006290141539273953,0.005515319615575956,0.004835725700797985,0.004241304816420536,0.0037199495389616173,0.0032615860762855273,0.0028589446386644716,0.002507214634242669,0.002199262942530607,0.001928485512693142,0.0016906859322545825,0.0014828377659737123,0.0013004851930207852,0.0011402832511521784,0.0009998533885075685,0.0008769501635383491,0.0007690580679430149,0.0006742562551720964,0.0005911601170965825,0.000518596264314179,0.0004549058064088955,0.0003987801991629801,0.00034941062335947675,0.00030643546564450367,0.0002689081617780192,0.00023580137326109624,0.00020662351393102248,0.0001812375755548148,0.00015901725063745506,0.00013941817988174978,0.0001221814508535029,0.00010720035119016041,9.407176183352963e-05,8.246194831860873e-05,7.221829242079457e-05,6.33520817906333e-05,5.569189613396466e-05,4.886723805472412e-05,4.271582873345603e-05,3.73045362165407e-05,3.28088230372442e-05,2.8875805977932422e-05,2.5273319994502738e-05,2.2053440236198065e-05,1.9403437857109393e-05,1.7077865058213876e-05,1.4939847583755982e-05,1.3034528472159057e-05,1.14891553695975e-05,1.0138127665466723e-05,8.859124793393961e-06,7.676324477382565e-06,6.7482945184244966e-06,6.050789897252251e-06,5.339273815952808e-06,4.5544502090314345e-06,3.846256861905534e-06,3.431797143069518e-06,3.049835835732462e-06,2.682690464063714e-06,overdamped,8.990311161875326
1.0,0.9614333791581486,0.8805800469005296,0.7876008717776055,0.695850858304101,0.6107367379486988,0.5341806975118228,0.46631054117914755,0.40664869879805693,0.3543986763681146,0.30879474069902985,0.26898020591449356,0.2342978811538837,0.2040797826670956,0.17773831036151608,0.1547999813007036,0.1348303799382307,0.11743100443723135,0.10226789760116277,0.08906418690912012,0.07757968878228837,0.06757407678707215,0.05884770118479597,0.051240673317421014,0.04462988413687094,0.03887873507194413,0.0338615727911005,0.02948481495531157,0.025680210333583746,0.022370246831611505,0.019483323351992623,0.01696553148407543,0.014776491877701258,0.012871954588351216,0.011210851674012659,0.009761754287307084,0.008501496145589574,0.007406333454474345,0.006451105836745399,0.005617013063760012,0.00489077362468916,0.004260984674029383,0.003711915336934407,0.0032321595848690344,0.002813976234157532,0.002451496553106645,0.002135615839976163,0.0018597222288558835,0.0016192936260888485,0.0014106561922321188,0.0012287983494315303,0.0010700566325826289,0.0009317822192999749,0.0008117270847383595,0.0007070871494584306,0.0006157257140760908,0.000536082988766234,0.0004670214372262607,0.00040692659256403186,0.00035438039992763767,0.0003084237338137291,0.00026853954198282503,0.00023411071949021946,0.0002040149103132099,0.0001775371894430396,0.00015438919387718368,0.0001345683285870609,0.00011736774084766305,0.00010219299000453445,8.883424321601385e-05,7.738533742866867e-05,6.75139523613285e-05,5.880701932719237e-05,5.112133911305749e-05,4.4518585920965036e-05,3.886153298208578e-05,3.3866960172428474e-05,2.9422981175581925e-05,2.55680802830315e-05,2.2359704074299595e-05,1.9553377716074845e-05,1.6989589703048128e-05,1.4668371746179752e-05,1.2747456766597458e-05,1.1262275313172108e-05,9.897562881765341e-06,8.517105320783975e-06,7.21906255662564e-06,6.310118768054581e-06,5.678817163817949e-06,4.981771651624863e-06,4.179786544513753e-06,3.5206719665240065e-06,3.196803731549753e-06,2.8586433297028446e-06,2.4215219614666567e-06,2.0190764949639264e-06,1.8042016735218911e-06,1.5926666386701766e-06,1.3909373333202868e-06,overdamped,8.677868267495455
1.0,0.9622511841470294,0.8848448742447008,0.7971682773272944,0.7112828051518718,0.6316841114605843,0.5596672676988312,0.4953539769947879,0.4381394179145683,0.3874693955364448,0.3425831732584624,0.3028872217191843,0.26779174269044154,0.23674052915900015,0.209293635120461,0.18504392485945978,0.1635927694832014,0.1446117774892401,0.12784083216962316,0.11303662316955673,0.09993606311682013,0.08833569087003637,0.07809085836732578,0.0690523956455741,0.06104876618349116,0.05395748377929532,0.04770101135811423,0.042182225276713635,0.03729144893752298,0.032957973504047555,0.02913993135219547,0.02576705967665174,0.022777499348435544,0.020133525552111006,0.017802819578583227,0.015739798832481455,0.013912957740217094,0.01230055810437652,0.010876003575334428,0.009614598568024796,0.008498631049368889,0.007514484544679946,0.006644198884485228,0.005873071537923798,0.005191025610466322,0.004590344935686257,0.004058931484601523,0.0035875088693035915,0.003170643102194363,0.002803987005170016,0.0024792939122488594,0.00219122767084929,0.0019370706265055332,0.0017129573454773422,0.0015143401472142762,0.0013384960032545557,0.0011835317372548325,0.0010464493282475798,0.0009249864026404819,0.0008176798133766396,0.0007230784127037482,0.000639292685780889,0.0005649949331733631,0.0004994201132839536,0.00044175977953725274,0.0003906214391047332,0.00034511072330094305,0.0003049199227992681,0.0002698166366952058,0.0002386554391464695,0.00021078876746142368,0.00018619604306698934,0.0001647982120372539,0.0001457447772428223,0.0001287147776295708,0.0001137979495483118,0.00010070198508051858,8.900819657086459e-05,7.860833681396919e-05,6.955571175774676e-05,6.155488533926909e-05,5.437224742517456e-05,4.798149240454009e-05,4.249440765980568e-05,3.767506500986823e-05,3.326012998567808e-05,2.924357398973847e-05,2.585776687376539e-05,2.2986940943106244e-05,2.03122943234875e-05,1.7840123417961183e-05,1.5810507655606316e-05,1.4055313748863304e-05,1.23926449086842e-05,1.0878672626229091e-05,9.683375424367528e-06,8.624226314365664e-06,7.5740684994025696e-06,6.602135473567792e-06,5.866128468212665e-06,overdamped,9.417352909752568
1.0,0.9619780369902914,0.8834322398747488,0.7940186453391708,0.7062362945990021,0.6248575079836421,0.551368425988786,0.4859120463021648,0.4278889042264555,0.3766969483572256,0.3315547407830678,0.29178765531023493,0.25679980100583394,0.2259866897550206,0.19886183848614858,0.17501113436473006,0.15401690580443467,0.13552656227220433,0.1192516453176618,0.10495286829589914,0.09236960935629936,0.0812790531662693,0.07151152763068808,0.06293871929618332,0.05539812457566065,0.04874589289608981,0.042881947873627445,0.03774103098293401,0.03322189076184264,0.02923258279232506,0.025715581901932287,0.022634089479019317,0.01992194688229267,0.01752912288042031,0.015424147336863045,0.01357576178640042,0.01194711289320109,0.01051206286851794,0.009251267210417389,0.008142163060373258,0.0071647568666013215,0.006303960482331006,0.005548223518623191,0.004883385455087914,0.004296987841925647,0.0037801017993959346,0.0033267695676086634,0.0029283050281415815,0.0025767618335310128,0.002267039563967001,0.001995367153547682,0.0017561431274239951,0.0015452084130920017,0.0013596982855286165,0.0011967858096905983,0.0010532284910302135,0.0009266339840044893,0.0008153727157016453,0.0007177956329340795,0.0006317506398938426,0.0005557072001627534,0.0004887980760227542,0.00043040782002191084,0.0003789555995576557,0.00033330319945536733,0.0002930102449649183,0.0002580206679035241,0.00022722265750023206,0.00019985364869700724,0.00017572529959252695,0.00015476630632705633,0.00013625280445865974,0.0001198251019530829,0.0001054212065022441,9.285790310637264e-05,8.173076200840847e-05,7.184610361764229e-05,6.320152509655164e-05,5.5726879487415385e-05,4.9082579694088375e-05,4.309706087789574e-05,3.780668646764539e-05,3.335457335073953e-05,2.944582615049405e-05,2.5861368645352297e-05,2.2642353194420885e-05,1.998867528938599e-05,1.7674781472935422e-05,1.5515105161465148e-05,1.3551540740395662e-05,1.197897953084067e-05,1.0634630310612103e-05,9.330362412610436e-06,8.092853005133894e-06,7.137860765627062e-06,6.410401537487813e-06,5.6495833797966955e-06,4.834637958811814e-06,4.1894030391362094e-06,3.742383159362412e-06,overdamped,9.16746132504299
1.0,0.9596938983308485,0.8711461014296924,0.7655828762945258,0.659316764942925,0.5605028841348227,0.472239252070412,0.3956002794019553,0.3299462244942357,0.27447583959591604,0.22783467226458853,0.1888525483146876,0.15641221134140407,0.12942623665518677,0.10704993318370469,0.08852128273473575,0.07317519410118974,0.060474389604608,0.049974895728210254,0.041291241184980204,0.034119042677982214,0.028195857140846707,0.023299620440570167,0.019243489513760648,0.015892259870851615,0.013131311540424087,0.010857270663322071,0.008978009492652674,0.007417909034574096,0.006127334827258723,0.005062457525632824,0.004184291407620176,0.003458791527444418,0.002857463240916373,0.002359949560372511,0.0019496335192324128,0.0016115715787930198,0.0013324882435420205,0.0011010276988669204,0.0009093364690078378,0.0007511561741886327,0.000620830038023992,0.0005133211875415618,0.00042423693390701204,0.0003503509156802553,0.0002893321408752907,0.00023907786255185319,0.00019769407683788598,0.0001634955229295382,0.00013508309226554507,0.00011154311000698785,9.211061843991017e-05,7.610293030382787e-05,6.292076149100807e-05,5.204823104646939e-05,4.306862035247257e-05,3.56641530489188e-05,2.9510405112181018e-05,2.435771872632334e-05,2.003859037828795e-05,1.6467670857895436e-05,1.3634342910222932e-05,1.1400248067942974e-05,9.530248140947794e-06,7.881029099353779e-06,6.3998587959776124e-06,5.124586966336291e-06,4.183541464214631e-06,3.5847003983094285e-06,3.094017108296022e-06,2.592761043835272e-06,2.053150947028158e-06,1.5383548524157514e-06,1.2024900869792507e-06,1.095529222288605e-06,1.0113152570996178e-06,8.649579807379351e-07,6.453157944194533e-07,4.14882891050521e-07,3.089143366285266e-07,3.4167823493317554e-07,3.6594890537260023e-07,3.2050201759651104e-07,2.0195030166131744e-07,6.4743548030137e-08,2.0941627373170265e-08,1.0402021029111553e-07,1.820730566812823e-07,1.8365386507713116e-07,9.494198154625859e-08,-4.0257600309602256e-08,-1.2051423935458404e-07,-3.174053378072232e-08,1.104372444930739e-07,1.7926489452331e-07,1.2468908119976284e-07,-2.97187507334868e-08,-1.8676237667804014e-07,-1.810387178314769e-07,-1.032136877394942e-07,overdamped,7.179688867108003
1.0,0.9612743311796258,0.8797387597431506,0.7856897510061097,0.6927320289564742,0.6064803056748413,0.5289878414269323,0.46038074979011556,0.40022830914450397,0.34766981913153894,0.3019416408813628,0.26214215265027696,0.2275734602148195,0.19756104475958866,0.17148576610491667,0.14884815542141674,0.12920949247575875,0.11215799286946221,0.09734896786621236,0.08449311920165703,0.07334757008743376,0.06367399211408817,0.05526791287156135,0.04796226787321395,0.04162656429179394,0.03614114913225228,0.03137494991731226,0.027229622609115663,0.02363183937714705,0.02051661590336897,0.017810441619828664,0.015457822244574537,0.013415864623838487,0.011647135931391914,0.010110956597971834,0.008775359763231145,0.007615325526981197,0.006611252814120926,0.005740131231029962,0.004982280888732645,0.004322915332221522,0.003751848922488361,0.003258053846886321,0.002828555535512354,0.0024543218540128402,0.002129520388942291,0.0018491626499502142,0.0016054783782329914,0.001393290646980308,0.0012091244875875535,0.0010498205175365303,0.000911377064429098,0.0007909530284012374,0.0006864724585218763,0.0005960122030358596,0.0005174143938252906,0.0004490314519060847,0.00038963503374332985,0.00033831117824568134,0.00029381638051008586,0.0002550290321036115,0.00022117733649575989,0.0001918318807881894,0.00016665978419460497,0.00014478074053451907,0.000125613984160775,0.0001088947291033828,9.45749325797108e-05,8.218367803858285e-05,7.13265576699537e-05,6.182347220179957e-05,5.3667764505787255e-05,4.6674150585390424e-05,4.053983665522755e-05,3.511590649805455e-05,3.0396138211551265e-05,2.6459977233156506e-05,2.3088519746979494e-05,2.0042400836526466e-05,1.7259227609899737e-05,1.4852597345460396e-05,1.3013586824825328e-05,1.1462301636198627e-05,9.933393588377354e-06,8.422403342239482e-06,7.18233947446063e-06,6.3960459491596005e-06,5.66066985923515e-06,4.837947322786004e-06,4.048127264366224e-06,3.5712926820296296e-06,3.1942858803915593e-06,2.760843146558811e-06,2.3080699066535324e-06,2.0157883381024043e-06,1.8271672222185323e-06,1.5991376600036642e-06,1.320690814476007e-06,1.095847602643605e-06,9.81235596398593e-07,overdamped,8.53697572128441
1.0,0.9599701461758435,0.8726815881803228,0.7692585435050828,0.6654853440757665,0.5690734354959452,0.4828908022360026,0.40777706702520733,0.34315697541127704,0.28820464254039385,0.2416375135136792,0.2024318841778117,0.16947094270317897,0.14178843601885704,0.11861398016769034,0.09920590358092632,0.08295266890454678,0.06935821727482677,0.0579871741503953,0.04847877158547933,0.04053176401246482,0.033888539831156896,0.02833003508599527,0.023674868622323667,0.019786657058581632,0.016543991656326973,0.013838931624050272,0.011577004117174987,0.009681792454751339,0.008095846030405831,0.006768091797842648,0.005656173321312289,0.004726475372508024,0.003953140396466389,0.0033071435698644688,0.002765705142019476,0.002311833895842187,0.0019326575484456176,0.0016161370403973937,0.0013513076570642168,0.001129765688384206,0.0009445117723774282,0.0007895889964769944,0.0006599094319941754,0.0005515903134341289,0.00046119769200907965,0.00038573293317568707,0.0003226339652153163,0.0002698443470996734,0.00022566134095848453,0.00018863366372972153,0.0001575904755504794,0.00013164137975697795,0.00011014462255411843,9.228211845129533e-05,7.726286498740368e-05,6.453028750283746e-05,5.3743782580439325e-05,4.477871804550089e-05,3.7562838936472006e-05,3.155968596146365e-05,2.6428273458769987e-05,2.1996443802851816e-05,1.8246232677938214e-05,1.5277321914866186e-05,1.2869908061400968e-05,1.0807943074961333e-05,9.000715333147986e-06,7.442396169955798e-06,6.208774849022093e-06,5.261947401864636e-06,4.456272815474099e-06,3.721985301975669e-06,3.0462155607558603e-06,2.472990778462487e-06,2.0923647140942512e-06,1.8569841762928853e-06,1.6339731407525548e-06,1.3572882488279699e-06,1.0294472743301237e-06,7.215291235262733e-07,5.724476830777976e-07,5.886919001433607e-07,5.879981125232212e-07,4.939984503266359e-07,3.1686763645315496e-07,1.5332298659263283e-07,1.5656185234336046e-07,2.2791109712107742e-07,2.4455399199690566e-07,1.723118005213645e-07,4.7879212728267774e-08,-2.1175654865263445e-08,5.4947982477495644e-08,1.4154861122302437e-07,1.5197718675483463e-07,6.876882990825812e-08,-5.7594201728775714e-08,-1.0868251381574828e-07,-5.3010967300804657e-08,overdamped,7.4117142801566205
1.0,0.9619731283778531,0.8834067431441264,0.7939616386719056,0.7061446495184007,0.6247333079667698,0.5512174135328104,0.48574007130701174,0.4277023503582788,0.37650093133869594,0.33135428279475454,0.2915861628766997,0.2566005220760951,0.22579204856609747,0.19867339132899503,0.1748301925652752,0.15384450587718226,0.1353633224745468,0.11909770923107667,0.10480823231466545,0.09223447075359358,0.08115330878707436,0.07139468293575665,0.06283024275475062,0.0552980298543313,0.04865384165194969,0.042797216793897794,0.03766290517263741,0.03315040470184062,0.029167371096929202,0.025655933898337833,0.0225794762918875,0.01987225675493272,0.0174839815826956,0.01538300485176061,0.013538389182376563,0.011913241975277343,0.010481368617369724,0.009223417627914149,0.008116967293020553,0.007141998752303577,0.006283388187353088,0.005529605471136213,0.00486659882975971,0.004281881145382341,0.003766483715405866,0.003314451153506487,0.0029172267471376167,0.0025668170343805807,0.0022580852337087147,0.0019873011584648583,0.001748903671491948,0.0015387148875730969,0.0013538551999803142,0.0011915395809105793,0.001048529082512836,0.0009224249772634343,0.0008115866387899877,0.0007143999178030942,0.0006287180004031041,0.000552999596379237,0.00048636204941368127,0.0004282158664290061,0.0003770058727257009,0.0003315721781944433,0.00029145321609522104,0.0002566127483385631,0.00022597349781755023,0.00019874748343468815,0.0001747276875629656,0.00015387028374380432,0.0001354585381317753,0.00011912008352217865,0.00010478438522224716,9.228933767849119e-05,8.122791763448629e-05,7.140013209565795e-05,6.279665878629284e-05,5.5364164926486903e-05,4.8765063462293754e-05,4.281961147885377e-05,3.755472713856785e-05,3.312082298672898e-05,2.9242780496538102e-05,2.5688143322934062e-05,2.2485524196662408e-05,1.9839343323320763e-05,1.754615591576565e-05,1.5407645254387292e-05,1.345431851452304e-05,1.1882435685227243e-05,1.0552520291440172e-05,9.26524434760553e-06,8.035649501109898e-06,7.073506342783546e-06,6.354969187780938e-06,5.610658209186854e-06,4.805082499921534e-06,4.147412552701991e-06,3.707948024143832e-06,overdamped,9.162997927973468
1.0,0.962419072223986,0.8857070569991109,0.7990821076888773,0.7143340766558932,0.6357991150560024,0.5646688327772623,0.5010359361917865,0.4443161168373937,0.39396200685387206,0.34924214910126855,0.30960168503809793,0.27445476814067515,0.24327635760485733,0.21565169003525422,0.19117453282161526,0.1694599639877285,0.15019619857366193,0.13314009794938314,0.11803633496957663,0.10462905060903913,0.09272968942473157,0.08220481246125325,0.07288113293757113,0.06459834973915657,0.057248898346149504,0.05075646552792635,0.0449991899863635,0.03988132319033729,0.03534581407857156,0.03133940169746223,0.02778177960508068,0.024621090823480834,0.021826224700929337,0.01935050612730064,0.017151491970309185,0.01520196275946838,0.013477679322482875,0.011947476974903642,0.010588942897170002,0.009386698760684596,0.008322062115036865,0.007376524723114285,0.006537296244628622,0.005795681264318623,0.005138513633508124,0.004554248244314975,0.004035833711340348,0.003578405952967423,0.003172551747558461,0.0028115556687619368,0.002491947782200684,0.0022095333180454,0.001958607739428055,0.0017357708589359675,0.0015388765826524309,0.0013642918207794794,0.0012091724777338027,0.0010717594851017715,0.0009502687672842378,0.0008423753803647124,0.000746491242874977,0.0006617126621332467,0.0005868036148685178,0.0005201546242864457,0.0004608138078013168,0.000408467994159878,0.00036233562252845883,0.0003211750164380203,0.0002844341356120434,0.0002521640538651594,0.00022370501847440006,0.00019824694476289803,0.00017558005543738542,0.00015574729925965945,0.00013812366530943854,0.0001223557989530751,0.00010843016185498039,9.621269501733763e-05,8.529358130126098e-05,7.551193522911965e-05,6.693975225928437e-05,5.945704005205837e-05,5.270627964925027e-05,4.658352027866509e-05,4.125516542241991e-05,3.674364445749758e-05,3.261076483910458e-05,2.8730632247874495e-05,2.536507424411443e-05,2.266403759041507e-05,2.0139169332881187e-05,1.769562039586529e-05,1.5652946822675085e-05,1.3997778786396223e-05,1.2400733066991827e-05,1.0893788418570165e-05,9.689609699549879e-06,8.611728497687814e-06,7.633754101498652e-06,overdamped,9.57245446460266
1.0,0.9622997630930712,0.8850948290045008,0.7977238037221468,0.7121695810451197,0.6328810418295862,0.561122239080707,0.49700739827912516,0.4399362889439925,0.38935794083539604,0.34451912939045415,0.3048383952388172,0.2697269039850951,0.23863740283305251,0.21113756682408003,0.18682070387670924,0.1652919878510762,0.14622768594379792,0.12937282529738142,0.11448105679288625,0.10129083674988164,0.08960271275382412,0.07927614405292945,0.0701549233833799,0.062069960141305704,0.0549028574592279,0.048578298253063465,0.042990696826018984,0.038033898396801775,0.03364094214329614,0.029769222214861838,0.026343175848809144,0.023303954347273354,0.020616307999930007,0.018244028568681663,0.016141911858610733,0.014279461069169717,0.012635117094309327,0.011180351240825902,0.009891033520337622,0.008750153373342806,0.00774321290995392,0.006851473120506375,0.006060747183366298,0.005361607961822771,0.004745081665118081,0.004198643883462918,0.003713632939461178,0.003285274669759161,0.0029076618901043316,0.0025726597740219135,0.0022754259508290745,0.002013424681001476,0.0017817853227023086,0.0015762744093910318,0.0013944384110043306,0.0012340115197891901,0.00109185710902957,0.0009658360923512999,0.000854578984481433,0.0007562837931323855,0.0006690900278625467,0.0005917743513922912,0.0005236503426024362,0.00046352954380798916,0.0004100692341488821,0.0003625379333072219,0.00032077332209986864,0.0002840594788561624,0.0002513073007412986,0.00022208677484350926,0.0001965270641221694,0.00017404606750404426,0.00015394457047320095,0.00013606931223460428,0.00012048510996688622,0.00010665944082102177,9.429873039650166e-05,8.339894239416046e-05,7.387860272602683e-05,6.538221633327072e-05,5.776118548051173e-05,5.107815033546e-05,4.5316966122892155e-05,4.0132898823102895e-05,3.538508379308272e-05,3.1194341313481045e-05,2.775620679712966e-05,2.467565459843125e-05,2.1706853517622673e-05,1.9002773728317702e-05,1.6936404560329483e-05,1.511321336922323e-05,1.3277855134882242e-05,1.1615916757554364e-05,1.0390697685070196e-05,9.241275339965043e-06,8.097600919128258e-06,7.148990667132571e-06,6.353536516455562e-06,overdamped,9.462112606388182
1.0,0.9623480401090679,0.8853428438967489,0.7982744653508685,0.7130477015199533,0.6340654812980119,0.5625619183285441,0.49864298588555667,0.44171423708747926,0.3912267401473024,0.3464356280703979,0.3067707076114443,0.2716442178371035,0.2405178658315901,0.2129666429865132,0.1885841352219097,0.16697942576681762,0.14783352843983832,0.13089642597502518,0.11591835939466907,0.10263976185623286,0.09086540713673519,0.08045822832358536,0.07125493474444959,0.06308956862742615,0.055847980283217205,0.04945568950611235,0.04379951706875186,0.038777319226414704,0.0343260238699052,0.030400392339348967,0.026921252954612576,0.02383275348327739,0.02110176327511369,0.018687851323080835,0.016546658610685293,0.014648866399712702,0.012972481251311542,0.011487396067911057,0.010170162831053209,0.009004543747872231,0.007974513389758575,0.007061180453207947,0.006250866235565219,0.005534699115547503,0.004901985733914443,0.0043403790019280655,0.0038418271623586594,0.0034019198964146432,0.003013085455430277,0.0026676599854671607,0.002361325903419721,0.0020913049093537767,0.0018519925640434092,0.0016395222518726053,0.001451681656162627,0.0012856418558092942,0.0011383219612920346,0.0010077129776811923,0.0008924277148785154,0.0007903348621698612,0.0006996713525253099,0.0006193379264415311,0.0005485842938287402,0.00048589450276306366,0.00043007270627182665,0.00038055940594807565,0.0003371544025245929,0.0002987076855167123,0.0002643378142039611,0.00023383522891061288,0.00020722261546429516,0.00018357873520535043,0.00016242165505806562,0.00014376928048724725,0.0001274158154072686,0.00011282131151942095,9.980336760153602e-05,8.84137327530608e-05,7.836100533220231e-05,6.934714103832757e-05,6.131053302199966e-05,5.435399866528649e-05,4.82314211070959e-05,4.2659565078113505e-05,3.762132470322405e-05,3.3342939533610566e-05,2.969995540813414e-05,2.6286266590092523e-05,2.306782591642755e-05,2.0391733753009234e-05,1.8235970088832005e-05,1.6151899365551205e-05,1.4134558379606386e-05,1.2540474602547111e-05,1.1207255839401056e-05,9.889491720573569e-06,8.675925390403514e-06,7.720141271262267e-06,6.853140856745729e-06,overdamped,9.506690214082957
1.0,0.9614246820440725,0.8805341372807962,0.787496819005329,0.6956813554555608,0.6105055726575591,0.5338988629639949,0.4659887689818918,0.4063002818982704,0.3540333512034041,0.3084225102908235,0.26860845689106977,0.23393201887791357,0.20372478051269471,0.17739741754861746,0.15447509864893652,0.13452319641385674,0.1171424893274618,0.10199840473095767,0.08881335868878783,0.07734717205370356,0.06735954104528326,0.05865051968855256,0.051059771100699064,0.04446393190645002,0.038727292298847665,0.03372383075260698,0.029359654785178855,0.025566347066398622,0.022267083852845104,0.019390103189545038,0.016881365061972353,0.014700399606992178,0.012803376222207272,0.011149194973485849,0.009706363213800355,0.00845161050173837,0.0073615500101159035,0.006411018348437046,0.005581158406509647,0.004858580545709024,0.004232135397478029,0.003686181633184551,0.0032092310145479157,0.0027934597663840017,0.0024331379988349333,0.002119274639072247,0.0018451934944425977,0.0016063281949830904,0.0013990929376064348,0.0012185210461369772,0.001060931377322836,0.0009236562601771617,0.0008044949282117363,0.0007006694932167811,0.0006100385126324241,0.0005310313710207512,0.0004625214188129783,0.0004029398204638625,0.00035085961936333685,0.0003053091023189668,0.00026575357063146203,0.00023163739014092085,0.00020184147943699886,0.0001756299040836887,0.00015269102605215495,0.00013303812006840428,0.00011602407076087374,0.00010102252321848298,8.780096950379397e-05,7.644843330872925e-05,6.668948621471199e-05,5.8089914306088745e-05,5.049200489129115e-05,4.394801080240788e-05,3.8357512912216374e-05,3.343003257232922e-05,2.9043602682546392e-05,2.5224599180813365e-05,2.2047459565193603e-05,1.9284790127008696e-05,1.676445287009617e-05,1.447281668919922e-05,1.2553417823658979e-05,1.1085113384284105e-05,9.758243256928114e-06,8.413122716521839e-06,7.123989797169282e-06,6.188694999735357e-06,5.57621430705155e-06,4.916333760581267e-06,4.136983444526119e-06,3.454509804942455e-06,3.125895361615392e-06,2.8116758018017365e-06,2.395142022925154e-06,1.9849033147107273e-06,1.766420733751208e-06,1.5626107601358257e-06,1.3669047819596757e-06,overdamped,8.67014049453394
1.0,0.9628681662566686,0.8879902820313791,0.8041167680439967,0.7223165461665579,0.6465161034824735,0.5776824573977154,0.5158036282931069,0.4603873182745405,0.41087122920461805,0.36663267913200104,0.32717382477092555,0.29194171073754904,0.26049293228439907,0.23245744526939272,0.2074321424833607,0.18507623464831374,0.1651300304938758,0.14736746649161475,0.13150346513261674,0.11732448550988078,0.10469189732103343,0.09343104587040617,0.0833637837718847,0.07437505038395568,0.06637711699148524,0.05923330318008517,0.05284402272942035,0.04715246429390521,0.04208339804587906,0.03754908875657971,0.03349802329549624,0.029896125411566186,0.02667893475757159,0.023801562465316624,0.021239136361296866,0.018954583099252555,0.016911903963621557,0.015089430653720275,0.013466578134035647,0.012016385185247022,0.010720566632880018,0.009567075167548823,0.00853789417398211,0.007617380615303088,0.006796135176321644,0.006065686519964168,0.005412692185877213,0.004828488466298908,0.00430875340189329,0.003845580170256557,0.00343100730087296,0.003060987883301085,0.002731975368734698,0.002437827452193559,0.0021748600457149343,0.0019409094688492478,0.0017320921688666567,0.0015453199200119512,0.001378852672585836,0.0012306413389499107,0.0010980715551895614,0.0009795391456760036,0.0008742102128850624,0.00078028065627085,0.0006960774711277151,0.0006208704803010274,0.0005542644423186956,0.0004946807277742368,0.0004411718195991096,0.00039362402505480564,0.000351427207498359,0.0003135376672831046,0.0002796238785945235,0.00024963526297014485,0.00022280238157449368,0.00019870223437210723,0.0001773133027065123,0.00015832243499700244,0.00014123734155410794,0.000125915140320744,0.00011244369939892244,0.00010043041757813406,8.952259480065044e-05,7.974767929691689e-05,7.130117536925524e-05,6.371547447216438e-05,5.671158333423679e-05,5.0489691484180825e-05,4.521689771422521e-05,4.037717512964272e-05,3.588058675011173e-05,3.204381309718536e-05,2.8689591168868526e-05,2.554790501560375e-05,2.2728884730258374e-05,2.0372726725727133e-05,1.819768564954381e-05,1.615173854434366e-05,1.4409932415151063e-05,overdamped,9.993166610462467
1.0,0.9626826164456809,0.8870510228595123,0.8020516779130871,0.7190493797994753,0.6421384341595835,0.5723692681336779,0.5097763277955931,0.453825433437405,0.40396391072965476,0.3595199160675446,0.31998107182811936,0.28477509829033687,0.25342580868380293,0.22554964133853994,0.20074062782140667,0.17863857446317488,0.15896081678479865,0.14148184285804166,0.12592471731259217,0.112055068177201,0.09971411052734298,0.08875642748567733,0.0789916996552366,0.0702854120833188,0.06255310491447627,0.055679938082172115,0.049548531776227575,0.04408588440340429,0.039241899593583186,0.034927561992650014,0.031077832887490067,0.027656787156485122,0.024618052848950953,0.021908012618939574,0.01949393971486299,0.01735146526818974,0.015442974100877827,0.013741486645622155,0.012229658391586785,0.010885442700664986,0.009686882347182695,0.008619423954458943,0.007672246669517123,0.006828682109740543,0.006076004478312365,0.005406786426168312,0.004813058148511459,0.004283459913781694,0.0038109569250660653,0.0033919210219698053,0.0030192679017478448,0.00268662611980251,0.0023906463257969534,0.0021280393698781207,0.0018938849276415384,0.0016851296543167207,0.0014998875271298425,0.0013350178053694137,0.0011879185721071586,0.0010570604088118605,0.0009410004681860311,0.0008374946814484344,0.0007450710072154201,0.0006630607255777312,0.0005903617629785026,0.0005253652432951636,0.0004672636335374152,0.00041592530454558416,0.0003703513406961399,0.000329493701155058,0.0002930554960698204,0.00026096495872553145,0.0002323052036641393,0.00020661508647653798,0.00018388679716140773,0.0001637554183666397,0.00014570071538187238,0.00012956851339282932,0.00011539679069261265,0.00010276839393648176,9.137656915889777e-05,8.122484127614088e-05,7.241721567662837e-05,6.452456425632715e-05,5.729825992399665e-05,5.086679522028796e-05,4.542992539274387e-05,4.0504883003279745e-05,3.589721806353171e-05,3.186659922750943e-05,2.8508122902936067e-05,2.5382572417905124e-05,2.2461673798670637e-05,2.0031594611873924e-05,1.7906699438534036e-05,1.5886263537038075e-05,1.4073822872300324e-05,1.2563031696367038e-05,1.1194007593173924e-05,overdamped,9.818301232470038
1.0,0.9595818270502083,0.8705189306564977,0.764070966034495,0.6567767861216164,0.5569538977078549,0.46782760118093825,0.39054353286183574,0.32447134717297454,0.2687802629328152,0.22212153998987588,0.18324484662995907,0.15103343519546594,0.12435569081391816,0.10232578330687336,0.08417595578962354,0.06921893222339484,0.056900775203543946,0.04677031501234468,0.038434129927270494,0.03158545355356514,0.025961308052450227,0.021338346061369584,0.0175290928042737,0.01439689583374711,0.011830259889473652,0.009728370353706058,0.008001093251266052,0.006574256284657829,0.0054003840247292545,0.00443761613410415,0.003648351301558362,0.002999368934638995,0.0024638848541138946,0.002023740485618799,0.0016630693261880179,0.0013675111403476997,0.0011242224264184169,0.000923394048546658,0.0007584326597228758,0.0006233215117432561,0.0005125901457368768,0.00042133572303981926,0.000346004431896938,0.00028416594523956605,0.00023356409066121618,0.00019212130369590524,0.00015794513913744342,0.00012967621662146587,0.00010645909958823408,8.748443241039082e-05,7.198816901808526e-05,5.925157289897414e-05,4.866060116296148e-05,3.991013677012682e-05,3.274847698831464e-05,2.6925037044726818e-05,2.21925543715108e-05,1.8307088605759827e-05,1.5045244804022412e-05,1.2322769368385654e-05,1.008401355684323e-05,8.266222932733361e-06,6.804200913311392e-06,5.630308769749849e-06,4.674465627138427e-06,3.866108450948303e-06,3.2328865160997612e-06,2.747243622307918e-06,2.337832007457831e-06,1.956059458430099e-06,1.5760893111008705e-06,1.194840450341829e-06,8.319873100202146e-07,5.299598729988129e-07,3.5394367113595327e-07,3.700439863730896e-07,4.3072036453493093e-07,4.1931371601683816e-07,3.1767930988501724e-07,1.8473044261314603e-07,1.4633796145228562e-07,1.6086344751460926e-07,1.5669155988323378e-07,1.2435895409203016e-07,7.864117338399634e-08,5.8287446647944193e-08,8.135262817079846e-08,1.075304132696396e-07,1.0885071960435266e-07,7.569948971770102e-08,1.6818691035323018e-08,-4.06936841342634e-08,-5.138361859966555e-08,-6.589465101652225e-09,3.185153920666358e-08,3.792992827467538e-08,9.233065423492914e-09,-3.306150269642169e-08,-4.418604610525182e-08,overdamped,7.086187217148842
1.0,0.9595707509805709,0.8704568103908197,0.7639208830385116,0.6565245549768586,0.556600827227973,0.46738883126989494,0.3900399999068465,0.323926520376586,0.2682133234220485,0.2215532043336943,0.18268749569564466,0.1504992609367457,0.12385277901283794,0.10185788445320301,0.08374622076622054,0.06882832251654508,0.05654863699441317,0.046455141248163884,0.03815372219774355,0.031337311053264594,0.025742924561780383,0.02114709783164393,0.017362350140964086,0.014251828297255381,0.0117043572177136,0.00961939368434252,0.007907026343954012,0.006493248621952016,0.005330782672371097,0.004377952971811114,0.0035973005266682016,0.002955707043300725,0.002426602695943624,0.00199199326683904,0.0016360825757604988,0.0013445736888966302,0.001104688622836842,0.0009068107254546441,0.0007444005541154919,0.0006114669339315957,0.0005025634772316643,0.00041282465730563457,0.0003388117704559169,0.00027811150095489296,0.00022847546587603177,0.00018783382049484366,0.00015430971793703934,0.0001266107137602276,0.00010388896943963388,8.533615959428548e-05,7.018904288502777e-05,5.7729462014525124e-05,4.737017976976984e-05,3.882759043937163e-05,3.1847740827320125e-05,2.6178872545472533e-05,2.1572083208067853e-05,1.7781326431727038e-05,1.459338209856699e-05,1.194019767010217e-05,9.764838734164854e-06,8.004507287646834e-06,6.592880247389846e-06,5.460109450185653e-06,4.532821652775989e-06,3.742252619942276e-06,3.1090960658114326e-06,2.6004074512907353e-06,2.1702869542672348e-06,1.7872737983936792e-06,1.4343462530885238e-06,1.1089216335359187e-06,8.228563006857313e-07,6.024456612535253e-07,4.884241677205721e-07,4.887588884877101e-07,4.90816126537067e-07,4.312235198126397e-07,3.0697605223810815e-07,1.74788192483759e-07,1.4106244185697328e-07,1.5993914937015824e-07,1.609056935858137e-07,1.2862579304979523e-07,7.426098467291742e-08,3.5470623730957216e-08,5.740252353462948e-08,1.0304786258399457e-07,1.2617376516230064e-07,1.0472686276493283e-07,4.0557347050854996e-08,-4.058103015738345e-08,-8.903095687365642e-08,-5.1949325437454757e-08,-6.596595276513141e-10,2.16363893196727e-08,6.98265799383902e-09,-2.7138490746785544e-08,-3.7806168274789216e-08,overdamped,7.076965837700934
1.0,0.9595740544481817,0.8704753405226486,0.7639656581724692,0.6565998064914276,0.5567061755277728,0.4675197478459125,0.3901902515873402,0.32408908791793,0.26838249125668334,0.22172278252907962,0.18285378644090908,0.1506586287999766,0.12400280773325714,0.10199745544801198,0.0838743954364336,0.06894481517567766,0.05665364310217321,0.046549113196857346,0.03823731693128812,0.031411277077850214,0.025808011089205284,0.021204088888072993,0.01741203042307802,0.014295043448941065,0.011741857173926234,0.009651847101666779,0.0079350350311652,0.006517364573086097,0.005351499188846429,0.004395708346838528,0.0036124904893197352,0.002968696420745632,0.0024376918477461754,0.0020014342931923036,0.001644106565027085,0.001351392719560135,0.0011104946872500991,0.0009117385430693301,0.0007485693723032347,0.000614988283636405,0.0005055415843712614,0.00041535202316150534,0.0003409469599078722,0.0002799083978319376,0.00022998554207156576,0.00018910615070756186,0.00015538827053461038,0.00012751977771408818,0.00010465090623702552,8.597296724334311e-05,7.072241841910468e-05,5.818086399651801e-05,4.7752511874706114e-05,3.914813167885087e-05,3.211435559029359e-05,2.639974940465086e-05,2.175586348048013e-05,1.793723273927974e-05,1.4727177528552849e-05,1.205328511568277e-05,9.859022980001697e-06,8.081654851358064e-06,6.6552086680331596e-06,5.5104765767412205e-06,4.575014932629348e-06,3.7792225712352316e-06,3.145744692415569e-06,2.6417308920884187e-06,2.215238112121678e-06,1.8308433588332084e-06,1.4696437029908416e-06,1.1292562798123654e-06,8.238182889655497e-07,5.839869945681256e-07,4.569397251877942e-07,4.641460535148784e-07,4.79977141026054e-07,4.311093879968197e-07,3.111415938228921e-07,1.7792030867998476e-07,1.430944966488857e-07,1.6034002593147523e-07,1.5940803510459416e-07,1.268345311459546e-07,7.493628848579873e-08,4.181084900690206e-08,6.549658891818269e-08,1.0529647324170368e-07,1.2121297266515061e-07,9.543761392350149e-08,3.2235666025696946e-08,-4.20538597453525e-08,-7.901820983277539e-08,-3.7673167225999785e-08,9.712656778624394e-09,2.7139439782631252e-08,8.254898817548767e-09,-2.8391991584808912e-08,-3.9350999392341296e-08,overdamped,7.079715774558344
1.0,0.9630674892751528,0.888992834573792,0.8063114351182069,0.7257795020449743,0.6511424182611909,0.5832925771992847,0.52216636979976,0.4673171306953542,0.41817169606284316,0.3741622690035354,0.33479733165330916,0.29955100326374695,0.268013978277917,0.23982146650959266,0.21457902972220988,0.19196812228921084,0.17175532855708353,0.15369730066439527,0.13751567921289723,0.12302242474569815,0.11008565744742613,0.0985044234558039,0.08812324538171203,0.07884757582649426,0.07055885201689407,0.06312700437788221,0.05647179144264231,0.050536744321846995,0.04522071334010193,0.04045177244408807,0.03619398209568042,0.032390191240041485,0.028977833506862706,0.025924118827601594,0.023199440320775727,0.020757387783992248,0.018569640800358875,0.0166170746678557,0.01486873024682817,0.013301754804870003,0.011902068227174939,0.010650628791525188,0.009528585105200708,0.008524354609211466,0.007628619430758976,0.006825955999035586,0.006105902963362449,0.005463351581595316,0.00488934697834802,0.004374118916345617,0.00391291923939423,0.00350185260716136,0.0031332982536153298,0.0028029138705486607,0.002508235757383539,0.0022443962573007537,0.002007824270763922,0.0017965532789586101,0.0016076945041881463,0.0014383036391408652,0.001286687716587829,0.0011515482314688613,0.0010304146456831477,0.000921636182524337,0.0008245971940148136,0.0007381058611556358,0.000660329636407565,0.0005905057790305404,0.0005285385799360927,0.0004730330054080438,0.0004230530746068535,0.0003785101748827908,0.00033880902106572124,0.0003030864998769436,0.00027110023007623663,0.00024268038977568062,0.00021714652981357174,0.00019417860619431245,0.00017378660635683805,0.00015559849369245889,0.00013915146160039567,0.00012437128536892916,0.00011140844510384716,9.978318183354706e-05,8.913760755107359e-05,7.962178995918188e-05,7.142200697197831e-05,6.394320625187432e-05,5.703732266907253e-05,5.105700421094446e-05,4.579401871062881e-05,4.091026124117763e-05,3.654325654326653e-05,3.279165067078122e-05,2.933953824376101e-05,2.6168229704572005e-05,2.3443228377407435e-05,2.0992975619484236e-05,1.8778021527800412e-05,overdamped,10.182679070746655
1.0,0.9625471428323723,0.8863616115358356,0.8005305067846733,0.7166366705544638,0.638897831517681,0.5684337045012041,0.5053101998676233,0.4489653443787468,0.398850996749403,0.3542629005877094,0.31466982978807173,0.27949095416446684,0.24822514290465686,0.22047428667222352,0.19583214144361502,0.1739253279923533,0.154455724735963,0.13719071137560665,0.12186409362290776,0.10822902267186482,0.09611039377939912,0.08537502562187745,0.07583571875115214,0.06734442492778472,0.05980640940396025,0.05313036578236902,0.04719074187942962,0.041902858695514515,0.03721792929000284,0.033062891966426124,0.029363155641590557,0.026074185629424144,0.023162709440176055,0.020573989003980487,0.018270206950255614,0.016227603330860273,0.014414920535591331,0.012802058675201365,0.01136891011059269,0.010099188168209873,0.008970426661015286,0.007965866905788403,0.007074702470542945,0.006284992445457065,0.005582135838784008,0.0049564635592122775,0.004402490445750818,0.003911135127054027,0.0034733577774760157,0.003084074982777793,0.002739840502332574,0.0024337286480256458,0.0021611012821382007,0.0019194518380297473,0.0017051318998845362,0.0015143428395011716,0.0013447609638682647,0.0011946219356348104,0.001061130551395782,0.0009422567117230955,0.000836817462039806,0.0007434899744323631,0.0006603682707867651,0.000586257258348867,0.0005206763400510986,0.0004627111250692822,0.00041095035254806104,0.0003647191532922194,0.0003239834167274545,0.000287941395031979,0.0002556695143517839,0.00022691079428923089,0.00020166453501747192,0.00017917697117233626,0.00015903928252214948,0.00014123794592240383,0.0001255457625039468,0.00011149627391306007,9.892611926332035e-05,8.790835161060618e-05,7.817963312694711e-05,6.939545059465296e-05,6.150077116900285e-05,5.4681390992248696e-05,4.8710773868143354e-05,4.3214317811239216e-05,3.8192931892071325e-05,3.3971322389438845e-05,3.032899629619605e-05,2.6882594116259737e-05,2.370476904029005e-05,2.114252587394753e-05,1.8866488519327914e-05,1.667969798598946e-05,1.4755252278883498e-05,1.3200276089368453e-05,1.1738207374943823e-05,1.0343075047431139e-05,9.18858772191106e-06,overdamped,9.691558968137462
1.0,0.9603625103911085,0.8748381218859188,0.7743587438726094,0.6740139875151048,0.5808370410509257,0.49747494958634486,0.4244118873774506,0.361229363776183,0.30698403030563126,0.2606090529275795,0.22114266892533332,0.18755090034509697,0.1590273456399345,0.13483413842093833,0.11430046227518845,0.0968818355104867,0.08212239290555354,0.06960770033731108,0.058999581303763385,0.050007807849143146,0.04238809593961151,0.03592466880895334,0.030444727514685015,0.02580157345714266,0.02186808348104582,0.018536709875497322,0.015718577354561745,0.013329601794585855,0.011300224474161947,0.009576864401969538,0.008118103531917447,0.00688178558733348,0.005833276104947563,0.004944201372702418,0.004190680868868836,0.00355154705386807,0.0030099958970958036,0.0025513414577100595,0.0021628143037587546,0.0018335577917809238,0.001554431284933976,0.0013176623674786198,0.0011167053182578736,0.0009462151871192133,0.000802032150367431,0.0006801350286632138,0.000576668877113268,0.0004886700306276405,0.00041387912541639344,0.00035073643181302705,0.00029754347685765297,0.00025235564561981185,0.00021382498642381472,0.00018101855771230624,0.00015340451092526352,0.00013017614356344867,0.00011041349911131737,9.353189525096541e-05,7.916458016948657e-05,6.712568965729598e-05,5.69842438541893e-05,4.8333790536921975e-05,4.091792108872227e-05,3.459926943130274e-05,2.934480178754042e-05,2.496825121199688e-05,2.1217687972659534e-05,1.794543413953716e-05,1.5100385505486485e-05,1.2728011586212015e-05,1.089257588868325e-05,9.377816169705129e-06,7.988972625248986e-06,6.660427766495315e-06,5.454874315185102e-06,4.56318515132824e-06,4.037947419005209e-06,3.571271932228853e-06,3.0116978468807164e-06,2.3752957895995822e-06,1.8456678577815248e-06,1.6546128388736846e-06,1.535427678951626e-06,1.3269524247832045e-06,1.02514942069169e-06,7.632751140366127e-07,7.092633026454744e-07,6.837006859566444e-07,5.915874495776418e-07,4.34986010246345e-07,3.0256382782477196e-07,3.0812058296927153e-07,3.393363752552339e-07,3.082889830735139e-07,2.02231333156335e-07,7.989058311415297e-08,6.14561119623137e-08,7.92605603089281e-08,8.092483749943741e-08,overdamped,7.7451490567853725
1.0,0.9615419751892977,0.8811523570852842,0.7888958165634428,0.6979573703717109,0.6136078679367174,0.5376795824693039,0.47030451966778203,0.4109738081239669,0.35893513501761143,0.31341856808642016,0.27360136924464307,0.23884848872585474,0.2084984828648661,0.18198513664780253,0.15885098266714226,0.13866411318299807,0.12103501653844807,0.10563770353918453,0.09220441078948995,0.08049327851934152,0.0702648433453487,0.06132344599194233,0.05351535624802653,0.04671842544822548,0.0407863383296962,0.035598467843562125,0.031065626316559163,0.02711976556459087,0.023675678746389605,0.02066413811910709,0.01803336837877561,0.015742980425094845,0.013743745771170192,0.0119954196650159,0.010467752746502088,0.0091381266170055,0.007978219433970268,0.006963508774130621,0.006076154520609705,0.005303932446824341,0.004631041068435968,0.004042289946337592,0.0035271336817769704,0.003078727818561097,0.002688105743390147,0.0023463892494121567,0.002047490135107735,0.0017872889251995762,0.0015604314249898325,0.0013620182140503293,0.0011885505524283806,0.001037541242464798,0.0009058594120477266,0.0007906688492045173,0.0006899140054644272,0.0006022090771539304,0.0005258739551234737,0.0004590622192192016,0.0004004945214269341,0.0003494184965712798,0.0003052051137607511,0.00026654853703252085,0.00023254395820488624,0.0002027497487885259,0.00017706214781655245,0.0001547144245557191,0.0001350184639297889,0.00011768597713435015,0.00010274373462447795,8.980133802736897e-05,7.838709272334397e-05,6.831480380669824e-05,5.9624538951272923e-05,5.214302185332764e-05,4.553447334279961e-05,3.9660113528066406e-05,3.4558273673866985e-05,3.026808205228068e-05,2.6495658270365927e-05,2.3069793998984696e-05,2.0002718065707798e-05,1.7475758716386834e-05,1.5409732545994483e-05,1.3491321909673444e-05,1.163747863123077e-05,1.0006249359113475e-05,8.851755392465175e-06,7.859668996032778e-06,6.813089206639353e-06,5.777804748959712e-06,5.057658062038658e-06,4.538475031965733e-06,3.96935668198269e-06,3.3566947325510906e-06,2.9138914185352682e-06,2.637364571991535e-06,2.3240392316414926e-06,1.952725375529007e-06,1.6580103644829587e-06,overdamped,8.7745930975894
1.0,0.9620368910407857,0.8837376417250503,0.7947010225047592,0.7073324518857086,0.6263424361485483,0.5531738103576292,0.48796762134593447,0.4301191144701356,0.3790404227397156,0.33395189008446724,0.29419791360269254,0.25918429969740553,0.22831657764638003,0.20111866773402737,0.17717886130903915,0.15608313989077743,0.137483907598966,0.12109849566406528,0.10668887065422811,0.093992289476682,0.08278970096234578,0.07291631548997621,0.06424328532167825,0.05660231385688688,0.04985398802723206,0.04390299113480392,0.03868250869731999,0.034083575121164306,0.030019178191081103,0.026436061339524565,0.023293609194927442,0.020522218551661607,0.01807485136706015,0.015921879557739382,0.014028049065541249,0.01235721192631252,0.010884022803774512,0.009588893617595247,0.008447729868665762,0.007440912478648221,0.00655385592681738,0.0057744154167285715,0.005087377921385362,0.004480683644548716,0.003945933873647371,0.003476923840916408,0.003063671399376073,0.0026981831712149136,0.002375739361465507,0.002093436791276705,0.00184462470133899,0.0016245607590530922,0.0014307824384318288,0.0012607532250652578,0.0011106744352086264,0.0009781939677004387,0.0008617846973266091,0.0007592820356786368,0.0006687945184459343,0.0005890202720847962,0.0005189945150339652,0.0004572988446140169,0.0004027536069462893,0.0003546039987243039,0.0003124591652561662,0.00027547559440443823,0.00024264675940737486,0.0002134676052456497,0.0001879415922250717,0.0001658248165133117,0.0001461541090640867,0.00012852699620332866,0.00011311309679476624,9.98125599560582e-05,8.795642246668267e-05,7.736837345005978e-05,6.818010467618549e-05,6.0134409192376255e-05,5.295135783457185e-05,4.6580852817542664e-05,4.108777589685478e-05,3.625444039846314e-05,3.1901832656535747e-05,2.8013056737580052e-05,2.4714586715545553e-05,2.1909928616936947e-05,1.9310510592080745e-05,1.6851959479827863e-05,1.4713849332040087e-05,1.3089409875282318e-05,1.160570758982959e-05,1.0141685517759735e-05,8.875548302730402e-06,7.902730388383841e-06,6.98312087174537e-06,6.089964840013578e-06,5.355985692075454e-06,4.739544444519599e-06,4.181917686906516e-06,overdamped,9.221051652681464
1.0,0.9627068393333422,0.8871739671601607,0.802322474650344,0.7194783265326453,0.6427138804263637,0.5730679170139577,0.5105689984159981,0.4546882323724304,0.4048718493739271,0.3604541424655239,0.32092538908403123,0.285715287717382,0.2543520387237064,0.2264542968802873,0.20161625393447144,0.17948016977150816,0.15976625761918484,0.14224969835394058,0.12665192564961225,0.1127410749373002,0.10036137783138364,0.0893639117159139,0.07955923744389354,0.0708152222301885,0.06304835167562935,0.05613984487334714,0.04997438673330046,0.04448120037978717,0.03960837245299082,0.0352653865414572,0.031389010502981554,0.027944487845350963,0.02488270043428322,0.022150836464431983,0.019717255445857305,0.017556586460308426,0.015630742310733282,0.013913366368580322,0.012387354350059606,0.011029537414117371,0.009818342734567973,0.008739690675816487,0.007782170034978816,0.006928729402585411,0.006167065202414284,0.005490095899975504,0.004888892864021517,0.004352267239634313,0.00387354464312247,0.0034490526964545878,0.003071100649755436,0.0027336023883265284,0.0024334505385608055,0.002166890366079379,0.0019290603979706868,0.0017170504376480893,0.0015288997292045763,0.001361270016218509,0.0012116663849616742,0.0010786544750732664,0.0009605545086108532,0.0008551364815203436,0.0007610239692456948,0.0006775926292990023,0.0006034812107813432,0.0005371597254989998,0.00047793824096126506,0.00042565959274987875,0.0003791063384676311,0.00033734991685652313,0.0003002117138713942,0.00026744222259744905,0.00023811232701460744,0.00021184527224044482,0.000188657126909263,0.00016804184185332204,0.00014953832528261023,0.00013305558287780243,0.00011856522231412005,0.00010559328292898905,9.389868503723449e-05,8.354856812747763e-05,7.452797902860752e-05,6.637713667363503e-05,5.893629288049484e-05,5.241771416364732e-05,4.684053693198796e-05,4.171401492268166e-05,3.6957164934100474e-05,3.290787916937052e-05,2.9432573412971892e-05,2.616328343061384e-05,2.3172287910418706e-05,2.0718693800171266e-05,1.8495861679173908e-05,1.6389050471241605e-05,1.4567395288056309e-05,1.3000542610752634e-05,1.1581968694864208e-05,overdamped,9.841045288644942
1.0,0.9595315505261819,0.8702363566509413,0.7633895462709068,0.6556299710336884,0.5553485063676579,0.4658323835585567,0.3882533666599951,0.32199303721114736,0.2662021964276717,0.2195368076277567,0.18071137540782897,0.1486059075435654,0.1220707741106725,0.10020123449241475,0.08222565890926066,0.06744704381657815,0.055304348867208045,0.04534234881037618,0.03716462326691132,0.03046291964409926,0.024974105532673836,0.02047432723313734,0.016776162668110977,0.013742418427115734,0.011262865755017972,0.009237775395938303,0.00757791447210803,0.006210073007109236,0.0050877829213512174,0.004169927057327779,0.003419507760755642,0.002803767135771921,0.002297016325160622,0.001881793782985434,0.0015425293657253124,0.001265138294717764,0.0010371087061463245,0.0008495281733434891,0.0006960021264140381,0.0005706265759305491,0.0004680410224448395,0.0003835596289495968,0.00031412749233719405,0.000257365648290195,0.0002110551314853845,0.00017315619347852497,0.0001418842605507289,0.00011616029241806817,9.514426231122199e-05,7.803326748367184e-05,6.406912413991296e-05,5.25439797649193e-05,4.299645161376542e-05,3.517160985352782e-05,2.881263643006173e-05,2.366451261753791e-05,1.94740190184423e-05,1.5991306237276612e-05,1.3069630096326264e-05,1.066144835866607e-05,8.707163905697478e-06,7.1415100456150264e-06,5.893550513406287e-06,4.886679470851935e-06,4.038621506525707e-06,3.3070757487798317e-06,2.700800292218071e-06,2.2016237867548723e-06,1.7932407221786237e-06,1.4612869762936795e-06,1.1933398149203723e-06,9.789178918949982e-07,8.09481249069838e-07,6.78431316313139e-07,5.939004932929174e-07,5.395021163184133e-07,4.7117743177780596e-07,3.7167494526493294e-07,2.5114241482553745e-07,1.4712685095726267e-07,1.212721226419673e-07,1.5634624411807901e-07,1.8159364018038561e-07,1.624683640057474e-07,9.533642885002792e-08,7.47580804809723e-09,-4.292356498617582e-08,1.7625711406455303e-08,1.3684968532890316e-07,2.1392261708159862e-07,1.9565452865084637e-07,7.771359711860504e-08,-9.537384533752067e-08,-2.302233114442629e-07,-1.940078694070129e-07,-1.0097719634126408e-07,-5.249163016732024e-08,-4.1641660901326496e-08,-3.602657952979546e-08,overdamped,7.044371067726913
