x_0,x_1,x_2,x_3,x_4,x_5,x_6,x_7,x_8,x_9,x_10,x_11,x_12,x_13,x_14,x_15,x_16,x_17,x_18,x_19,x_20,x_21,x_22,x_23,x_24,x_25,x_26,x_27,x_28,x_29,x_30,x_31,x_32,x_33,x_34,x_35,x_36,x_37,x_38,x_39,x_40,x_41,x_42,x_43,x_44,x_45,x_46,x_47,x_48,x_49,x_50,x_51,x_52,x_53,x_54,x_55,x_56,x_57,x_58,x_59,x_60,x_61,x_62,x_63,x_64,x_65,x_66,x_67,x_68,x_69,x_70,x_71,x_72,x_73,x_74,x_75,x_76,x_77,x_78,x_79,x_80,x_81,x_82,x_83,x_84,x_85,x_86,x_87,x_88,x_89,x_90,x_91,x_92,x_93,x_94,x_95,x_96,x_97,x_98,x_99,label,c_value
1.0222277115518572,0.9580116007755493,0.8413208105529155,0.5847062744951086,0.35404682424406314,0.08056443973694921,-0.1938014735941144,-0.4566386917042623,-0.6264790865862612,-0.7387467855896438,-0.7516098780445772,-0.691442021222755,-0.5558214240916617,-0.35944662332365984,-0.19860555856366113,-0.05553794144528408,0.16766173617762212,0.33500080281931105,0.47548278227554414,0.5129191152881842,0.5954962683126079,0.5033899177094545,0.41635089503780204,0.28103614327059173,0.1889535673049838,0.012435339777194453,-0.13206427412802965,-0.28194787521570414,-0.33257882425292273,-0.38836067002390695,-0.4289470097409817,-0.3836910758612547,-0.34313550052752484,-0.18412866483241172,-0.09346135423263194,-0.023184229705950115,0.14919741382695703,0.17251919113487013,0.28320969681140384,0.280972462229656,0.3120475455385989,0.23290924758698223,0.21411975475489137,0.14936480501174632,0.0414036753560002,-0.060052136897512626,-0.09465787341449669,-0.21668935857334037,-0.2534297858436433,-0.21278578342929955,-0.2031889364817417,-0.16770514843582165,-0.1565013907235306,-0.10826673843908863,-0.07166540330725532,0.02892983757579989,0.06858119108132431,0.046751833196272505,0.18423291022105015,0.143915882757143,0.186714185174515,0.14768841894001533,0.08340460060654419,0.05490222726093411,-0.01895425198802586,-0.021182952692754265,-0.1071574516011133,-0.11408727298252164,-0.1282116652362908,-0.10950417937678975,-0.09980248129438764,-0.0600717744992228,-0.07600801356936278,-0.047327840450535584,-0.00748989210110239,0.0473520883809222,0.03976319945389105,0.09792927621454267,0.04591487461835608,0.07834150128126205,0.0255646361498114,0.09623971948435799,0.08514795364416766,0.054124268422749346,-0.004020166830881704,-0.046388882254249766,-0.005248030997683638,-0.10025527732508915,-0.08583314083447811,-0.09430865956224746,-0.059656498794262235,-0.020762993515460952,-0.05261152789026982,-0.017321440315081385,-0.03058387548014417,-0.0011555098055345651,0.01122904509480556,-0.010423299599249439,0.07375819061096311,0.05288519798166451,underdamped,0.5951910048218934
1.045477277637401,0.9443100840482797,0.7522718295173081,0.6541339823717927,0.5894087874059456,0.3634814783254613,0.2638017294521713,0.13440765602148858,-0.01876078454475255,-0.0637469219050907,-0.05774506949777167,-0.12637381190177174,-0.08640768028883096,-0.10218876954345572,-0.09811503918519103,-0.0978595003075809,0.008094843314619717,-0.06696676235989045,-0.04133941972902061,-0.00936713539500302,-0.009955984070534527,-0.004862168147456346,0.050587111963118006,-0.02922007489570421,-0.04667739760178742,-0.01266394516783953,0.04177159456035576,0.028716548419966466,0.0037738764500616275,0.020447859159301272,0.08223862974976918,-0.004983351797904953,0.023167180253782338,-0.005002663979158951,-0.024809701358464678,-0.02358607319190791,0.005439128455755792,-0.04329846568671102,0.03984103188758603,-0.029896119714682378,-0.026765021777695026,-0.002337926154432075,0.0336506348332566,0.004072622974032297,-0.007682315593993929,0.003929885345743865,0.027387053711386784,0.04066874304163833,-0.0563992275601187,-0.013707459954702165,-0.04236759495644774,-0.002649532352498118,0.01377705191338683,0.014607441000778045,-0.028303423828757633,0.020942224442969417,-0.019674587569700214,0.01596582852430436,-0.01837501945861054,-0.0630507297400694,0.019818823311392314,-0.01635278641981562,-0.013652355817905549,-0.006747107955340463,-0.04335088263438384,0.03148403313607987,0.013402291732945812,-0.002877496563052925,-0.005980388012170893,-0.018534660976860705,-0.0021313336402037945,0.016466382690882533,0.07025493457141849,0.04373940672973883,0.05632855265772614,-0.004181404722233955,-0.027623227090967022,-0.053132997180059933,-0.00888578205236804,-0.017980456432057364,0.043028831679502035,0.018340619211132492,-0.02242284629385852,-0.06180839291676884,0.008956938861352555,0.00582632203922977,0.037067684269836323,-0.009983868473082,0.015573262553657064,-0.0041008409142824455,0.022058709768723005,-0.036300896886711856,-0.04697345872767635,0.020391886624904286,0.03822670429766723,0.019019903022710033,-0.026765254215600182,0.07272219104743037,-0.004488122377268179,-0.013730065777051142,underdamped,3.5448192698024132
1.004873772020223,0.9533540591166636,0.8276395599604857,0.6708675251701711,0.48036846281219464,0.3590300340946521,0.150565733467094,0.02753736380305118,-0.08410957040235,-0.1367685024535727,-0.16671821554687885,-0.18231590559940797,-0.14590314963265738,-0.12266409382835172,-0.14850249684441383,-0.12676784701216823,-0.041081440632488586,-0.04307199354085636,0.017901319768434492,0.03292067441468742,0.07912520166887815,0.010262827092425746,-0.037023844426990915,-0.037837820659496146,0.020934926480148608,0.027935187785347666,0.03625820176610699,0.003871676494107041,-0.043508444187628,-0.004742370921721733,-0.028693947660822616,-0.014498644986258621,-0.02395202090042443,0.021745685214087995,-0.008889741466051149,-0.002614448360469146,-0.001498008066728607,-0.003670836244754222,0.0028814919323471473,-0.029063645439887528,-0.05897467412147604,0.06216172246697856,0.020046618247888334,-0.022290763975349674,-0.010826019999985474,-0.0007670454954802775,0.04601445179378548,0.02706279507232489,0.04071475322186034,0.03276220086643664,0.06469655569357598,-0.011663701427944569,0.0559943809965001,-0.0333827621260411,0.016311124923926862,-0.05049291049734974,-0.0581421684085612,-0.01403476133740011,0.03050941676327284,0.010600134316596725,-0.029794180572537916,-0.02688671376474375,-0.015050153103694125,0.008361833335387443,0.04002912026254047,-0.029287660941404937,-0.03956184376958459,-0.0029227929394731074,-0.020905002194421134,0.01635128982780824,0.005242719125468205,-0.013388530525909638,0.026190185330985143,-0.02686510709267593,-0.07509511375922832,-0.04415880727633075,0.042752393007036774,0.039736551139024495,0.005328670331855268,-0.039327007391798924,0.05409075089106801,-0.019203791531499762,0.007138536006980283,0.011325599392532916,0.010084661038668718,-0.02280776181766264,0.010073356019348183,-0.011177015761450306,-0.010614433745605974,0.028493473167422984,0.0158282545635379,0.02810332666821468,-0.014900804468189557,-0.012670868067857936,-0.054463619972000235,-0.017844117618187407,0.007328926368745865,-0.012609616867670908,0.03089671258290817,-0.03348395982762308,underdamped,3.0478851169353707
0.9783194109754725,0.9581242311907621,0.8227120080707817,0.5935316107593823,0.3631040107102516,0.11395443060598254,-0.13603407527170222,-0.3524583330837978,-0.5056222682961814,-0.629153544564134,-0.6080432954321681,-0.5288871946083729,-0.5196224696435691,-0.31901636627536395,-0.17109766274555127,-0.09745487155369359,0.07665755969093252,0.21100884111332516,0.286310903550816,0.34563297801898435,0.4062985573101695,0.367968750756684,0.31323133545136916,0.21108672828694514,0.12714017771272323,-0.007486348449625216,-0.01605045917364077,-0.12247046521324384,-0.16655618776817194,-0.15171095511493413,-0.20040541282005775,-0.18989592294537347,-0.16429445610732177,-0.16012623673982637,-0.04049232487188503,-0.010173740935421232,0.07152712532810317,0.08826778643849169,0.13893451301784907,0.20066141204376922,0.1303225211331238,0.10615900731815422,0.09377199047608066,0.07246700289524619,0.023243192705711048,0.0734208720792257,-0.0430267493718971,-0.07934137368727481,-0.06983719382619774,-0.03538112597542098,-0.11121918437603373,-0.07761622094739187,-0.04405840923978752,-0.04927752353999382,-0.01676661764139196,-0.025830490267756294,0.031066470801041888,0.013293166942565077,0.13949553006668872,0.06452772027453847,0.024175282608508354,0.014121921032829787,0.035110158530292056,0.06515036444355782,0.011697755549980548,-0.0007697688206961921,-0.037204693369260036,-0.02695346192050247,-0.0624510119274952,-0.013567458857833533,-0.055092402711829455,-0.07057705676428316,-0.03886277585562537,0.0036472460802692494,0.03672266507372042,0.021287364882538264,-0.005206079385296851,0.011028845339290447,0.030613546001498168,-0.000984218675292789,0.056405156368663376,0.062359040906928634,0.07609444712815862,0.05675463479161587,-0.030112597022219446,-0.008405969165379449,-0.04362387370182898,-0.034109207536639284,-0.006679707668695684,-0.015857627177463696,0.004538490357334906,-0.012238873803905714,0.0009424497008729757,0.00779942959081257,-0.005958221459544069,-0.08027120454487273,0.00635521065409566,-0.0005233456630755334,0.03208422245715822,0.0019062534718409267,underdamped,1.0020668612245596
1.0121678917835202,0.9938966503336254,0.8425320324423328,0.7340946255838579,0.5840539796034285,0.44882851889017006,0.36415496161365407,0.25775299846604993,0.15542180760194135,0.12062098498095722,0.10246063306543149,0.10132399786385073,0.03929933840888453,-0.034223790060051454,-0.01649582237962629,-0.01699341406710873,0.03019353959754746,-0.06474560886836489,-0.012533724850867952,-0.04798023484551594,-0.028538664077972765,0.02262226672347725,-0.0003602589118162653,-0.04481757427795268,-0.00803742254017191,0.04411196613061399,0.002281228556671202,0.0416302778020789,-0.01984387462764448,-0.04039804396153855,0.034969826546583496,-0.041773279541151336,-0.01082410241276674,0.03301776353050385,0.033006688768890756,0.02634737514962171,0.004412713853369413,0.02918879210468494,4.539167780886973e-05,0.03597546374026239,-0.0033185703556803552,0.02430686592270288,-0.030165153565833543,0.03812870405033659,0.010126547885692155,0.02396764068153813,0.0008870638674812583,-0.014803144616121474,-0.013728385768611412,-0.02129165265521925,0.03606210442003847,-0.027352273998714403,0.05659358127827721,-0.06131972352073555,0.025395311452510765,0.021717912344514593,-0.0020948507227724414,0.01042960862866812,0.01981146894221677,-0.050553763460559266,-0.002507427402634138,-0.0009338486719796519,-0.005113372499271395,-0.054699730023899766,0.03726843058268825,0.047902776733740195,0.03043730516299338,-0.008612869816376066,0.018826835369173466,-0.012406669454823894,0.005560984829907359,-0.026614479233422774,-0.03970826740137647,0.023969559179750303,-0.015274909708070479,0.012393688288356465,0.04457182381975509,-0.058400654116186126,0.015433446113403651,-0.006707772348269902,0.053543550785704205,0.03761692321691933,-0.004183518092614453,0.007346763241575003,0.029230385955161996,0.058440937370375104,0.0009214068776759749,-0.01274727100743882,0.012594924924164882,-0.03880342672334697,0.047502603839462296,-0.04876763751953453,0.0025266558954806593,-0.0019435254217260028,0.031203457313311825,0.0005529066022505765,-0.010540756452897568,0.0003142858132530155,0.04392877498873626,0.0023233179466476306,underdamped,5.35184340308959
1.0448055477197926,0.941888791775875,0.8347558068328084,0.6180818962675698,0.3821584114529096,0.18302249621692085,-0.04807774908358943,-0.21290760852154336,-0.3205463106698765,-0.44135824268855134,-0.4252273488139606,-0.44205804870636495,-0.3863225672543731,-0.3336604350695373,-0.19597446794835208,-0.09779220847186784,-0.009064203722065432,0.051521218224590916,0.1862542134292253,0.17931309932691972,0.22788851155874934,0.22184531483754386,0.18597232220130105,0.1108003256417742,0.11220832351162917,0.056651687411456486,-0.061233344325679326,-0.021800372240356383,-0.10133538354176291,-0.08758193343440351,-0.07206731349103125,-0.11928886044415765,-0.08858149546270537,-0.07989233866454486,-0.016413601087294782,-0.023868217574759425,-0.08123968585862339,0.03077822006511495,0.02916623399990928,0.09817230606559949,0.03746607620862664,0.01595224525998086,0.03831199804682956,0.004610059319789743,0.013908073568283039,-0.032315579840099286,0.015237391562719757,-0.06294752459010804,-0.04994223983339456,0.0007369156145865322,-0.041911677787939326,-0.0036380127785279326,-0.03487127337846426,-0.08178643028099725,-0.013468651736677693,0.0032548174311817016,-0.03474753743000253,0.03426556876971969,-0.01671459536325203,-0.0004377403957469498,0.02585085503597242,0.007234294581538294,-0.004744646167504434,0.012537730136656166,0.015189396542062071,-0.026015329580094677,-0.03378441667012223,-0.02831907108007269,-0.041817880365735347,-0.011201508770116797,0.02026768796502964,-0.04941053732260723,0.022290762712442964,-0.021519105233254385,-0.03227534299069679,-0.05298548235566827,-0.0380203423732967,0.04492917530456931,0.000380951336765486,0.005329607439439686,0.0315458662971951,0.006125225528460368,-0.05457732887098732,0.034641588356902155,0.00918604408390056,-0.008736725544067448,0.04522234490276226,0.003688852525531379,-0.03854844611038378,-0.03988654067534157,0.003774501569694904,-0.03439483085116394,0.0017045227273338808,0.003926197986344686,-0.040212066961140824,0.029555338497655115,0.015516891401326935,0.033657342459305795,-0.03450819829523975,-0.03546395276507389,underdamped,1.4595508971787143
1.0013737201653208,0.917765099137827,0.8580633254127454,0.6439293711510129,0.4207511800175255,0.2485622810737735,0.03824389205128657,-0.11207563416819995,-0.2847352840276748,-0.30087588592935816,-0.31914356175702757,-0.3511183933714281,-0.2819192595112087,-0.20866189312085107,-0.14400673914909384,-0.11862055321610403,-0.04923755082157268,0.030439819045553637,0.06809126330750356,0.1026939212134731,0.0859295091642795,0.11576026789589118,0.14277181704600247,0.09023504510330017,0.04596338792423072,0.056955608223234006,-0.027731347337045558,-0.004825602331650917,-0.0390280712056416,-0.004031942354370439,-0.056293834277084814,-0.03438352133931623,0.0244685881489686,-0.033063521604392763,-0.005356862022617863,0.006999508854267363,-0.06537078793792522,-0.022003420175015605,-0.004607729129024441,-0.039424883418777514,0.058050025630943025,-0.009316674963633422,-0.029943060338453696,-0.01714680658217526,0.07418239952599662,0.01619564613886213,-0.06595790667977351,0.017951266729853622,-0.03307842590444303,0.03043317686831524,0.038264362820472804,0.003076698869835147,0.01029050581534709,-0.054972352892361145,0.05145506936416726,0.018762457243960494,0.06256032295860299,-0.01251293344242364,0.06601802166652096,0.012402495516473116,0.04043683334786381,0.013709630424120742,0.0007046176941450092,0.0014036045702832437,0.03951488999051354,0.0036334834259233945,-0.008119327307586013,-0.05414226499332819,-0.006062170878899896,0.013453411119419861,-0.004942353697632637,-0.00032377388650361733,-0.00020878282352009898,-0.020676588889972786,0.01928563614780635,0.011541427073351505,0.006483509085252071,0.05274474165190178,-0.020004339322671993,0.026066267054921127,-0.05982675245951614,-0.0011764331870908942,0.017974110317107814,-0.021920520432129807,-0.01172765862122254,0.04508456053251119,-0.045484916534382226,0.037124524735460865,0.018477840334894555,-0.008641360657053654,-0.03898401803519107,-0.018685281014698078,0.006618777012924868,-0.009773930890315898,-0.017273277047954498,-0.010752878530963845,-0.025818466622073738,-0.026527152269055162,0.02575082094041468,-0.03365403257886519,underdamped,2.12249124262735
1.0117329955696817,0.9526733334438688,0.8514046349562207,0.7221442747919531,0.616063279628381,0.48125044306770404,0.35358585737767856,0.30983638547041725,0.2116133886208151,0.13239799397918886,0.16732188614158439,0.11600972580281363,0.037777273435710905,0.034223256460445196,0.01143504203418073,0.07121856270952512,0.05264259250237782,-0.05230512027800589,0.025445377558389656,-0.06172947127035819,-0.001380755955435413,0.031214240829892423,-0.1318176701778614,-0.029230712815944138,0.007823243262964803,-0.0698617176436961,-0.01372082941833713,0.04830445045795048,0.04229651908630634,0.012749844933892283,0.03142610376697209,-0.027460473916431593,-0.025162443933721787,-0.035752391622494765,0.01477715243801895,-0.02860799677443502,0.009209127040745245,-0.011504318588997482,0.02211535327024243,0.02531983433716975,-0.01949229584439991,-0.004253086990188124,-0.027217245240188603,-0.0010018629823924507,-0.04600489894367555,0.05957699658622513,-0.03244310692370129,-0.012980981695737597,-0.05887349767184261,0.009547157004267032,0.0570679385480571,0.004451027596776119,-0.03728726025090698,0.027926625713494167,0.007449137679851916,0.011745279200894944,0.044339809928255716,0.020994695245313173,0.005274776211643791,-0.033624356110458525,-0.0028380979069993085,-0.02392598021787475,0.004854395710466683,0.04568528155794988,-0.0018475452547201464,0.00855414334978951,0.011683184162857595,0.04273274798987758,0.011279638113212783,-0.019203019307657533,-0.015473504661352307,0.0008477894383442516,-0.01029943281052794,-0.013881926195389279,0.0638235143707358,0.02594160395166605,0.0028458400490000324,-0.01805840097706981,0.023845468466532023,-0.011988191287778177,-0.035776921544133145,-0.013623238823715696,0.005765782046571536,0.003292254289656398,0.005528331182262817,-0.0014901034029041308,-0.024124276393670128,0.002057001398238215,-0.0012150117165324206,0.007611965636397828,-0.000976919519799889,-0.03486014488880751,0.018981640489874902,0.007954475475481403,-0.06731825316932175,-0.005172304872871942,-0.032745272947118494,-0.00971500171289313,-0.026838625723354378,-0.02795427288579064,underdamped,5.492589471054575
0.9888389371319638,0.9696874996555891,0.8527839273433783,0.7425755050509385,0.6126708491730151,0.47422781099043015,0.35609166451634616,0.31924607574058556,0.2344084567064523,0.16244002221537754,0.14514962525692415,0.16310495352318471,0.05573856629920539,0.0907870887281466,0.027242465144969055,0.0315056763894107,0.023459095567250336,0.028592822174730095,0.0438185510700601,0.03754887545193264,-0.000275748524075099,-0.011937853079265188,0.04883500236031462,-0.02523813069628708,0.023993643594658286,0.010353700787504375,-0.05812694391792183,-0.040049623855761544,0.04648557483201185,-0.030049349593003007,-0.06425191416937762,0.04356932933889889,0.04230863691741888,0.009713289922898083,0.035420489466188664,-0.014280605076017574,-0.011653686149048319,-0.03817706856567416,0.06324974661586624,0.06242168302670362,0.017072196872883097,0.04926150530034489,0.00870138168178512,-0.008354334317865293,0.031827600303318,0.01883112177921099,-0.010243950321219402,0.0021656122616531036,0.01650847348507383,0.03163092140300734,0.008111289174016394,0.011879919317767646,0.025555944425372366,0.003089235471686977,0.005802109904232737,-0.02636638713465014,0.021548038880263253,-0.03143994408124478,-0.06060533455866028,-0.04046939514008683,-0.026310957199316302,-0.050410938948602366,0.014859888425976254,-0.026190888644142585,-0.03564036008912767,0.037293484835175805,0.016993313121985817,-0.02619085821439465,0.035685035146350554,-0.026915056457072782,0.01700959905733807,-0.0044922274031557055,0.0031436971020431556,-0.009140806238677813,0.024465324288435963,0.03263488772784524,0.012719504845868179,-0.017137334227081816,0.01225740632295916,-0.030535595400518124,-0.01921279573789553,-0.005009898474707187,0.034558085214188614,-0.02281752605271459,-0.028652519997197666,-0.0017406786559056703,-0.06227866475791764,-0.006672946750941329,0.027797593015162294,0.020065702636221764,-0.01471207421679765,-0.019660572818074245,-0.031246422882221854,0.010475489854451481,0.025718710839648183,-0.03630476436646033,0.04596563994148498,-0.033633458754711486,-0.028992561851716864,-0.036163512039311826,underdamped,5.804025032159226
1.0028049163323831,0.928857688403507,0.8401552937517176,0.6520275833903141,0.3917283740244015,0.27337792352001333,0.043757097095214095,-0.04913729399856518,-0.20895244435058194,-0.25485232605890557,-0.25429441189243795,-0.2968816129835726,-0.3168395071922465,-0.2038020631732995,-0.1664719137699221,-0.12721285159608905,-0.026622642624301387,0.027699892863351772,0.08458789773878692,0.08052979260466676,0.1320985304249629,0.0305774405282693,0.14016458934419102,0.08164038419656773,0.021540643197214528,0.0595848719399162,-0.053994994978899216,0.04945979627180453,-0.05043025512363518,-0.004529503794521963,-0.04333216279796534,-0.04509739066055288,-0.03502607876882707,0.021957550377439076,-0.03661201114530651,0.03407879144305793,0.026043673624777098,0.0423235817951266,0.025001543527666266,0.04011460838624678,0.01815032175474017,0.050886680837167325,0.019337042414222204,-0.0350164361175383,0.0002487872148988525,0.05351621726906693,-0.02463034599402057,0.02713132652676208,-0.02685744973658412,-0.03555755087712136,0.00011167813073115424,0.013454600024106308,-0.019377700914980464,0.04033391859248757,-0.014452061195661024,-0.012871296865980274,0.0034827489128343558,0.0027721479977840593,-0.014695285954504693,0.0052853353552237345,-0.03414658068178733,0.026274573830875798,0.0019117497047550186,0.049707895579820034,0.040413253113277814,-0.02943347922413185,-0.005109066890968155,-0.038983683257678245,-0.033585323035136554,-0.019791635599674454,-0.007651491065608857,0.017062150203775567,-0.021288484678958546,0.022761630714383422,-0.02945028686335312,-0.020268989986055766,-0.029002250464711478,-0.004209473461508633,0.07418904693664195,0.013761400269804987,-0.029881523958657247,-0.006986250478776346,-0.007117489788053632,-0.050230928133511245,0.005086202847098598,0.003549229363814728,-0.0030576960290370843,-0.036369778672503114,-0.0636936730632465,-0.025557938400769347,0.019924292086477804,0.022625329439697587,-0.04584660239576073,0.003251614519729892,-0.01858878752984757,-0.04894317818535345,-0.007392189039420425,0.024484877525725486,0.01884727637942395,-0.003949548223832405,underdamped,2.174446034481196
0.9768579645719843,0.9171076052696076,0.8223885062481401,0.6451864745485679,0.5088315744319373,0.25984562129098193,0.16677691294507965,0.033339434542009196,-0.09416205709455583,-0.1766596249413976,-0.1608080304617444,-0.23485321715159307,-0.21678916810331691,-0.22317759229553286,-0.15937896806615395,-0.10600708283860866,-0.10307718876604177,-0.0917350687643075,-0.035518837720786595,0.05677691421658275,-0.0040400345293380435,0.029078703289243512,0.048690230886901435,0.06245510024234167,0.044983517225162625,0.07103892212560531,-0.0023279490483226264,-0.021101415153152944,0.042831088105862926,0.039054322066061686,-0.050883004386390415,-0.012208384963198139,-0.03595514695380399,-0.05511339512680971,0.006843893567796447,0.0013332662187786476,-0.03343215589586531,-0.0169214543269502,-0.0701491227403285,0.01689236811822023,0.00804448408987874,-0.03608362026629557,0.008272849483861689,-0.016544944270446952,-0.007840759810730652,0.032705516764829974,-0.02342263262693537,-0.02519901850417264,-0.02430931385686543,0.00030597298403161157,-0.01994554684372862,-0.03226102546054052,-0.022118236537486114,-0.053255162643545864,0.013658000002277404,0.005190371061999599,0.012004943205125079,-0.031180650787854234,-0.005698519483208336,-0.009933042923109894,-0.006040330136577783,-0.024306330669733197,-0.02061698914307576,-0.027323498682599725,-0.01783186002494383,-0.04986661810505949,-0.010180139092201414,-0.03495193204296861,0.019047453932970984,-0.006143739236893577,0.027895294376100003,0.04013143188794439,-0.0296076789543369,-0.07212032915858901,-0.03760344604334084,0.02435112789545525,0.024714239560961988,-0.012730141880433813,-0.020636603273194536,-0.0004368369198406334,0.009518597227664512,0.016372208851339252,0.01985686741266904,-0.026665772768270285,0.013623145915808477,0.005015148021851012,0.02691242245963929,-0.016660378546816283,0.010114202354195065,-0.07293383090216062,-0.050486644085851955,0.027650709040387564,0.03466336482706469,-0.013504769939270904,0.018720523539912434,0.0192961508152299,-0.013625963980674444,-0.026383429776542205,-0.037337130603923865,-0.02192753830906949,underdamped,2.751614649535899
0.9981052455630282,0.948137851379407,0.8450552233627409,0.6285368479401252,0.46684626196964296,0.2564902252614821,0.1254282100256831,-0.09222869310344048,-0.19388355730279688,-0.2610812869784546,-0.28699099957176544,-0.2846231575007666,-0.26121156110966687,-0.2042052631785222,-0.15768797577242635,-0.10167493423297587,-0.010689346089357551,0.003725566038734524,0.04193732084224938,-0.0017040831319162023,0.08390856280432712,0.05419369163952378,0.03680696485915189,0.049042538904494115,0.058678173645153556,0.08373163107927323,-0.0016454489905696444,-0.007303356516430028,0.0546337574016877,-0.039566491735786094,-0.048376694855263816,-0.016715292041522403,-0.00577744337304489,-0.023458323122185078,-0.02508767665615251,-0.010781236093078881,0.001588017026531812,-0.02376994446625665,-0.06884176762246322,-0.012056159092462545,0.033902940201240774,0.00250079546175281,-0.03526839643622456,-0.0003796666286916602,-0.02248699599115171,0.03104288642822775,-0.005290846938354984,0.02460464781135293,0.0095398038258255,0.01057790662861127,-0.020869971970029662,0.02685677354995263,0.03732382546321172,-0.018360207868042433,0.014927115690362959,-0.03552298933572767,-0.03784424901321546,0.04807131484777772,-0.01497822793160961,0.0027838079484398077,0.007556622977910479,-0.011539652853537122,-0.007521761686860064,-0.041119565276290695,-0.07925282334258754,-0.04738518073923215,0.019835523732263865,-0.040104926279075644,0.034324553701135053,0.06426280629078657,0.027755836300172546,0.0065359286992388976,-0.017732974191293015,0.008660947309538203,0.01854464995327843,-0.009873786224046926,-0.09933867754991547,-0.01141348087597265,-0.02862644446811947,-0.005661437739654843,-0.006006327926617419,0.0032785956899223094,0.03353859035335333,0.02710100493445961,0.008293744461250585,0.07085138272383618,0.028489256462279722,0.005708377582286878,0.01304455049062581,-0.03428653476092145,0.017553143848157288,0.025092205683902503,-0.029593532145740238,0.05365193356752952,0.041919772717060384,-0.01276024638380613,0.00843113217349511,-0.01873660569951675,-0.011817970019699706,-0.0014340222594067266,underdamped,2.3889001851839917
0.9808757465811722,0.9425223271912843,0.79226716079529,0.7307399021172707,0.6048612791984924,0.4940392072696276,0.344439660858813,0.32132852965218417,0.249292607084011,0.20732659765692513,0.1665149852939397,0.09665206381351504,0.005850373160996104,0.06162938020222862,0.0481743245918815,-0.019643822517044503,0.052486991737805126,0.00797766285642916,0.014138152846909741,0.021455373027739186,-0.09132397599547992,0.020991802311184356,-0.036014912909474416,0.01741593520017191,-0.041140070313172294,-0.013248091555068803,0.031888644602306636,0.030290427302036585,0.0023386137874960235,0.03273312321506932,-0.00960404403305882,-0.03193518581354025,-0.02361615154079752,0.044643497914295,-0.01245395536596364,-0.026058379916558388,0.01193575354853633,0.011803500520182586,0.006364703632205077,-0.030873582267453344,0.07264354123404895,-0.0016138135968385575,-0.008090152986055244,-0.0060016418918988935,-0.005659978732590786,-0.00613196371318434,0.024525570518526763,0.011872839115352998,0.02736036070543777,0.06282650212585558,0.05701863566688281,0.045109623516373,-0.04581757031521314,-0.024650087670709517,0.07881718000525033,0.09251059935286939,0.01568842436598496,-0.007478180108673114,0.01814909833547929,0.05340451351232085,-0.03294930122374818,0.006452838729165707,-0.06255448902842317,0.004182689383289553,-0.0018285967067274151,0.05696545906450393,-0.058797313156993054,-0.023995252886502196,-0.03338570511856593,0.02991297985065296,0.02753039842459769,-0.005855003464614778,0.020547358191813875,0.02143046401432644,0.00420740382243295,-0.03083420928186794,-0.013089246291840849,-0.04393126122369862,0.009707591209818222,0.04733749217424403,-0.026094464529480395,-0.011903168801880703,-0.010059177606254233,0.00291971751364787,0.009953008360563042,-0.003245505189231809,0.022855482880815094,0.08251366934732135,-0.02480579019587504,-0.00471467144192456,-0.058404181400549614,-0.015990550053450046,-0.02562822110365761,-0.012561073145063887,-0.010077742228027516,-0.02472897105988908,0.013916348264496295,0.027434230882461514,-0.024260293902492416,0.02639995664392687,underdamped,5.388898891371492
1.0290077684340262,0.9884496276555953,0.8387606374913529,0.724708068963578,0.6720104707450997,0.4689889604419215,0.44917128115111504,0.3007829659768158,0.232138827197673,0.17057672503967058,0.10817593421512633,0.1025306522975964,0.014170494125047665,0.015577445119806833,-0.030181787659409168,-0.040658421664197114,-0.03551357072687815,-0.01459263663735995,0.015882827583765184,0.0376020906565218,-0.0812574457836611,0.03151351209515724,-0.036677332966012506,0.0505345716788178,-0.03063928808626173,0.0019518870602469212,0.013717304593167947,-0.013810736242292843,-0.059356517274358325,0.0036797648438385093,-0.0054752698745195215,0.0109774017132529,-0.022878510702580897,0.007956929661340595,-0.06395324987352531,0.016108078540097326,-0.047224998324576564,0.06083146985733428,0.050201964309104834,-0.006219764659535831,0.04705510245310233,-0.025911403991955708,0.010668056005455085,0.042239088615824795,0.037258479709337676,-0.02454075474783054,-0.005136088344851266,-0.04617540571615011,-0.0005800973409080137,0.009087509810508711,-0.026813102824868217,-0.0364259062172619,0.009291297975469832,0.01720573285740038,-0.008406319148557535,-0.035843658024213826,0.0004907032159915636,0.0016469014568119519,-0.04930235921549944,-0.030621145840357866,0.019765554553751494,-0.0016395141819434728,-0.006359183575921946,0.05710766301431569,-0.010807162011255766,0.02797144024283028,-0.0020161216189651817,0.045060672437066115,0.00108895958464488,0.0012700745146751544,0.025942306368753994,0.02121440499049545,-0.011074845914404078,-0.019066820097434288,0.004939782468296267,0.018766080454120152,0.013076931128792914,-0.0010486841489042806,0.056349597107503466,0.011941032324204131,0.0024273064402607404,-0.043121027636777796,0.05330680309795991,0.035136777401479365,-0.0451548067967091,-0.014540769197249179,0.0156041869236434,-0.048374771120543184,0.07463287597155437,0.015432619794582454,0.03760817130135951,-0.01913034570653172,-0.015716485673095606,0.04244442315890216,-0.009582969629990347,0.01259874350585777,0.02620468523290338,-0.028082019966052054,0.030739472304170044,0.004134607845638732,underdamped,5.6974471395958055
1.0134121656299755,0.9829007683507777,0.8422222238884766,0.6679948248865785,0.6302224187397663,0.39640018753389117,0.3632750747010203,0.19555311476884113,0.1236016313731236,0.06925802464913591,0.04046998983334066,0.015678452398365416,-0.04129891573487517,-0.0015974431164116412,-0.049120092473543236,-0.05337727050947208,-0.014534696668688216,-0.07297929174608281,-0.02818754693252861,-0.02679023693670944,-0.010475225500613831,-0.04771769555041417,0.0009610797278021641,-0.0076064807304427415,-0.03753142060797158,0.003179799784932861,-0.021465847344276427,0.0298487776302205,-0.01584241701451398,0.003995138287027411,0.033836560385844816,-0.029466152216661688,-0.036106633032029836,0.006916461264589946,0.0010873313691531971,0.04850782994427738,0.040026039045791176,0.0025569730618106392,-0.013028320702766381,-0.02365610400071521,0.03275884618938387,-0.030977956003218027,-0.023636904055167236,0.012171319381462464,-0.018261553933608503,0.04254957570401028,0.025976336320229512,0.02992865529404446,0.01701653025374957,0.012395285116422232,0.003325652211611834,-0.05430340076122947,-0.003353977923410598,-0.02006904672478398,-0.024465182600782592,-0.022837677654436637,-0.005044464074200958,0.012341161676515744,0.025647375716786207,-0.04950567986752953,0.05394647262065866,0.010394387303789917,0.027372233741928535,0.027908062708748422,-0.054591941912455685,-0.008021059529963006,0.008993739778816455,0.005909982124662906,-0.030744495889933866,0.0079154262899788,-0.009738643088503463,0.007412193165680718,-0.02142215832844572,0.06789798183721328,-0.01164017975733702,0.015052386719734766,-0.0019732244991379827,-0.009163374695257407,0.03955936664491311,-0.01077758466300848,0.022932772342023986,-0.0067745904112481185,-0.00451747222010273,-0.0027294332877318946,-0.0014569842425969158,0.014104072540367062,0.008491422856463964,0.036607383007853884,-0.0435388527639813,-0.003991705606453403,-0.039776484750945085,0.07885289318451072,-0.0031283643237212133,-0.04273700763909653,-0.025592995513711386,-0.0027073350976442884,0.005143306451461188,0.00569305973944749,-0.006312943041202161,-0.015204369782582843,underdamped,4.563439651364841
0.9589084404957962,0.9095782995340731,0.8911451878557928,0.7583492624322563,0.6128642288294327,0.47488543738902844,0.39133343687004646,0.3066179158056816,0.18878073937589693,0.14927383925480103,0.16220142122636202,0.09418313389408459,0.08318336258304693,0.00448850819632581,0.006874290674375005,0.0009247373142511036,0.004378614253117094,-0.044026285736293205,0.03176216233812322,-0.0075933488071743185,-0.03569157135809085,0.0020596512766615158,0.003813146843666756,0.006540839549802372,0.020433107389698082,0.002860960527550764,-0.01571779464706035,-0.010342932098152149,0.020272969968626077,0.030981110557154214,0.08333897169687725,0.011586422431356165,-0.024195639221666426,-0.003870632919246041,-0.002613715222467697,0.003287926054931813,-0.031748501769369455,-0.012482650248809866,-0.017815269562646806,-0.0019853893133791036,0.03787345349613039,0.008663814212307207,-0.05554509272800153,-0.030208067711036936,0.02772892181352463,0.02706949345978586,0.008653623540781665,-0.014275728770806642,0.006722859287334803,-0.047808686994085976,0.020745846333689213,0.04882477265217774,-0.02360528830791558,0.01956143556930397,-0.03144114947564101,0.039935611074449553,-0.052497505402113745,0.05043420199214362,-0.009401908229648974,-0.0260417539741045,-0.021375149802333685,-0.030651977362287065,0.01902827245044754,0.030295821722525387,-0.03016072175564931,0.04633090044619133,0.0008164512474090859,-0.014838841049697056,0.0444542439133593,0.025898292830098833,-0.0009956110408597355,-0.016429203884193146,0.07036517013810781,-0.021519613682403918,0.11976892959395898,-0.008346270025199923,0.00922224692936667,-0.012207448002802214,-0.0022200698610984233,0.035835164844958724,-0.02514194321405925,-0.004130184409101835,-0.03990088951545118,0.01966675890076851,0.011966780771706483,0.009418827607133399,0.008661860066330926,0.03811106656759998,0.014172686650075025,0.042355639583538524,-0.008867889452010651,0.008425760784602358,-0.0026149200784111068,0.03383626476263904,-0.017383060671118097,0.0002612301032782589,-0.029439133067576916,0.010198122649312738,0.035797792200823575,-0.010628792260196588,underdamped,5.263686224325196
0.9938267973539235,0.9303059817480792,0.7651272528380786,0.6142427756559258,0.4884877960638948,0.16916859152361802,0.010558448242443728,-0.15778722115950616,-0.265146404578103,-0.26648389648284454,-0.3930921780229768,-0.38367599326087665,-0.37622351652070635,-0.23499650616651852,-0.21900490862022007,-0.06205162669243129,-0.03824413644907425,-0.020339511187125597,0.09984872826110634,0.12402103864484439,0.12126668453566394,0.10797849929580283,0.1886065996616946,0.11679323543997187,0.04071887844829604,0.013594443400661634,0.06641293501138629,-0.03625352840606442,-0.09242431867459439,-0.08751575001467621,-0.05990474897734582,-0.07614074205830432,-0.02842324024717928,-0.03357197544042606,-0.05452495890133975,-0.10335899679352088,0.044735286392656705,0.015592786465363101,0.029442006688050484,0.02240145439481822,-0.016581800574020332,0.021387132901418124,0.016069917558850826,-0.017565147895936405,-0.020690071208064334,-0.10619132743474459,0.05137227678902169,-0.03403940850175043,0.021083936035988675,-0.006812685538609749,-0.05149749923123377,-0.009834808930959414,0.017308752371150316,0.03020297711131087,0.0012714326391423123,-0.054136894066738855,0.011224116026516878,0.02685745354681698,0.0064279590187885215,0.011297325298715525,-0.01761419101120724,0.020843078434784355,-0.024597705527562113,0.056491065632282914,-0.013264458105235591,0.043318328920535845,-0.029292812973424055,-0.045984796613298656,0.009547076557174395,0.03675431747423423,-0.008860596389855677,0.0162911513874164,-0.004902004805971758,0.023932785179689723,0.025155516825325294,0.07183335660933693,-0.005457679794753414,-0.03247554200935439,0.012705150266760695,-0.03550672737364598,0.026725587761754398,-0.011480108050972618,-0.06145109312903633,0.000346314473386452,-0.027095850688416506,-0.0060372768393588076,-0.0006784263322199787,0.07078847537170457,0.014901430944491683,-0.010623676668084264,0.004897276678099305,-0.013128420237587262,-0.018891546478543228,-0.007540219110610634,-0.046227038964459476,0.009836894678889277,0.024376517349761654,0.006354681917811414,-0.006653942836069622,-0.02514704982936621,underdamped,1.8196494618887935
1.0361253217799604,0.9472081913406812,0.8466183531186461,0.6337245052547948,0.4799509360136469,0.33191641654794035,0.11782636065376129,0.0042528726177667245,-0.07613927871649011,-0.1397214720843199,-0.24574318969313205,-0.19537423592652667,-0.23570345534516848,-0.20548096620740508,-0.14687026522595997,-0.049648950178328884,-0.12122780388857789,-0.032870422274149,0.028386219892739713,0.032717772624070204,0.026678522985796826,0.05910113835563297,0.022457169278928466,0.008858834706907712,0.043226688335749844,0.03372613391765171,-0.04803241937315584,0.0038764245274210407,0.005692407392070517,0.05213355600478535,0.0038168873088608064,0.05782627774653836,-0.0065071268236740415,-0.013739420392844356,-0.000778316940201018,0.007815421796619154,-0.02061533443311649,-0.00537455189060485,-0.027003982585302625,0.03226555290696404,-0.0013144814353236486,-0.041521318595495425,0.011645925658828698,0.014598657677794597,0.04119674059264951,-0.025827038239444336,0.03965367939315645,-0.00406091480288154,-0.013111911156261528,-0.015716866914917246,0.007000867113097196,0.020181201164399563,0.022627062482630342,0.0010049086829721806,0.016041109672710142,0.010349808726974741,-0.011773074459731777,0.0024154456564468947,0.02862435838725851,0.00565098285278558,-0.017513169219054048,0.020971212283999785,0.017582547326447623,-0.04988358422272611,-0.013630693256634536,-0.05707359316124315,0.04405790579016725,0.010058643387960281,0.026781804322752005,-0.001986537188250708,0.03230171246295166,0.008619226299919562,-0.0763390509906007,-0.0058540463699793995,0.012165552666231092,-0.013827207458696374,0.024127041183740153,0.05313348942815296,-0.017110950810000667,-0.028995693202834006,-0.018168799746926985,0.033793665220943604,-0.02868248346722187,0.02411143266841676,0.04273771736109848,-0.003089363667374775,0.02286457728511534,0.002086687447597118,0.02065026913749825,0.003927106290927717,-0.0008405609449123178,0.0019213195475797746,0.05506826706987465,-0.008622626077527878,-0.01759574620805138,0.044704540125735916,-0.007681076618814921,-0.03850185076606027,0.008551131204391042,0.0160785801682368,underdamped,2.8526047398108525
1.023592661161333,0.9256985133946126,0.8372636476201561,0.717574709364158,0.5406714899379798,0.326683255250963,0.24196301414875,0.029860509280155406,0.01656361207339454,-0.1236568706390777,-0.14566719414916432,-0.17651683010206756,-0.13033374616545218,-0.12084028159662788,-0.1282460944510551,-0.07178126972578384,-0.016344837416672586,-0.06081223281563175,-0.020999927379356822,-0.037606959288699934,0.023054908716847514,0.013932317084067676,0.027309141065839287,0.060201048142067407,-0.043564580408927495,0.03134374027974667,0.029296717001943563,-0.010426265568654548,0.016210235057965396,-0.01831019550159571,0.03146312425354043,0.005309115069353509,-0.03852240063922453,-0.004497659345080772,0.04373504889821819,0.030682881872121728,-0.008182658641755226,0.028466301934621692,-0.06278768728442617,-0.00772744377401326,-0.012891352158473361,-0.013583762268557892,-0.02650328757373686,0.06384404394142057,0.021042250339296232,0.016151491380825972,0.05196126037332455,0.028740040170741783,-0.02394385494225073,0.004894651169709534,0.002470476633963854,-0.06760964170123536,0.019463694232344037,-0.015964785338774712,-0.020787446735406816,0.04337893436788195,-0.004384261579596835,-0.023976457912461772,0.008289904128950724,-0.02715594117625366,0.0006652096675725061,0.0020272722421638104,0.014136861626208579,-0.006588664216348365,0.024508687172596428,-0.027775091933949655,-0.0007538664187309702,-0.061078986542094725,-0.00019878001597834995,0.0037041756211855558,-0.008375032832209216,-0.0263122802977441,-0.011340316072832875,-0.025448818367790713,0.033226884101356796,-0.042874818919364614,-0.02566053216599695,0.02111948310249688,0.012711950790653164,-0.045656094768295075,-0.014046031261195933,-0.011467758229657682,0.05528915813507983,-0.04051234503409222,-0.012393930254368737,-0.030288507774891782,0.04746291260251149,-0.020140585688835023,0.0249657436360305,-0.004745761328090001,-0.02630925117465264,-0.00956096600600662,0.014062433156863067,-0.029997959586675383,-0.03105187631259261,-0.007376433623595055,-0.013352031699241365,-0.0353105967861588,-0.014594796093665834,0.007312227386950742,underdamped,3.229916429303628
0.9800315200080342,0.9385661218681894,0.8146102837062532,0.6536764016590436,0.43724364588923265,0.21340306115571503,-0.010524166866861709,-0.10550064893263202,-0.2175873999950557,-0.27472157687638044,-0.36098160706181726,-0.3665533824543778,-0.3090725484015833,-0.24113833196287215,-0.2258003157116537,-0.11176535104999769,-0.0013120365735583353,0.020574895604737034,0.0324435414878783,0.10973571891851906,0.1299169494144269,0.1542618778023901,0.12508870953676432,0.07855574151484218,0.051007896039284475,0.0795779557184868,0.03311670009686071,-0.00856153380097162,-0.02170483649552081,-0.04940626448260803,-0.058943780838117805,-0.023828782109978516,-0.04199148158754985,-0.05114906075454993,-0.013963128473640878,-0.02030075070803294,-0.0171879776090271,-0.012419069999297552,-0.02579333338774338,0.05470581006230582,-0.01959259802392166,0.01826691043255502,-0.0112258409077273,0.0044721780144069846,0.07166870843091482,0.01616148161394845,-0.022798630177626813,0.00643274859714018,0.0318932837726284,-0.0141695013334136,-0.055265904129352436,0.02519250493506861,-0.017954649164791496,-0.009372944096581026,0.016520924660860935,0.016865146408527817,-0.016073552338197825,0.010132514157985939,-0.025464291703683604,0.011665947965070016,-0.056852133666175426,0.00502251210843473,-0.07312477617728394,0.019264771724262907,-0.015726783362359303,-0.004245586832068269,-0.004208727979503038,-0.0510529668424559,-0.014983534568196363,-0.017060265479505128,0.012219940040078132,-0.006712999445712581,0.051216972230500715,-0.04856464463136525,0.020274647361255914,-0.01502638905525227,-0.022450816664944875,-0.03686622102047061,-0.01994142931284337,0.0022310151244716633,0.009428762870004595,0.027602214078843997,0.02364469096027201,-0.027740334347428924,0.013417721256537323,0.03994011145511479,-0.04387210502401439,-0.03140392524133524,-0.01679975618545557,-0.001184129368832363,-0.02622631597730537,0.01840170282221683,0.010279291586723562,0.02931626988486141,-0.01877263831448012,-0.009315210188474926,-0.06399954384571377,0.02874772943441765,0.07377740649301372,-0.02527022081369816,underdamped,1.955410070226075
0.9937775710082262,0.9571047224952527,0.8595469218179901,0.7072207720568799,0.5206324627562529,0.3150819427707894,0.1638039201983701,0.038244377497395655,-0.08882665900327891,-0.15215292589718646,-0.08923639987082224,-0.1979519315861983,-0.1363556780397246,-0.14292424408637097,-0.17222426396973764,-0.048568390931023005,-0.08422883135250775,-0.023099931708422165,-0.04317713450814252,0.011675007865781663,-0.02793867043463588,0.02359537285581518,0.05693800504147942,-0.00887641412384,-0.0010863493986252894,-0.019001121818901828,0.057562718339950525,0.045772498402837584,0.022009728572655096,0.06167776814789214,-0.06261114606624522,-0.003647145547577623,0.009114373845670095,0.03111832816414657,-0.031176762624522795,-0.005616220722901144,-0.03384186205862534,-0.026010540544710352,0.04409338678991731,-0.0781549485107384,-0.010763914240622098,-0.015880874088933163,0.04369941758892627,0.005972045471211281,0.022278407368420006,-0.035235648605052336,-0.032293282751215534,-0.03749886271102511,0.07087332519140119,0.019651074834083695,-0.05446127521056707,-0.012189539537261105,0.030034442346150464,0.004134356977447824,0.04401526650363114,-0.05044692515044799,0.0005741044926376425,0.07856292464869269,0.01853427240996501,0.0430642254254533,-0.010070476776040766,-0.004000228028695119,0.05890015606703921,-0.039279715547398036,0.04998205484413099,-0.034776320727380246,-0.0515112872064401,0.008818601042645554,-0.0009658040289302904,-0.007963995535900218,0.006054942272420098,-0.0029836252728278174,0.07777926441047393,-0.015928587997961267,0.0064860629644721115,0.016951078182657654,0.007624398920893537,-0.0077401693202094135,-0.018779985335772888,-0.01242572655952295,0.04020281030082858,-0.05058109551818163,0.007746792011608203,0.02979929014732788,0.0005535619203876681,-0.010670520469781944,-0.01802128926741359,-0.010571418002568767,0.01967337210984941,0.009543797079769132,0.007493716630642594,0.0333119271781218,0.03594177250874756,0.0017355387169122032,0.03872549171776611,0.017936571166800596,0.011840248667933598,0.0008574012762680285,-0.016236563818236485,-0.011929132198871747,underdamped,3.0153456799569676
1.0352932767116896,0.9601420927599473,0.8067494155146436,0.6180138717083423,0.3288527395508138,0.04810089413103884,-0.1475593054245573,-0.4144740666047972,-0.6180288649789334,-0.7151293319706987,-0.7136131903985363,-0.7075064166433964,-0.5688036877224748,-0.43145463657464267,-0.24864732116353053,-0.04615424148018538,0.1545827021750002,0.3428000199836597,0.4557147355731239,0.5094393022311374,0.5646149052527787,0.5075220661658725,0.4037736643964088,0.279081108858454,0.1299304925444677,-0.046068214967996436,-0.13173773960775187,-0.24433652210336168,-0.323336639580365,-0.35247682135635305,-0.4353808300948103,-0.3401357706792414,-0.324293483718157,-0.2110465729221365,-0.0947291161079813,0.01654851469297896,0.09729885843308052,0.15569086099171614,0.26136087801617874,0.2528489266957262,0.2686868692776009,0.240038386811783,0.2495254527338039,0.1678704610112357,0.056150934605306714,-0.007359845360588795,-0.052745190408170654,-0.1494715420527439,-0.1991383041804714,-0.20129371979751162,-0.23034868546935808,-0.21982198453418964,-0.1575954611976083,-0.05693063740672716,-0.07984841683956415,0.015495671589866613,0.04162209730594081,0.0959975399792937,0.16644041455486702,0.18314838229719502,0.14958199622249044,0.1274831847833467,0.06028137548164663,0.08396845295018224,0.06071536040205522,0.01622624719790025,-0.004054902679020506,-0.06688100689933954,-0.06375532146026297,-0.08616983498560511,-0.061694217241947465,-0.10861272930323437,-0.033058331834797894,-0.0062245483495435155,-0.03138447224149925,-0.03978589715155238,0.029293575452905857,0.06064632225489586,0.03415018754133338,0.10802323337613275,0.11358217360069786,0.11785385528082787,0.05749752351178473,0.04945668762064785,0.040363014391823084,0.041846018039335256,-0.08817024547303101,-0.03710585984462299,-0.05193371684173568,-0.055829717902041075,-0.013406756407540646,-0.052362105974163506,-0.07713050824234918,0.022011379129992802,-0.027805359927451586,-0.05176328304282645,-0.0020591540870424606,0.04678863742508734,0.07718135923853825,0.055935578298743543,underdamped,0.6387062108116283
0.9788543362707174,1.0034741550680804,0.8625099184061773,0.6698379647945955,0.453234129293049,0.2630193335553405,0.07060286391204677,-0.13706284602465058,-0.1835154842928685,-0.2865427688526013,-0.3104353352326458,-0.3428880212179185,-0.28855174901788516,-0.2644272721870947,-0.1788361412032237,-0.10178675548172428,-0.03133143377231424,0.010022283110431499,0.033373974993726234,0.11881419229821294,0.11588114095673335,0.06601236498584417,0.09227085186845436,0.03245905437027669,0.036359273280414946,0.027903478729473206,0.07622238395796276,-0.024165443895420857,0.034965148023088366,0.013412592992692821,-0.032867828077229426,-0.12992556328300567,-0.05379986888305365,-0.05550507346155546,-0.03764593457687189,-0.0002441700080885803,-0.009943878397133166,-0.08100320473636483,0.001699429679564489,0.029289319090662812,-0.020265938543036245,0.0807058894542359,0.03784882369142798,0.02435829804865512,0.035626760691390896,0.009921863362904657,0.001669659918382636,0.02091902767026533,-0.04489040703720177,0.004829172490165728,-0.026762074454199862,-0.006995925047983669,-0.0165104386205126,-0.028804194279648532,-0.0006265414329541005,0.010701763582111667,-0.018676435870514763,0.003971664383334569,0.00906509029549568,-0.007600279780173597,0.046806788692002624,-0.015614091072181358,0.010436308297741533,0.013552064077727192,0.019854040868293562,0.056188047197555144,0.009516268159707896,-0.05037689717057256,0.017617151934436744,0.055671702136696456,-0.03710132524827212,0.05601264289493273,-0.04049233571304206,0.04023697428634542,0.05613871150270799,-0.017440408988261248,-0.0160236656751533,0.01273867078236232,-0.04432834524356841,-0.010704209783681333,-0.050105870492394206,-0.03160860492347025,-0.0204715564561226,0.03574953451099287,-0.00042767913101038823,-0.06570979703234102,-0.027051074668487204,-0.008084698955070933,0.06265563950325274,-0.03032443557372819,-0.024925395776506758,0.03059028897578995,-0.024638385080210587,0.026841997729531733,0.05250584260581297,0.010101279566715485,0.04344999772735407,-0.02696600842188271,-0.005528501853400768,0.034687413227289486,underdamped,2.0685948917433965
1.0090844567231247,0.9001993640190461,0.8499747135320189,0.6003856551628121,0.3329275150375415,0.08571403818704645,-0.09233461801723583,-0.2669207471860888,-0.46232238593831,-0.5462936046261812,-0.6556629306733105,-0.5414389013394856,-0.4479735970239892,-0.34196149415804117,-0.19917120795762056,-0.07567493660549653,0.037479576297069696,0.19405574213744492,0.29811586585087674,0.35008665006157413,0.32630909768400757,0.39358485293789586,0.26496022214887427,0.24275433668504812,0.16201763992149207,0.04395755663858062,-0.09687860257828085,-0.09371483076387063,-0.1841470753223235,-0.22346997326914597,-0.1983360848418329,-0.22983024912343575,-0.18048478332555912,-0.12784410363088916,-0.1362402058656293,-0.01959259051827218,0.10169028782588287,0.07190437992008065,0.07305080360549071,0.15788805343158585,0.1477915284638825,0.06893409450809043,0.10737887380958158,0.10397882612890437,-0.000983200241435632,0.041395261074524646,5.4831534920390945e-05,-0.09311735580004316,-0.08236163989936407,-0.059099784153258096,-0.07769126178656854,-0.1311093859137532,-0.13462329278870366,-0.0023973786169155173,-0.006917910106618647,-0.07108451569794225,0.07154331640939071,0.030376088936278935,0.040110324900962474,0.045146513915102444,-0.007039047569746909,0.05660267380461874,0.09489776908677562,0.02310527355338234,-0.0063014309954574806,0.04260119173616364,-0.05441900784660675,-0.0185725032801315,-0.025770760113614608,-0.012160154139490445,-0.019987337212212068,-0.014106458555894213,0.0060171745357913,-0.037446503831423464,0.04741065943057231,-0.022282305739041223,0.0273024436388214,-0.027795701529668537,-0.003040037281818498,-0.009874816938377877,0.009178792964185296,0.006439939834535101,-0.04644038081677328,-0.016698996357071838,-0.012371514507404445,0.040142133527418286,-0.07057669037900989,0.02815912629818014,-0.019067778877240097,-0.03808907454541159,-0.04266589929931425,0.009968059202604324,-0.025560952073154362,0.04359884544170745,0.013977024667994683,-0.0286926281172298,0.021593878810864615,0.00226967139485342,0.05209013478818822,-0.04124377274241957,underdamped,1.011790551086712
1.0200590659278876,0.9396290717669458,0.8414309462780619,0.703614364774381,0.5569613161754625,0.3827339145793419,0.2434764053911456,0.20678111725164586,0.013328316042014596,0.007027817398896186,-0.06503095519813076,-0.1518979990726337,-0.12064725553120685,-0.12045621492898079,-0.11818320817675503,-0.07553495811430004,-0.08385997589477379,-0.05492644118390182,-0.03219146920150691,0.018113611213897728,-0.012731928737922919,-0.020837868587400714,-0.03407797239558387,0.059017481597753566,0.03710753871766648,0.03809472423616837,0.02245318307697234,-0.0018320530546707074,-0.008759987874196446,0.05737409964223531,0.005997152116857732,-0.0170686960579956,-0.0018911726815390908,-0.006372250480012689,0.024005843776357606,-0.035138150296110636,0.02934665729966067,0.0005857494924095923,-0.040872222254778094,0.002544841367895626,0.022736275815955845,0.0032507007936726324,0.01900378794107655,-0.051027203444293304,-1.4086629365795577e-05,-0.05054585536664726,-0.014668795743817565,0.012358115739031506,-0.043016710276270305,-0.024830014802079255,-0.009251625807100023,0.005788443929817909,0.012852056904764259,0.008183664922368005,-0.03061477117764795,-0.0033445790518171863,0.03278094895887765,0.00896245440426347,0.01355153845361505,-0.02581987274238573,-0.04492618872973886,-0.03134755738440559,-0.01932202812528502,0.01781227674189766,-0.02286286721229335,0.0625929481031767,-0.006260067150478688,-0.011900678674688978,-0.02589711176396473,-0.0504586649072738,-0.013978922228533516,-0.04280679991556724,0.003583775954722004,0.039971985036612936,-0.005549054705556473,0.029840517417890643,0.048336695826217226,-0.039351814153703826,0.0026460679150111556,0.005516704264535288,0.018997861188595658,0.03315555650517316,0.006450220797166462,-0.02461993977509566,0.02909318672224741,-0.00843493855653297,0.05614453796787161,-0.016124632127316497,0.019542921673200243,0.0009605982454475565,-0.01481057624352258,0.006183031468884652,-0.03407861473042906,0.04070445106718435,-0.04993817186850568,-0.03485279664891709,-0.02772185301915717,0.05934706968304703,0.07104282534093477,-0.05142369561943783,underdamped,3.704391233854252
0.9816976813096135,0.9439290707260974,0.880975856136785,0.7389069422704135,0.6297863304410161,0.4812025081557047,0.4284890720196573,0.31650244559303825,0.2396690143479792,0.12648843008398614,0.10190268445864281,0.02969745924531677,0.07225903678675905,-0.0010191710344654367,0.01568857136719238,0.030318053197249076,0.03146024694441177,-0.045010272527439436,0.013955926704479439,0.05352856316459758,-0.05557659488516456,-0.008333888933172051,0.032265282160689586,0.025217377010311896,-0.010657866421253348,0.007674478765333862,0.008949355011028939,0.006482201094785044,0.004078916160349096,0.009887053096685498,-0.0022377367668208643,0.024022101050729598,-0.02829891840450258,-0.01296515778200571,-0.029180071099311373,-0.02626861281684863,0.00876332651336603,0.016359573924483683,-0.0018136875350691464,0.026159877843090765,-0.016874110995577393,-0.02335414896238767,-0.0042717148150930705,0.001250012715440037,0.019382064905698795,-0.032497361933445025,0.023226974819988477,0.019008336289901222,-0.006541010819793948,-0.028514952700024146,0.0023110654933244995,-0.06614077067533929,0.0820865347753933,-0.02259652034711458,-0.003815866896867557,0.013800701544843261,-0.061781313999391546,-0.06849063740200997,0.0043603992442813105,-0.0021643550747440106,-0.03521683443552599,0.023258793117749314,-0.015450678867111286,0.015573236759055956,-0.018019779737722223,0.0336138043063412,0.022596828379239237,-0.00763930723864984,0.03796138555732911,0.00982433910652312,0.0478080754565844,-0.02796027589362275,-0.057240590981855376,0.0492042239450917,-0.0065667748150475295,0.015632989585557335,0.00032732337312526525,-0.11288923509225006,0.025467404552575738,-0.01923700868867801,0.035322956017056935,-0.014228249487711618,0.021022048096390054,0.005065759713739562,-0.031187820062318364,-0.020555882117591705,-0.016389858104882804,0.026533910683635184,0.02247803587263558,-0.030545039142529668,0.002228493677665948,-0.037917473138332464,-0.04941453614270346,0.011912514445953197,-0.02966168263666635,0.007151904538547771,0.04834235714265968,-0.016317272754227286,-0.067149932190596,-0.03241082432664271,underdamped,5.551616664145799
1.028175533119563,0.9516213709420462,0.7992828821418722,0.6464063986188838,0.34449071512201246,0.10444954344389253,-0.17416987495951955,-0.3923769047064211,-0.5921320036561787,-0.6385491431784125,-0.7004801107509386,-0.5795831448547866,-0.5240807381731777,-0.35533575821157687,-0.24397038436003418,0.011152318625749238,0.20096717030029104,0.28056690695283726,0.4213031757604076,0.509110085890959,0.4719703482442692,0.43989964390296815,0.37675804631995685,0.2407369056865495,0.18255190736256666,-0.008197544833856592,-0.03789336631919889,-0.19330642643574691,-0.31112427180590363,-0.3304691655903867,-0.3104768490952424,-0.3601340119479802,-0.2665361415348831,-0.1246778535140334,-0.036567505004576416,0.006626316891669572,0.07157904124678804,0.15818436115080015,0.15125024338022588,0.25301479214720113,0.25033621080292706,0.19753088680478062,0.155753383743156,0.14200376195683256,0.07413020343376524,-0.0017235841999036642,-0.054743258816317794,-0.07956285209598546,-0.1742651433052708,-0.1935076632025948,-0.1537137467584177,-0.22161313722314022,-0.16161467275503183,-0.06078937738238309,-0.050207370514169194,0.012841333458632078,0.0774305779170554,0.06619207879714062,0.11030512154505213,0.1419057601757864,0.16823604862911806,0.12112546029371206,0.10995082641245185,0.01857986921895448,0.0051891312317295935,0.0278441584810189,0.021600858684984757,-0.055905565592802936,-0.06331995376562383,-0.057537657230050415,-0.0899348920438108,-0.08845453272469252,-0.07582194070437576,-0.06289785043783802,-0.009668051886292505,-0.0005774017046668196,-0.0009752109508167732,0.05719016607052548,0.1111631857967253,-0.0015939893801045976,0.014144113186061402,0.026405444998576756,-0.02423640234789915,0.059589332783138244,-0.017414717978117597,-0.01169992246912105,-0.006539506262575096,-0.016622197111057904,-0.047311249504476474,-0.05887572617804586,-0.034766393730856715,-0.047363232327108,-0.018605128773705962,0.010757236195678534,-0.03143488248847786,0.01486302395530507,-0.0024784450054882966,0.023640336017013344,0.0677557602599434,-0.010770151487541454,underdamped,0.7086290947452181
0.9922357933638115,1.0005780280880074,0.7792530818399215,0.6465363332378339,0.43165643817817106,0.2579023668567624,0.003433907625498259,-0.20056306035182356,-0.29291128257434673,-0.4196588266867824,-0.3722236160692882,-0.3743234071090812,-0.3528590201667945,-0.25640895565077065,-0.23580043075319612,-0.08168898629976458,-0.0027962741103583974,0.06288913156525489,0.13182077187753422,0.1672223007117194,0.1815837838126482,0.1868147276737666,0.12855328916112163,0.1426756835673593,0.13394635788146747,0.03581885120756904,0.03380586503429495,0.011269896661538749,-0.012047089760484707,-0.01277263191615375,-0.09693610355805635,-0.03658713797810627,-0.06607487018067612,-0.021791755178766494,-0.03109592374563465,-0.018080046362250333,-0.04409698514035665,0.005542949169572783,0.05246610834096044,0.041905986791376026,0.008064133472479244,0.0406602599353982,-0.0031350942032428997,-0.021477999079824197,-0.01809323326895447,0.0982431624259669,0.0048799166844281676,0.056945938825844804,-0.05081984575148396,-0.01529553135702014,-0.004053873953004101,0.009235818345467694,0.005849823440724707,0.006998890978295532,-0.026219653267783107,-0.017190849451039936,0.0037113385838839046,0.02209916345940154,-0.03770652560702725,-0.07059376664469932,-0.022535171408163666,-0.0131599666818491,-0.0053450531914588165,-0.01349047961718052,0.04472984709249435,0.031027184861563094,-0.02036446849122538,-0.037262824175259675,0.011185544302927293,-0.037465337868348984,0.057880772910526734,-0.0028678050819501665,-0.008927912835112961,0.042632274380010104,0.015818939528041743,0.06074970828514247,0.0150158506294106,-0.02286535973159851,0.03554325996579059,-0.02735376409236894,-0.004302074889214968,0.06583825564188181,0.04354795048860022,0.029325359214478052,-0.009363401286667856,-0.0277519457921436,0.019749646111004725,-0.0450082084069876,-0.04181060361471872,-0.03880292497374594,0.02642214279727095,0.014012932492998705,-0.005467243358558409,0.017966123163311178,0.07417181152611046,-0.03417822044542793,0.014507518321403153,-0.0038470347909727526,-0.054748155606670804,0.02068954121118836,underdamped,1.7890225718774087
0.9727920771903481,0.876287597234724,0.8601764711657953,0.7262909605809239,0.5036222750851882,0.30423464200843137,0.22043909611697513,0.004539826979592293,-0.06348492071153036,-0.2075248726725249,-0.15511869579423299,-0.18820407364644745,-0.21817933767086364,-0.14942962319660855,-0.18206746276065067,-0.08324533259496611,-0.13009944982248478,-0.06294540728601825,-0.06407421146414699,0.02677515183927662,0.03854505525993871,0.026502171333470617,0.04081172611491803,0.05776443327570013,0.06309902733998544,0.07040016556199735,0.06790278855561374,-0.010951367130603639,0.06371204654906916,-0.025822915179344326,-0.0020062266692645464,0.003121969250018514,0.028556217337607995,0.04825386392729668,-0.01010507019729701,0.0012597489227332507,-0.010497887956224977,-0.00965597719699728,-0.010661975448881988,-0.044395054744243115,-0.016346270558706064,0.014277479273147799,-0.048715287011818036,-0.040090015490605126,0.038484846709037276,-0.0044161501966823394,0.01164698775111422,0.0022608331114492334,-0.016006753663449027,0.02693819603210988,0.009510202472409478,-0.028081956651635726,0.045467966485978735,-0.017586821830755373,0.00245815016759986,0.06186548794454002,-0.04322683394065481,-0.005582429858610714,-0.030356261941278828,0.012082921409043329,0.010541251527305465,-0.017420328481994513,-0.015637063606851864,0.03428831931021062,-0.009954751497236807,0.0018710351354311687,0.02166110050305028,-0.0017625780666714562,-0.03900993078413227,-0.04239536463536568,-0.009236610604635981,0.0354854311043476,0.03011048048175895,-0.025030466180232785,-0.010841894882913252,0.009902397172720935,-0.014628691052969763,-0.014991378091595859,-0.004452808114814251,0.02009174737042313,-0.0075525986171266065,0.005900286067899134,0.03043780476448907,-0.004950300683088807,0.010625903828405482,0.02209224401841714,-0.03670284412685901,-0.00065348781653792,-0.0040227650909752,0.01924377106185067,0.050704189230587934,0.009098414162651156,-0.05321320684610277,-0.01152466383617707,0.028414755739585854,0.0008347861366293642,0.007117694660310656,-0.06950899473475801,-0.028413659828420243,-0.0022807764072802555,underdamped,2.8241050718665615
0.9414457585724314,0.9732761461419724,0.7809618218360925,0.7708495718839207,0.5608508369593106,0.34493232886880726,0.20216189220115466,0.05570928463672752,-0.020226615636083294,-0.03615543606495665,-0.14674554552098978,-0.09185127078537439,-0.16205202029224733,-0.10969422615221994,-0.094360704717426,-0.0648729157919598,-0.005598216375670123,-0.011252503611026712,-0.01905289747522722,0.03068327971082109,-0.04228598289031768,-0.01941351490829107,0.014528768908052787,-0.0022180128634821557,0.05291815250874696,-0.014800278113772648,-0.011835628974589745,0.022509826258543583,0.04159293445855976,-0.012048250792180635,-0.02859061944306423,0.014917336570447044,0.004581074525290121,-0.02315521721354525,-0.004036643821505102,-0.016297810766367344,0.0154269060042593,0.06898555568823164,0.015534913130201222,0.03022878578897704,-0.006210826241277839,0.034259588568511426,-0.01044658759941525,0.03191501643746551,-0.030036942523564102,-0.005820422889674544,0.06369753368912029,0.0013072724371541431,-0.035977761952886225,0.023002835121694428,-0.05103579798194053,0.04811798607488319,-0.0436243610966959,-0.04466583670796041,0.013774210363457008,0.04775411364977491,0.0005117196818342906,0.029733495860569486,-0.023905217353186202,-0.04208199697724757,-0.009024456852877139,0.013124705542349712,0.05821271212062255,-0.030052122981076908,-0.004342729292871631,0.015053172074606685,-0.015369664573772963,0.032983839849212465,0.0267056568375411,0.040193872150807684,0.04076975689972589,-0.03766854976895188,0.03949067968073507,-0.0158508785604719,-0.007214521817971207,0.004826428924676924,0.0009520774416097629,-0.02588083251947489,-0.016845827290771363,-0.015835799360622693,0.06916273073754464,0.013380807186326274,0.03792185238447598,-0.025981122919933146,-0.04159997688045463,-0.008557804341982727,-0.05190347437950988,-0.05068201847925879,-0.023786619770345956,-0.05535986776243433,-0.04687837538032839,0.014804216021304118,-0.0705952638603441,0.001978212104647473,0.04624900100896069,0.04623050094893326,-0.06372452533097911,-0.03600498935512129,0.06236107962050771,0.005498537998404083,underdamped,3.3974895543657966
0.9767127332998491,0.9061146040798094,0.8064152450181261,0.6640589189584448,0.4101503224343098,0.11691154815346513,0.0004935000485579988,-0.21464030305777604,-0.4149778018322148,-0.3798865007758272,-0.48534672336066736,-0.47424002509162294,-0.32471769591083427,-0.2789042824914621,-0.17201166691480627,-0.11963570426952116,0.01954647981819053,0.10075678111209466,0.18551952396683605,0.22057359738297913,0.2737808037144157,0.21889130841070295,0.1537481041574139,0.11131214855403299,0.1167186647573207,0.10774391999180144,-0.018500759685611205,0.005018895934736103,-0.06331338113281232,-0.08579926085359693,-0.09891899221037259,-0.14730014129497554,-0.06886305717659806,-0.0549789208842692,-0.06036861305881174,-0.03319270364756888,-0.03203542432516934,0.038994751157393016,0.08109112812549443,0.04195991921168865,0.02512018101629928,0.04869514279448601,0.05159215174917403,0.01593246282231926,0.04093491425197105,0.0020506882486679527,0.0032618848187104376,0.0011348710253306412,-0.07359326248986015,0.029439809829286612,-0.04100755952064654,0.008691072641809142,-0.05765070051289824,-0.019876251434745428,-0.03645525855385256,-0.0014634046280647024,-0.04381972270975909,0.00711103470637057,0.005191128828110014,0.004859885408824472,-0.01128039929278498,0.06292878091229791,-0.005891944758662488,-0.05587663020332479,0.04881909852534339,0.06355149144080101,-0.025326130768780996,-0.054248335010252585,-0.023196998734673787,-0.013113411282645066,-0.030799552571852247,0.017807935201635164,-0.02360727782322472,-0.043781068125062515,-0.057560528786409194,-0.009692999426651309,-0.022299742599925357,0.07106686667308945,-0.021962315621149635,-0.021126620599571592,-0.03402025010904179,-0.020105349245738327,-0.015196740578533393,0.011340231056127543,0.008041819663756696,0.02673350959461981,0.03063693645122565,0.046578365826424196,-0.01086653700656763,-0.07499139176343529,-0.008830394453758746,-0.004328133698623904,0.06271423692206395,-0.019825950341209944,-0.006730589933321909,0.03981451115155807,0.057533658924370325,0.04114038386893815,-0.018840512591708623,0.021392210074734127,underdamped,1.4167646254713553
1.0192903096067392,0.9571354398921703,0.7575335181142739,0.6260764305307333,0.3777356957435199,0.2275006665833276,0.015886873561358296,-0.1447750619313699,-0.25344484374727194,-0.40407352959144166,-0.38864136646963504,-0.41414909712037445,-0.30489577873177615,-0.24245160806151106,-0.194329635102079,-0.10772175357880162,-0.04616146024341598,0.03930919201233049,0.12350802053956642,0.12951223710663112,0.15131142613961884,0.18657936515102524,0.16532255898794035,0.09189884542530802,0.10574350810291872,0.08270710516665336,0.04978776180219676,-0.02834302493561826,-0.0036623876748621068,-0.04588843276786098,-0.1304505058037137,-0.1106623833716247,-0.08454433687871321,-0.07968104040361206,-0.0597669212465696,0.0268611517561481,0.015962863934812756,0.011611967206924121,0.015372614991750197,0.07033302508077366,-0.01614351061075179,0.03981970458764139,-0.03914043308951441,-0.014283861607799507,0.003887395644058019,0.025741682887004538,0.04318695013906172,0.0077347533242709595,-0.017034029242192952,0.01686801025563242,-0.021468301927839172,-0.034307501278759873,-0.0709851890081764,-0.009871333124730743,-0.006058382421268075,-0.006987589697416639,0.01416398087918479,0.004969733136482029,-0.02285510627094613,0.012043099787049663,0.0013970876932567333,0.01892786693664386,0.05262919659585133,0.0028059678593272998,-0.02153955028069659,-0.0005502042753779916,-0.02229763642136199,-0.026567746166278227,0.0011089374528919088,0.004798006682173747,0.02157178860662947,-0.03451967812315917,-0.024737143796611648,-0.00941933304396972,0.009061218140794264,0.020175543766710023,0.002173813300482182,0.04006808607814733,0.033278371650363445,0.014422430964714359,0.03382534762035543,-0.0170216900727348,-0.00908220174546806,0.0097494244804934,-0.023248395759424285,0.034647710979254356,0.006604085856297419,0.011908759657055398,0.0012725529124786152,0.03174381497338259,0.0006694307940455142,0.01445255716392221,-0.024970526448868113,-0.014671838462700617,0.021074016823749726,0.002660283952582973,-0.01298712227918542,-0.028135321532445957,-0.03148451891490785,0.023712507206664898,underdamped,1.7506993159310968
1.029410917443777,0.9404266769092984,0.8552430941804624,0.590422394701565,0.40757965968766097,0.12842023181017315,-0.05426885937799208,-0.28860978585398006,-0.4573935919726739,-0.4990164406810506,-0.5443321661285989,-0.533447132960573,-0.47948467091117597,-0.3269397719524103,-0.22984259106899663,-0.14204866593858995,0.017380345498147397,0.19766921887269462,0.23370707895305406,0.27098238101021915,0.31290339187597493,0.23573865664452337,0.3266518100039645,0.16766748682494023,0.10888225693879937,0.03876829268690421,-0.03944352185349264,-0.09698864170019207,-0.17131702058133336,-0.20076347910568837,-0.1962459785202067,-0.17357211512688422,-0.13849662114726424,-0.14512799906033685,-0.08715272499068437,-0.018918251758699982,0.045248625388082,0.06672083539526429,0.12566337907313666,0.06562552651940091,0.11079226864828857,0.11721304312352522,0.12043442308017309,0.06458975616344018,0.048831023320449675,-0.05639881237703001,-0.052018417122535035,-0.099847786944932,-0.07288535745151879,-0.042548281636526616,-0.06714843646292748,-0.11004712142671505,-0.0640490480875533,-0.0836347918860079,0.0030824774729631445,0.0204169587209874,-0.016117639840859344,0.0071606495493091345,0.023054611355138734,-0.024496069724453708,0.045212281528778736,0.0190041536933288,0.03098276328704629,0.04001705067599595,-0.004310692921856596,-0.03169979718566284,0.0022173392816523347,-0.031690160140459125,-0.04092234480031516,-0.02445585995323278,-0.010637862234058748,0.04732695620557588,0.008072370365887942,-0.03295967534061413,-0.0039797460217745545,0.02913260612374634,-0.014197490500963245,0.008114194450441748,0.01595049737604275,0.006731844646658248,0.011653765530192872,0.024084261847180453,0.018542831608259955,-0.01678877094879638,-0.030172766754196407,0.05036196898808576,-0.06859793769371644,0.05688954862306159,0.007073749089497129,0.012101530951848564,0.04159491269716816,0.008906316410496983,-0.0106596619088401,-0.009390907757998133,-0.03293797428794892,-0.03357295738072158,0.046625886011072364,-0.016275436570718886,0.03828113262853839,0.04086044170586424,underdamped,1.1240646989601741
0.9731924197171841,0.9162117557409309,0.7799455122401475,0.5879567709917037,0.36621652072325894,0.15555002247826433,-0.08413840446239311,-0.257556025710085,-0.4319542897950044,-0.45411418559113853,-0.536603669886385,-0.5015630283028597,-0.36185457587343756,-0.3418904565064417,-0.22531271755004226,-0.0813334048928418,0.0482156405888019,0.08264222003730518,0.1386348191476149,0.2869706650006316,0.2861442491564544,0.24664197623904732,0.19976039798696912,0.1420729135369042,0.11533711384919422,0.03372032091842612,-0.03834252152620546,-0.08336065080824324,-0.07438482308594525,-0.14563254407979973,-0.18283036295095806,-0.09891527860457662,-0.12519401456123738,-0.12835822442125583,-0.10200062118123021,-0.10406429443842244,0.009228949762167617,0.03186341300125679,0.05433918792787787,0.04797457044969425,0.02645050673060674,0.05537994385186214,0.07961197568709787,0.0602497292452438,0.07315780354378022,0.04029335574212653,0.013265507466645756,-0.017219837378426275,-0.0535244622520292,-0.051174722187829494,-0.021068679621145437,-0.07641239930535623,-0.00998695509266102,-0.012312076975994663,0.023367739820615165,-0.003577354859680362,0.0089668462544503,0.013444563698170032,0.057909784388692084,-0.03244465875547038,0.057990428960294396,0.027374815361052678,0.02752477664437072,-0.019000486072187142,0.0064810568320596475,-0.018355747285229547,-0.0010160837649785964,0.051724647294280515,0.012149758200304317,-0.006817758241507795,-0.002930645220379483,-0.0032334241907121496,0.00650248018542866,0.002734581637700361,-0.04453226748583669,0.02102863450269617,0.019040684254544946,-0.031772197055536924,-0.006845193912839356,-0.03616512772880233,0.03564873665327088,-0.027416482826929035,-0.041279216158653896,-0.02094581194567037,0.06622622394955083,0.02962184346742802,0.010992625579538355,0.054534532519416215,-0.018254370740860764,-0.01570738949221576,-0.03525908793208268,0.054337569970411115,-0.00977924685491401,-0.0027945653423494463,0.025555503640278084,-0.030260615666878005,0.01764983849202688,-0.010550678261479565,-0.013853089188817254,0.019409700676295077,underdamped,1.3479420503314363
0.9641530104500227,0.9491287334681504,0.865587825509664,0.6290356840088036,0.287205264626208,0.06518393429014975,-0.23773879550862964,-0.4343250456492224,-0.6625216828505583,-0.7343179285387875,-0.6974418322146612,-0.6788395795903874,-0.6318358052166358,-0.4222572854872093,-0.16559020026255095,-0.04134635107885176,0.20111811846393726,0.3317980284944646,0.43398776259338,0.5786063789931516,0.5886487947367826,0.5823016405705737,0.4766873459958289,0.3298110245190503,0.19078815751316347,0.004629974320708108,-0.16722185637278342,-0.3212977500745627,-0.3946556222821364,-0.43765381505615175,-0.4106544050834639,-0.42763108955625534,-0.34297597089587084,-0.2702166698203039,-0.12121275105630852,-0.002336580417031532,0.16247727638699935,0.24182246274204178,0.35604349595131435,0.3103533253366881,0.3313780924262269,0.295672676980763,0.23487969679786583,0.1581334138159565,0.1286272494737672,-0.07944466961450039,-0.0811044772747714,-0.209353351126906,-0.22451464721109593,-0.3203084115926754,-0.2186113105261064,-0.25219666360172477,-0.18138226139273847,-0.15257875472498764,-0.029731957163868027,0.03971966877014522,0.05224594627855606,0.17128175123223668,0.22249633834529653,0.2451786889792193,0.23518543732235594,0.1372225808069811,0.1530764989087683,0.09036043513501442,-0.03537719393795836,-0.022815056847887857,-0.0500816611257233,-0.07636159829052373,-0.14299946130644214,-0.14939067087367536,-0.19539147139170526,-0.13539863728179596,-0.1031114374662715,-0.0735803468314248,0.0012505974136649452,0.025915143337001238,0.02343176294445469,0.08488068719106226,0.10506968315671927,0.10129145193354082,0.08912564555803905,0.10254217841666151,0.08244294407712685,0.0770029293950736,-0.022007022612556573,-0.03834159359859923,-0.04419764710172245,-0.05822143879066781,-0.03361218754471689,-0.09792986030824763,-0.09832278554413387,-0.029167393718184248,-0.07002099037415337,0.02273038684275457,-0.01914402207019089,0.017973631769338746,0.04811284245827884,0.05076842573911188,0.09147765910988512,0.12142152066810372,underdamped,0.5315852082070232
0.9644084359368675,0.9342566294258869,0.7835931111645583,0.6122386715668866,0.42069485835566994,0.26380177572864577,0.03219478773899556,-0.13943664523807692,-0.3045583657796374,-0.3832240731200871,-0.3823537988784994,-0.4026487898422525,-0.37477283744218565,-0.2821637939222769,-0.19149756598874593,-0.08655099371439508,-0.04947135939393617,0.09643447099894223,0.1465798610271648,0.1425329142833569,0.15715193735390426,0.1470340592801449,0.14137752144236465,0.12820198404986458,0.0492880065378665,0.03827171952570838,0.017185515280821927,-0.012643169487460255,-0.05772476294151714,-0.042022230717056006,-0.06252851370604597,-0.07077867980547639,-0.02594974637085718,-0.03511864995725461,-0.02563511988102561,-0.05388955337537235,-0.0369572564529338,-0.01642871119635471,0.0408363500981591,-0.01607769583360398,0.09503206435252619,0.06568565521837358,-0.0022672483973975,0.0005855599866309361,0.03004644024355634,0.03980208539753359,0.07593705907731424,0.017496656500225458,-0.01815241878921614,-0.04917996149898352,0.03452992364979786,-0.02254909294142899,-0.02030103468974164,0.023871881790292024,-0.014642304748731245,-0.015201452433384735,0.015102883543771452,-0.00017320908537227318,0.05763882437411452,-0.03538566630848286,0.007497222239980046,0.030760127269912813,0.010767203950634022,0.017585940986675246,-0.021879978679921083,-0.002228562812546663,0.02765383449331113,0.02694494139163244,-0.017474459023695724,-0.01613740544477443,-0.03790898547428257,0.020316452797737822,-0.013898675087146501,-0.07236413933033149,-0.011958227640033384,0.015292967007671694,-0.045744544731024815,0.04265380032769607,0.05241350382651245,-0.05398296897763743,-0.03249900906019898,0.016026675336599926,0.03555261261751001,-0.02303966756976791,-0.016236098347646926,-0.0454701658647931,0.04465587235136969,-0.002066524383507684,-0.04253968863795626,0.019815697054009887,-0.03114967755614011,-0.01999271829146981,0.027954885991106113,0.01600798218123014,0.023300391527502257,0.02661987213201831,-0.014459446817057848,0.0034925900106427665,-0.025202355644154222,-0.018700252913670633,underdamped,1.8447558665220047
0.9969287652689617,0.9285140439887063,0.798226697190648,0.6763259901976243,0.3664277006700188,0.16531306500041043,-0.03363564927552515,-0.24024125378038896,-0.3674266864351037,-0.4207814917753626,-0.49158027574029134,-0.4729213463386396,-0.38730553250401945,-0.32663713946282424,-0.19922843907218182,-0.11547311058964849,-0.02384242050352882,0.09441892424012396,0.19660644357772153,0.24188647505009328,0.2567234459477723,0.26298824064251364,0.17923227643356524,0.1371241167699928,0.13582367472736964,0.04846075319384963,-0.03560902140743689,-0.00969145393448901,-0.08363272386837808,-0.14934271500939394,-0.09909577600518998,-0.1165833004081048,-0.09334436971532442,-0.10840337690740917,-0.07662885548240939,0.005089494020820276,-0.006169286605250074,0.01355950873420214,0.03510965328717099,0.09877731966459852,0.06301448132170506,0.052442165715876204,0.06605223462711714,0.036567020267655376,0.03593034922499637,-0.011887064375806645,0.002559194279103087,-0.0003725050687202972,-0.0053138123112659325,-0.020650252194380027,-0.05834083342145002,-0.03181103773622546,0.02699954818491993,-0.012988784108203928,-0.005501390124454827,0.011603769398141462,0.0028241167080809704,0.026154903559854142,-0.024987399480029735,0.0319873763239832,0.0637143874002515,0.035691770809938766,0.0497469247141901,0.018723142777385886,0.01142896323666229,0.010073492094086752,0.02382593503194865,-0.003132836214998927,-0.0005415122857464708,-0.07447337049311557,0.013360418978748565,-0.010267131850935748,0.01253877184384419,-0.03684534088082254,-0.010721152873705772,0.011794597584074354,0.0250679730381374,0.06293601808734581,-0.03294473276110588,-0.0321731503360767,-0.010978208665348054,0.04116563661411314,0.051945565301535115,0.025181450098269376,-0.007989256176801234,-0.02671479766954661,0.007378082195748292,0.010070882025820661,0.028447188681294908,0.05266111136825941,-0.017111634910979213,-0.03197989416249655,-0.03236518058526199,0.007188815434666323,-0.008435953795679171,0.014222943652969954,0.008541367675505661,0.023938218845580343,-0.029832709363539503,-0.05315748676178842,underdamped,1.39096920131482
0.9526094361419394,0.9491509448698383,0.8566455632208558,0.651141357930808,0.5507384382583447,0.33997716282270063,0.14039801140530217,0.0857545476310678,-0.05997478983379892,-0.10190506411646146,-0.1530758932330093,-0.18124775412507257,-0.186591175224447,-0.1477455994333075,-0.14552425917206321,-0.0682138879980971,-0.06165902969580336,-0.056036166175367726,-0.04955378441631965,-0.004811000630735442,0.0036220473892469712,-0.0016853814652903441,0.08019160386474257,-0.009572521927395123,-0.034593569347270044,0.03445889207925816,0.016172017541755113,0.05403178324478948,-0.030882012059781066,-0.0685831955788647,-0.023540504781224145,-0.02322897054730884,-0.04578587565219145,0.04465264347642636,0.015484869317457024,-0.026926165977592738,-0.018963113898147983,0.03097619214346833,0.006593238284072835,-0.04491872102229582,0.009624108802334498,-0.002347175252485115,-0.01653162406058306,-0.0010550268260152477,-0.014048286022174724,-0.004673933141872451,0.011009841717520886,0.026796936577612073,-0.050799442271695666,0.0025830982197375804,-0.006779757493562717,0.012308326889042305,0.03452842603745651,0.03868037195534445,0.013394422764655047,0.00936704267140734,-0.05805508679651953,0.0345029188935525,-0.03072926338950583,0.02511265068205277,0.030788807177492626,0.01924861100335015,0.005214289248581757,0.031191676980403826,0.03900376575240438,0.0411919068858642,0.03248369708967074,0.02103179120272889,0.04380908671730866,-0.06488526995239417,0.006019417289850364,0.02740313741360015,0.014403327053420486,0.010779140308768994,-0.013362908064414255,0.02969829314024703,-0.02968450266396504,-0.025213150341469107,-0.0017724112187149498,-0.01948794442507996,-0.049399202110222376,-0.051177039422481245,-0.018047172001707364,0.006647758889702703,-0.0022919039794196123,-0.026383938719366014,0.04596362026786356,-0.006322394418759265,0.02537998142974304,-0.04420275936950733,0.037657169448463465,0.05397774512113152,-0.0350287429776781,0.028548607550167634,0.03521431850887999,-0.04365506565376495,-0.011781322047395562,-0.0019519693379638709,-0.008405574794361935,-0.02076944938495494,underdamped,3.0657315501398235
0.9832159964771662,0.9454710672908886,0.839776396366545,0.6220378719722038,0.3547492119111085,0.10172354361877892,-0.21698432116125535,-0.441007588998944,-0.5798770198363973,-0.72786512660376,-0.7260076228262232,-0.7252843687110577,-0.5559096652138211,-0.43180963420614754,-0.2398096603557769,-0.037416987151396304,0.19134566803057207,0.3181108127733723,0.4280470849990201,0.573969400934583,0.5941295329123314,0.49296279769498125,0.4326295161187521,0.2934775439978677,0.14042686206616337,0.03130546430259342,-0.15317813209902087,-0.2607534094418347,-0.3779996668363187,-0.4552552590980477,-0.4002214668493437,-0.3807409793034345,-0.34164154188336027,-0.224156926782584,-0.1066814861747946,-0.028545141348054887,0.12028189404434116,0.15544913704800029,0.27987028702411054,0.3690334287916472,0.35007272433455605,0.32578920223917657,0.22400791037289108,0.17266263847826968,0.051906506773050795,0.03639616653363523,-0.10871214470990398,-0.16174724396391543,-0.2303286982728835,-0.2963104130669433,-0.20890070018772344,-0.2527107184767648,-0.16336373801717585,-0.07104180348293249,-0.056053423790329196,0.018604403735355317,0.07522576386519132,0.13381160185895513,0.18448587764986993,0.1848149686996921,0.17217505217380058,0.14935278737733743,0.09073498034425602,0.06160362280798794,0.02403751108580775,-0.024734149456909278,-0.07438382765571817,-0.08182151568520049,-0.14901061060599807,-0.12654318622883579,-0.09028173016629015,-0.07336369599387285,-0.05899495688682474,-0.012325094425495016,0.016184152268998914,0.013464634601418873,0.05956095893091824,0.03328327384986199,0.12481497538264523,0.1323334255702509,0.1296634498484171,0.10284827361892637,0.0523979508465504,0.015814516296784722,-0.0023985904361417294,-0.011741231324979083,-0.042124012067758336,-0.10417925511072862,-0.08124838370906431,-0.06312882368214094,-0.08502159575483274,-0.05420673191308455,-0.016654036688617573,0.004281968812138794,-0.007645330494036167,0.020823959124202963,0.06531667601026217,0.04218653056151396,0.055261795115467326,0.028203392929359004,underdamped,0.575957524436579
1.010182397962718,0.977339368111057,0.8833568347892268,0.7424984043886379,0.5673736510823234,0.5242893754464595,0.37302519310300836,0.22317975148586883,0.1699237331210958,0.10999916313664543,0.06877979219801457,0.03942130115407845,-0.0433886006620529,-0.008763799979705491,-0.03899654014052585,-0.05358782706537231,-0.059499963616611,-0.08147218723424668,0.00944895007146726,0.027456290187313652,-0.04825587649336703,-0.03088554219457805,-0.0018026538091551626,0.02319741855228313,-0.013685147685126445,-0.009984731337444475,-0.004526242620373948,-0.038912120017814196,0.05671631776008814,-0.05484560065506853,-0.04471660761713556,-0.0010708660497397082,-0.05828013575394765,-0.0015438880132218388,-0.015156344599982536,0.03699791753057757,-0.004462123592117661,0.040090411106409464,-0.018924684327361715,0.00484788582422704,0.028622584459951028,0.0075800954174198186,-0.0408800476191687,-0.0599317857032247,-0.006041953340344802,0.02179549255217142,0.0023007608286810593,0.04230787392435454,0.023505998980081967,0.021167950277025057,0.011647319226401316,-0.0025203491202859243,-0.0050242224701898255,-0.008096997736105218,-0.009811840458364942,0.009134937293237468,0.035194903332502095,-0.010133622700514735,-0.032523349592356275,-0.018711801799219094,0.01260169775234051,0.025867738280092627,-0.036526507532123116,-0.00010885399263632812,0.002067326689314909,-0.04246679833942398,-0.03467647396488294,0.02427954176082774,0.01689873975488541,-0.03836015255099078,0.05323850823201759,-0.000312462944473119,0.020035106065234537,-0.00764529905787887,0.01758640706782885,-0.053818961840878296,0.015051383289724147,-0.014830209454601192,0.05513801631969212,0.008762633939661408,-0.06645050762966767,-0.004221888848707541,0.01917217228458158,0.01768657780451513,0.06745519084694855,0.029109864252954892,-0.020476919773859438,-0.04409909572230869,0.0030554338261489537,-0.01021938716035548,0.0062045535602655785,-0.003037280568469129,0.04659338585879697,0.02650322378686443,0.004212115996179657,-0.029618892173298,-0.006985533631841956,-0.018438359016823457,-0.011161616534123162,-0.015463042807096632,underdamped,4.861848687411977
1.0080289459626248,0.9347756255297178,0.8699332852394799,0.7073622188985277,0.5661062924183328,0.38769043076538523,0.26971795028059986,0.1923675172011203,0.07189263867727758,0.06947011086654789,0.0035101511657763514,0.005552779658267927,-0.04810594408176445,-0.038293122241540446,-0.02815919579612174,-0.04189356770959249,-0.011365660825313297,-0.04522516249072149,-0.044579727004592985,-0.024226973375384653,-0.020512388214354645,0.013174501062272413,-0.02252718381806096,0.03693253396435835,-0.005817961884495449,0.001665750081736856,-0.024621749579973276,0.013829622081596873,-0.006665665764383886,-0.026466524241672566,-0.0030438343979373164,0.016475016185598268,0.02683117479005404,-0.022389340947328352,0.007129404346622993,-0.005621502970125383,0.03476536714318192,-0.008657083861798335,-0.02267395315436831,0.009851098186364309,-0.007769919297602301,-0.023406014748036247,0.009531347616246204,-0.005783484268539303,0.05099401950756218,-0.028140014712997482,-0.006692259405530127,-0.03631386959698112,0.030009637944326883,-0.016183700531502438,-0.058500319644353885,0.011637349863002992,-0.030965112688490698,-0.03337852699060579,-0.012809216137879689,0.03740782807566239,0.0034791100698291643,-0.053876921421200534,0.03333257297415129,0.023605618498638112,-0.0005619822137454417,0.008312749159718323,0.04097570020860307,0.0405783637039087,0.012473260295134608,-0.03143554502971015,-0.03695557513379049,0.04284383268237466,-0.01067639205250093,-0.01605968422689536,-0.016668002352807836,0.015998708846199146,-0.0192163868877973,-0.013897251053731248,-0.05536673426799216,0.033820638299819024,-0.040162134463889,-0.030889673791360265,0.002191406766673177,-0.03020433881557969,0.007372810598996219,-0.020325606266255312,0.02579961987347628,0.030188768788559413,0.0038482069816691915,-0.017848242595321823,-0.003994396008021996,-0.0065548255374957174,0.03360892022107358,0.030366761290542645,0.07407277499180454,0.038237764076382116,-0.02744193037792016,-0.0009390614630009408,0.044753560124217225,-0.034137433386764386,-0.010350779067399899,-0.008372055039799325,0.015413969467576904,-0.005315311923775232,underdamped,4.35256609134943
0.9812666662668443,0.9517646546234668,0.8641490536482134,0.662726665967268,0.496758755523885,0.34868809092387215,0.20442946365726272,0.04358255386323539,-0.04821222872988304,-0.11740393914900762,-0.1312311609974808,-0.15546819832731357,-0.1429637561268815,-0.16469824086855608,-0.11939079292067083,-0.1190723416305109,-0.06599410812527666,-0.07498669898041901,-0.0534758687977411,-0.015524202869339872,0.030486446711466938,-0.014517868233822475,0.05926710852969885,-0.0018744917905133829,0.03973480091520515,0.06391020548626002,-0.006260861449522138,0.002448865559017509,0.006480859329835781,-0.0055777961798560895,0.044222189709665835,0.021871349130204693,-0.014607792408407923,0.02109001417216412,-0.03561239294075477,-0.024282052501820955,-0.019805748341435225,-0.016355364449228773,0.07591966372676935,0.018217793350129588,0.02153323336788989,0.021988035988611102,0.0216844639970401,-0.018616283289476027,0.021012148326752918,-0.01719741129890585,0.00294798173983364,-0.02338691782638735,-0.00706972380476952,-0.05442211534625616,-0.0005799705037644936,0.024440027784522745,0.05142349295638763,0.02845920533272784,0.0029762533615400053,-0.01370696530724935,0.00704242620486518,0.021465429342771975,-0.07866698376626034,-0.026028907222578376,0.04021561773039821,0.006954076022947817,0.020813410327922617,-0.0018873406136979884,-0.009687535145846065,0.03641598175813659,0.00012986540859768,-0.010682736368194556,-0.008780198289250403,-0.01125072212389922,-0.00538496656411667,0.014019701565869876,0.03331220164896126,-0.011706804873253956,0.015631726827041895,-0.013074923540590502,-0.04058773870779908,-0.01649765053766389,0.023141352308406683,-0.02460720803517504,0.025400317973120652,-0.015210324667714986,-0.043613998248099396,0.008000133231236335,0.02422540526739955,0.01023006012462131,0.04566367227638437,0.014274454923455035,0.02889126298244763,0.004853490527013114,-0.00495150513107132,-0.010130579067613834,0.0326086430620938,-0.07455343746470575,0.0013923346944912736,0.04791789194814489,-0.0037144472178250805,0.05385063767645852,-0.03786035966697744,0.009691710325149394,underdamped,3.2025103631937757
0.9779966735072904,0.9907144543599616,0.8460451034126535,0.68890704323909,0.5575519405054772,0.4172008748047134,0.3161004614815999,0.18595373923037337,0.11914186678658842,0.01722796642844429,-0.06800216135788427,0.023404099258728585,-0.04932869268465855,-0.02903541373339878,-0.07894841376664488,-0.04645685513180313,-0.017026426774790764,0.01669865850774673,-0.006465402762957557,-0.029768243654357658,0.023253720787760213,-0.037149582168095364,0.0031629658561949476,0.029483502601056127,-0.02789670996213802,-0.007391364867645045,-0.024046492002109628,0.003308518096467058,0.037565588078884334,-0.0036862419342387166,-0.04960540646086379,0.007929929347000283,-0.014864152410415415,0.004139655905916487,0.0068062038250063,-0.026860793607924465,0.029588700916527225,-0.0067492185668360195,0.005086207894028077,0.03441754576074682,0.024101453189804528,0.04160462435197625,0.05007192980755926,-0.012312729509016483,0.037219136250372695,-0.008969233037880846,0.005192614622496961,0.01359646582264454,-0.03366192633805248,0.03284737733154535,0.020334742113039178,0.050370590051938634,0.041051389852957317,-0.0880444532495227,-0.02002222772449344,0.01522889271382403,-0.06352878455256711,-0.030735157723086663,-0.05387063313700022,0.03197604005146452,0.041378115710503434,0.0044783733305693236,-0.005414717866687006,-0.014076462037554919,-0.01757649387215028,0.005841256993840958,-0.0040094909226772975,0.013450690391708467,-0.01175668888912909,-0.06028822808634986,0.016183485363948185,0.04148711624416054,-0.0003496452717104691,-0.03665407344556979,-0.016041813284842246,-0.024835748884785094,0.024960756582831443,0.02336159140740663,0.003271716556257823,0.016775832182931102,0.01704763352562209,-0.049222883261501184,0.04845020703613634,0.04301136012584951,-0.0724319376163573,-0.03799200948845786,-0.04308405048700886,-0.0013033195178144628,0.012032124977182678,0.014463435435863188,-0.033341677115857886,-0.030395134882379663,-0.04807552577466557,0.011602902746196098,-0.0228781407709935,-0.015650250418428904,0.03849512527264726,0.043262275115327334,0.024244065868224474,0.055725077988108544,underdamped,4.26530363612415
1.0329547016979712,0.9833963497957035,0.8424726622850361,0.7186700024544723,0.5932064934742953,0.540147199533324,0.39977700534005634,0.3244362258097297,0.19848454914878655,0.17420499938764672,0.08827294566660936,0.06674825170657159,0.053135921839512976,0.026945311010836803,0.038170312291492335,0.02647197654708136,-0.03430641361005039,0.00696135884420271,0.00032573777377837166,0.0028544804681239987,0.011940267065083422,-0.017087924442254772,0.05389348026060895,0.004469505133762469,0.010317523551977795,-0.02241354432066996,0.009238617144057763,0.039459214086934265,0.029436435639804387,0.04375256628636543,0.010573863085806262,0.013927009389348596,0.020285085611410496,0.009848419468654139,-0.07157233961349514,0.043110137386539835,-0.011558149271418901,0.0011208103666073396,-0.007413807428679632,0.026181002714750507,-0.0015593230622096106,0.014698348258712258,-0.0022157573269680625,0.013871881860492619,-0.02219233953316538,0.031450675303652795,-0.02021723291592745,-0.029933317676239607,-0.021071383437032524,0.037081454537021094,-0.013597401163737673,-0.013818599010607715,-0.04336863878626358,0.011219359025726478,-0.035167955601194144,-0.04640167134480807,-0.010086608960909519,-0.009248742407553131,0.0045729457853465934,0.018211824442166562,-0.05375315989452672,-0.015862858431452364,0.04807492701854025,-0.008537933675474653,0.0077296809462529155,0.023789138725770632,0.013842890423767918,0.06999422627096966,-0.028675309553490572,0.004302722420256985,-0.021935297794516057,0.07688326597346277,-0.00044073281166113413,0.0012717456470525098,-0.0022793320057661755,0.01979829316048385,0.05617276396664704,0.021260006407640017,-0.02655691300887044,0.04176739192162233,-0.05171148845218234,0.030010787032193075,-0.02893042682926764,0.019450078840605668,-0.010748534307347327,-0.06029574381027299,0.004661654921840906,0.029849748882242334,0.023809091931973343,0.06113623630546176,-0.0063649605973507845,0.07278856395789586,-0.014559699117427237,0.016631513680806606,-0.07070698292255534,-0.038833702973610655,0.004217656809248994,0.034685639615732074,-0.05427136971569625,-0.0003741367305970547,underdamped,5.8230899168798285
1.0396932799439131,0.9437357954533602,0.9300145191977747,0.7294644184309251,0.6067890472641022,0.3962883503196275,0.3624003723176024,0.3249997172307776,0.2604089712467359,0.1571884042490979,0.06735343186995685,0.0613613079186876,0.017069695740122282,0.060680362239819485,0.0011219955978162858,0.09509713953364794,-0.04245420287614787,-0.012499411122973645,-0.04610740007178335,-0.03600217040451862,0.015481241520849646,-0.005392000104117101,0.0029190067801722506,0.028974583745313875,0.011961467721206856,-0.0289507521528956,-0.012027996372965956,0.057041811264788175,-0.006261093666141962,0.021409184718855605,0.02461226901724016,0.019691980728051575,0.01838997050862264,-0.007869953278569333,0.009371512588971823,-0.004006161483230424,-0.0003641196829124215,0.0007274286829201097,0.026147176496302334,0.03597349736722703,0.003261753128507936,-0.009301176134348315,-0.002305318628214598,-0.03447818088841384,0.026657936110925342,-0.014403472102153961,-0.010571519523399344,-0.020653690116806667,-0.005324969502974491,0.012805734548630689,0.05119783363560931,0.00871834598847631,-0.06953959158042237,-0.04648600420527642,-0.030890122632037872,0.006148476081273763,-0.019866413423595682,0.08761182154884288,-0.018167247606190855,-0.03155550963034725,-0.009369555169168986,-0.01900197619009632,0.039925352183011846,-0.015392649078718568,0.014873235663266818,-0.0007690341572133606,0.03328348275810961,-0.0039769041123502765,0.01944124649001693,0.01679255459975503,-0.011773219870093655,0.016164162002661277,0.011407904544853213,-0.03559284561903255,-0.009575860132046152,-0.028897523776330532,0.05201786848881539,0.049563048046805995,0.034784141105190805,-0.03720338891902595,-0.011747435366433868,0.013444808599035612,-0.014402168862526888,-0.0416424736338182,-0.024675157019308912,-0.028723459058629445,0.00354346106581233,0.009830665013555347,0.008499383490165133,-0.01966262059174816,-0.00011879395461057405,0.025543079679546884,-0.03464599592132408,-0.07551945014289059,-0.028156914507819514,-0.011723795429123895,0.024926163067282025,-0.0017138139468218583,-0.025846137786523858,-0.05156444105704289,underdamped,5.36011419896564
0.9939857423746321,0.9590270861888234,0.8101714505547492,0.6637148032126394,0.38054495024033796,0.09324769378685573,-0.18025048397804833,-0.38909914248960237,-0.5863652424088792,-0.6958089517316485,-0.6788962471552926,-0.5908057527355572,-0.5543713549411475,-0.41140551958274924,-0.2426618816052693,-0.04495269218224795,0.13358099088505312,0.35249665562949917,0.43172286546969063,0.4991864677625136,0.5220632957671131,0.4634854189746325,0.3369178038512015,0.2707464269357732,0.14182557930888046,0.024705453513641874,-0.18391333599810056,-0.18510818300750392,-0.3189480382921593,-0.3088855736349411,-0.3591378679725064,-0.3301765682146483,-0.30944183094755084,-0.18293118245961018,-0.13041260529167492,0.007803894112527837,0.035733322028246285,0.18183021806012017,0.19487577810235052,0.2436479255912788,0.2276234402274957,0.18653690296106384,0.17620245040654822,0.09624203307726475,0.026497171408575618,-0.002980948510092219,-0.022785997429887503,-0.11697408310651368,-0.11960445518126371,-0.1964517501810671,-0.1864141187028324,-0.15784971648029772,-0.13944682679718737,-0.05437244005549762,-0.04448209154680896,-0.017972252965829962,0.07370957097604586,0.08360955711382186,0.09360766598072091,0.1493875399434699,0.11254324099183022,0.11569674886837955,0.05679386101522542,0.054844958393527626,0.02433420361915608,-0.04976664366377408,-0.0004556967376879856,-0.04875210973522782,-0.01645330096692161,-0.08316460817654522,-0.07242581618778926,-0.08130349716371216,-0.051380697905287855,0.016083340920193465,-0.004552783287094724,0.03430407666834412,0.04000659599891707,0.06698758222676925,0.08172482294125848,0.060874444407052135,0.052011184312586,-0.0447962862032343,0.017743759696045122,0.06080561872067921,0.005076884751183373,0.0012223053450365982,-0.027425198491839373,-0.00513289384997381,-0.06258673097639406,-0.055074582045386025,-0.0006432614119057795,-0.046638346524091386,0.0340384534611517,0.006144875581734299,-0.018104334360883042,0.007709462367121884,0.005284155904548279,-0.004304526697169225,0.00021868819371079554,0.014657413844562909,underdamped,0.705732786049059
0.9436116992584,0.9341191148917853,0.8599303535377079,0.7597830359869973,0.6361047897253427,0.40192717621174456,0.3218476611335844,0.20884568895504496,0.14453102775322213,0.04417005895989659,-0.010608584228594155,-0.005941927685034702,-0.04174331606099183,-0.08279626555728274,-0.04385838854293764,-0.07521930408837152,0.021867916356268398,-0.04550445219080234,0.013147521310561454,-0.012590714698442773,-0.014504305421485397,-0.039779021461068,0.027019557022188417,-0.039451571672584465,0.004016218700990757,-0.01637675022933436,-0.011098801728142541,-0.02452761204604175,-0.02310700256936403,0.014146031304879595,-0.012788120847318396,-0.023532965271380806,-0.041152952747475206,-0.01708788214696013,-0.0003254315783513482,0.10140177237903066,0.011133515012028201,-0.02617019169884393,-0.01953154972421955,-0.013258069903794559,0.05991727967528703,0.055790113763575344,0.023649978608669568,0.0006803615619118541,0.007557215423570749,-0.045500692429482355,0.0015867966371387544,-0.008099832783519313,-0.008490070586825126,-0.009248019975313977,-0.016120825040339945,-0.03820980560185668,0.03109858148806495,0.009185532297947054,-0.01753377186489167,0.03323232063557459,-0.00837243925044171,-0.004033003244077773,-0.010879444690539206,-0.0015667239818776607,0.0100831094707378,0.027313297226113194,0.0222034528211832,-0.023977162870625967,0.04922061348375816,-0.014832890374713234,0.03768553527779113,-0.012761576559687843,0.03428649908820789,-0.04458522443087782,-0.021332296034128524,0.007364482650432231,0.038972279782155325,-0.03072910770068985,0.012291300516286458,-1.8202160390131135e-05,-0.013614390410955688,-0.022633848782859442,-0.031630387984611354,-0.0051634685382697006,0.06699253770506518,-0.04945327995899192,-0.05220630628329462,0.003396505125222749,-0.02994957184116975,0.009790463322125223,-0.0005607854942587147,0.03400117790132495,0.008656796879922298,0.004296357474984211,-0.03813709819822069,-0.031346893672790185,-0.0007422540776800351,-0.003638269671019809,-0.0034993666361825535,-0.012938761092272336,0.04390635899248584,0.012279690413857644,-0.0021622178254421653,0.04344833884540973,underdamped,4.651112778108364
1.044090521505595,0.9393751784221378,0.8428453508546238,0.6289508313812061,0.4820108814085127,0.2624721207887978,0.08837094290348815,-0.04084396744366965,-0.1361820798239812,-0.24511116563623225,-0.2381594462937284,-0.2993753194081262,-0.270327130066563,-0.24007691727618904,-0.16491517819782145,-0.08070798314512503,-0.07858219242448183,-0.017089894193183977,0.036611335311847557,-0.003276179913100752,0.08613433625177155,-0.002727794531678304,0.03899607660609543,0.046932738465922615,0.095077582714272,0.03524562024782755,0.03563550842873637,0.03786768119042754,-0.03591332066885775,-0.03504459209689699,0.01013482011839751,-0.04235326556377284,0.02032181681433251,-0.02960026953638711,-0.03252044380682351,0.025085613495716065,0.009473538435611963,-0.029343145604983713,0.028221732070830053,-0.016793366006638038,-0.04335145553334188,0.008417051169904727,-0.019638959625251147,0.006495116202859268,0.00476538371158925,0.01272281180512608,0.033584907594056225,0.020694001444355247,-0.04110699045365443,0.0072453530824051525,0.013201574612702237,0.02359392963824236,0.05225923573070196,0.02133026720339584,-0.013858274586262868,0.06185763496047129,0.011082587846877174,-0.005354499600719018,-0.01850735930769443,-0.052543309280830126,-0.006167496691577262,-0.00253403647366889,0.013305726012404855,0.004526106722088544,0.06282773082886081,-0.013917008855970497,-0.01321221070720852,-0.011071173270795005,0.02189520999984753,-0.020204167476272593,0.014735182321675408,0.047801644821360394,-0.00660009222097435,-0.00869395266467941,-0.03130872472250282,-0.0012448340131175014,0.033336993891510305,0.07735613900339823,0.010412625887943257,-0.01544499325873418,0.06733297938530404,0.04482110104802569,-0.05715160227379603,-0.040812734611114766,-0.0153886440213115,0.023737895096366365,-0.02401092787104775,0.05173439523165653,0.0034386877619150733,0.013298763319034406,0.01726587441204624,-0.022738023226753237,0.01373236139428628,-0.08093922242050236,-0.0011563353753325334,-0.028804510387652752,0.04454807672287512,-0.03006715140074344,0.054290063239766116,-0.006827505563758127,underdamped,2.4761330536182578
1.0096745726687566,0.9590143387500888,0.8687818473442198,0.7638291848608643,0.6116479731398402,0.5298137996908704,0.40421208405206493,0.37310312346857866,0.22558665225660773,0.12126921225142295,0.160731061470939,0.054701513975568536,0.12847827269209852,0.02379976193565748,0.02288129475977734,0.025885349151636372,-0.021325987127534952,-0.0011081030556362361,-0.01666801211369323,-0.041114646435441396,0.03741804657903537,-0.0020720633599451655,0.008005783744286076,0.05870245769209829,0.005262167670966816,-0.05812974617713003,-0.04204935363773954,0.03829992199190981,-0.003687143953932475,-0.0042748938064867585,-0.05487762404041854,-0.02730731643234543,-0.004447672152313786,-0.028432399097742873,0.009569218156876601,0.028698681710308475,-0.013825410916974203,-0.020894292026763687,0.016651772388271705,0.019993867936162184,0.031370111916647396,0.0018622911566962574,0.05548405906756404,0.007480287792549861,-0.06268492364910468,-0.03687571868004359,0.005136730774328277,0.008287947876612686,0.009188163336432763,0.06937615698940054,-0.02740410009371981,0.04295530012478008,0.013035384518513124,0.042057151862922075,-0.013042224579790884,0.0564824068795152,0.027474906191363474,0.019487360721861358,0.02075534217062626,-0.027175634933346484,-0.016495982097551706,0.009294900705195083,-0.022124196751262246,0.00029354033707318107,-0.01625740095371069,-0.003046728281578997,-0.029123244779067508,0.018100855317281332,-0.07863900680914318,0.01066105610381377,0.013513457921123807,-0.0074638208289836555,0.02941179575851541,-0.03488953498495951,-0.02745770346480102,0.054998772191750596,0.0034838904496049075,0.05448467038652203,0.005737952672996722,0.046635875005738875,0.033107773646237786,-0.010423733950599314,0.005082565857950085,0.03185341545866801,0.0018467662373377854,0.0012561185723219941,0.021445061645895085,-0.0426211366914717,-0.05361055480086986,-0.011180780017984098,-0.015024281836192576,-0.01065814051080519,-0.05982222818880214,-0.011227409229263076,0.050270743969069005,-0.020791320230611587,-0.003588348308024897,-0.030391690356191853,0.016384432818894862,0.0011570168637992115,underdamped,5.816124006586305
0.9980910508167845,0.967348021561194,0.888675924595278,0.7762321693286326,0.5730612572937428,0.45509316239993375,0.3488152961966778,0.21472883864586959,0.1324181915127322,0.05673459238739167,0.017274454379118717,0.027949173094482138,0.019591970086461605,-0.04177051183692074,0.018714540921117327,-0.00010683988317979412,-0.034729545752618184,-0.03171666721719124,0.014017013501389484,-0.004156717531843466,0.023297089243492004,-0.03798534741580092,-0.02747673182497526,0.004795670409419889,0.015637848434524683,-0.03397498865804726,0.014569470513471156,0.012613353668398183,-0.017160799063700032,0.03815810923815676,0.003822743842356677,-0.0042067508634767645,0.010193480702128922,0.030596041588761873,0.018256291539956337,-0.02759322128147235,0.040031484372306046,-0.010067441539720544,-0.002178679648861385,-0.06301399980046682,0.06893984744302135,-0.006775695965909772,0.0346141742584963,-0.017620525873157523,0.010517343172050903,0.022371105976672297,0.009461729814608015,-0.005902164974321715,0.04015449455544044,-0.002237838076941582,-0.019805484303506447,0.043803130873859064,0.01495709116745883,0.045432423874661204,0.014517467970681593,-0.01482107620210215,0.0300434497553118,0.00825046557137326,0.001272814608862812,-0.009648358030410859,0.00878394900597286,0.022034617063166242,0.022644905330520805,-0.024459750042000062,-0.0018207091450625644,-0.0170308808052443,-0.025739835690500815,0.047554545325603714,0.005326997106843557,0.06417877662860651,0.020924675017899356,0.023219064444212394,-0.0143784267293675,0.011579920395097297,-0.016797935937092133,-0.0075724293277170925,0.03206177673867454,0.0021576344829201274,0.020985190309208177,0.05212544751015017,0.00878610296034195,-0.022649224815518842,-0.03469664005997287,-0.031034655414994877,0.027262920641286468,-0.02739994180215369,0.01986121933137256,0.031049624989634782,0.020534116047198632,0.02599630717352669,0.024928097240401802,0.0032384223229694584,0.029502750781144116,0.019452796627971208,0.01800279845132916,-0.003839391344628737,0.03186592580597308,0.0026976543336611524,0.023388357841355834,-0.006875823536474178,underdamped,4.697902687147974
1.087457857246497,0.9667528444590677,0.8554392983401701,0.6736854591314138,0.4410060219821503,0.34114945519997847,0.16824375300848415,-0.006056571977120527,-0.13933797502995793,-0.18600362549229227,-0.2572865214082105,-0.27134223824807263,-0.277609189950192,-0.20426391544133096,-0.19321792631426854,-0.10527885219410152,-0.07767171818018091,-0.013190075455345191,0.01178156022458765,0.004749663417132878,0.025522397067971197,0.08032441839236186,0.0777319268047949,0.10571367793905864,0.045379979566106045,0.007225768180422417,0.005998183721032772,-0.014183841241995662,0.0285676055705002,-0.0002516058092474601,-0.03548639574984775,0.04583357109869516,-0.02649370215634752,-0.020317334238674024,0.010714016739018947,-0.026530954333460005,0.017443330288650513,-0.001135160062451096,0.06615478728267636,0.005292885516835243,0.03535221757423061,0.009135187522514625,-0.007410564866266588,0.021803032578658864,0.024720638415740744,0.023926312553188587,0.02177558067574184,0.025319948114922497,-0.028069246892324637,-0.012162723681358591,0.026930506221915465,0.04152491230994741,0.023352920700271732,0.011641846024777585,0.021483863438481247,-0.032311825272557534,0.008273521226402552,0.012625742593002002,0.045771686397246505,0.013044050495060551,-0.004307232190583619,-0.015104225314044048,-0.009181839241644216,-0.032592976866680896,-0.04732502142932778,0.019079721537781633,-0.04383202928111554,-0.004374697199344773,-0.03754511402790895,-0.006206275242265701,-0.04115878633258076,-0.02116048877558707,0.033656262329960336,0.007052200484222131,0.011073068132536345,-0.05173768386535532,0.009950485787220154,-0.03268622095787098,-0.012469548088658808,0.02465977704434371,0.010369745781571576,-0.010199912284696227,-0.025094252690718483,0.009365649687541187,-0.015987515525429527,0.04164936073225393,-0.014546407341371387,0.027443858411263778,-0.006007309049029317,-0.008822823014012177,-0.011365109655244829,-0.0029105666202506714,0.029630866855943547,0.01998222549667263,0.024096836292916198,-0.003051884813098664,-0.002601582104270232,0.004167779767484147,0.002429456452862997,-0.004549061353554276,underdamped,2.556711285673461
0.9788641303060359,0.9449266594422563,0.8882796470038773,0.7330115576665971,0.6023991715494137,0.5001940003939167,0.34685750301984813,0.3014158320153294,0.2236351412596903,0.12844769153375452,0.05118543802970418,0.06622123120555821,0.09380869783514997,-0.027552173181091932,0.032905224561293925,0.018441845642462457,0.049344965019653464,-0.040442521023678235,-0.02504014295765499,0.009933672050719558,0.024763420451621942,-0.016642202516313754,-0.00968491912058589,0.01095269452730295,-0.010168523635956992,-0.054311676323593995,0.017089204286382515,-0.02411387650671574,0.010458481089742951,-0.006042946013148268,-0.033781339369352854,0.010632976070296743,-0.049719841136288474,0.015598461254515271,0.028858109282137966,0.028579143431706484,-0.005762291976436854,0.018273653365761856,-0.022279114426467538,0.02237888369756455,-0.06353131694268832,0.03849996196588692,-0.046145921990040493,-0.06996136339059929,0.004320552853308483,0.027189053659950065,0.012108402092590452,-0.06763815568117908,0.0048614037514029,0.06351976154266188,-0.02444200137136636,-0.0575670482375423,-0.021013882604898414,0.01638907851817404,-0.025734304800898247,0.0516680778387722,-0.009812026742990608,0.023289401666032095,0.0263910031668143,-0.032473488946935074,0.023069284204174482,0.034592048116351096,-0.06289412510618696,-0.013625847104736228,-0.01655942692269161,-0.005864650234607964,0.01660524483920482,-0.005406049393848478,0.03679736581777131,-0.0647734834806614,-0.004260794905477831,0.01164984406695128,0.017024838513004948,-0.039459522520779215,-0.00259558083451977,0.014941546314184075,-0.054650773714184635,-0.030908331957608944,0.0817407206812134,-0.018937543773112762,0.025573262227915623,-0.02186711049767634,0.04386618453610957,-0.04686887193491923,0.04394272631885222,0.050526098782987486,0.0442921433655355,0.047262423131918904,-0.0005135398740382236,0.017987586058265285,-0.019310759030845226,0.05171738899523503,0.024770081739905088,-0.05766697901066722,0.00037559742228713823,0.06358841741786743,-0.06386848727917824,0.06689810786527006,-0.03788702057249813,-0.012184240733839705,underdamped,5.4929415700986395
1.0577616158191527,0.9742118463496122,0.7775040202234781,0.6917800338265788,0.5592306409730436,0.4190060529974614,0.28686435488498335,0.14163992837585426,0.08885488835892244,0.036556433777491674,-0.029252766395783315,-0.09542090001640632,-0.06193548819629672,-0.04399486421523979,-0.06832622667664728,0.003797055995409887,-0.03289009453654448,-0.0687286248433313,-0.07208305433930207,-0.01796273194164926,0.011703275525122956,0.035362559067169466,-0.03556323598330976,0.01019840204353588,-0.019153728383132774,0.007053285737459383,0.018067244676661702,0.018317139191934107,-0.007723585571504265,0.029340085259668566,0.006007685901065625,-0.032759089802033264,0.013221379127078922,0.021837446824477146,0.03072254432885357,0.012472019121876985,-0.03745001327163323,-0.00013006890696374743,0.0591668001308623,0.00828710795428386,0.02350292850802308,0.0065973323537452016,0.002171517877230733,0.0276603485995791,0.05847610085136477,-0.011567548284572906,-0.045783893291962,-0.029759742966263367,-0.012706196804526075,-0.03060013998734134,0.00829010405341417,-0.052339270396555136,-0.021507470720163232,0.0006203135354158524,0.08117146887858387,0.022614512864871893,0.05432703751863374,0.025362355678486947,-0.006936521942921841,0.0406017848745681,0.0009640314289877806,-0.014905041546596087,-0.0014987659846282112,-0.01446702934742208,-0.0047685172150830615,-0.023613535797975854,0.015517678240689498,-0.007174821887517593,-0.02744268303324349,-0.026916466925261024,-0.057923699628907775,0.08575582549981943,0.03630731616803951,0.019152464646519037,0.05615990052658515,-0.014625955177147933,-0.003888045517521952,-0.046212915036130925,-0.06389802316408266,-0.04149846622861042,-0.02040523555428495,0.0230398319145099,0.029009566167633102,0.014421712425294558,0.001627669909887479,-0.023087574320548965,0.015502766403796659,0.010828884462042337,0.05319278497577661,-0.02372567557197762,0.0037429476740705506,-0.012499030421629543,0.007786032880607318,0.0055036984472960565,-0.025858073822079906,-0.015330390869122327,-0.0135161025014947,-0.04993250905002781,0.005540090580083221,0.029613822628384724,underdamped,4.144380205864105
0.9754699461359798,0.9368684093840902,0.8534282371217407,0.7050407719131592,0.45475116028885215,0.23326275915069605,0.07324876754423389,-0.07223461371175825,-0.15133889756898306,-0.2885517016596993,-0.3237104783794191,-0.28852280725283874,-0.30120526262839337,-0.23838497751774368,-0.1834459964174224,-0.14074968077504044,-0.021635884544306563,0.011994766947341518,0.05526005811957867,0.0866779831793483,0.06609209091288762,0.04605448755099415,0.08305108299635337,0.023663923392876145,0.08492409260005157,0.03665410963302888,0.009415492364144414,-0.0015438292803125128,-0.003604240104683689,0.027932886219231425,-0.06743027933779319,-0.0524707331408171,-0.05251297295734843,-0.06922800919255825,-0.01102055521829612,-0.020634213358443263,0.004624410935204257,0.026046492931939197,-0.012214875381380781,-0.00940640847235353,0.0803098592432118,0.01491776024052174,0.033261244729829796,0.009395497223431847,-0.004924412458086576,0.01195150061875955,-0.049382459615622515,-0.06770460618993653,0.037234684126394295,0.006988498414372371,-0.04594879264286566,-0.024478654585251218,-0.04506880851154309,0.04180488967660312,0.03738711714130479,-0.019098158145810454,-0.005767294455590167,0.00025240957103256356,0.007447976269085035,-0.04238094210021185,-0.03841797755464079,-0.03208932521909574,-0.0005517090689413334,0.0010113081729350199,0.037615072397469015,-0.04955000464906309,-0.04888771789886487,-0.0611002816938839,0.0024005416710735153,-0.0462281730380754,-0.044285592845165395,0.002263441902934834,-0.029230076018386526,-0.010335320911183554,0.027402284909023588,0.03527003750899564,-0.04583834269944603,0.0011174062309615318,0.0131420839803689,-0.009083018523881811,0.0031934489241679967,0.005129463264533785,-0.006631902458055243,0.02376904861689778,-0.028449060518615277,-0.012664667770518164,-0.012194036683812241,-0.04353518493766117,-0.007975412154697189,-0.00039058585279106014,-0.023735826890688358,-0.042557600591279214,-0.03432220141070972,0.014264529872518875,0.0013078553979829059,-0.021340012453188197,0.05632119521591256,-0.0035083638779654256,0.06924701131756747,-0.019034464863829332,underdamped,2.239814076407517
0.9843530688949966,0.9335972855218755,0.8579361237716462,0.7419645211234726,0.5069884322462728,0.43011632931676524,0.26884096735701063,0.17311032276257435,0.04406422482367401,-0.0028610157026657743,-0.04370587347011767,-0.030322534081239312,-0.04911941538911467,-0.10193923370740189,-0.08363176407205225,-0.08549212648579166,-0.04145314822678631,0.03338479881481786,-0.029143620517146383,-0.06416721521362374,-0.014520399579235413,0.01735621441657153,-0.010140836877252302,-0.06909958551663345,-0.006028262972203849,-0.020786479709959813,-0.017114126206831448,0.018567080134857875,0.06199656034220774,0.04906484079164157,0.08612803728665468,0.0988860040872123,-2.0760902782922946e-05,0.03314089580429136,0.0033967875487269953,0.01646694347318099,0.017525912194649544,0.016866257955521737,-0.022896838361897143,0.01736005138592276,-0.011092612328874122,0.0022017278624642065,0.0017552998010489738,-0.03171495745410546,-0.004871079294927025,0.002865129979329404,0.019843620857985474,-0.03436577385315082,0.004706018049020672,0.04982340835604836,0.0576150315928851,0.0686315862433908,-0.038735154807116104,-0.038557873900189464,-0.0029055451107934515,-0.027956257964830863,0.028707897764367895,0.03848319173477433,-0.022613104029898683,0.014429630883395623,-0.055097468101614144,0.051387154785132325,-0.008975405636448093,0.010366305680754093,-0.032990099071305776,0.01638606043743862,-0.007788197516154426,-0.00953559777684007,-0.04175247380463067,-0.021206744145012963,-0.006150314593664445,-0.03211157489165565,-0.0009653253411491186,0.01622477498089152,0.01181812624143098,0.029072152418527123,0.01937660895543795,0.002470728019445496,0.02050119530820482,-0.04010483522800134,0.031627887487655486,-0.038033193978340686,0.05114503379887105,0.012102882220585165,0.0002966631111844777,0.005981657901167818,-0.05881045633673715,-0.003402863049289602,-0.015636087319483197,0.010596022985855828,0.0242522402044739,0.0114564788058484,0.017378952948153108,-0.0006304848320146611,-0.030671692701478293,0.0031165162584261418,0.025983175701731635,-0.04492931659655319,0.00012773551653447193,-0.03044287778257003,underdamped,4.195097982596286
0.9786162374145717,0.9108266656341293,0.8644381833992233,0.6442839438288572,0.3860632751269309,0.18222598326805078,-0.028886850491512288,-0.2411850497843325,-0.4156852514866027,-0.45193177564963655,-0.4641783425654087,-0.4736214634730364,-0.44619760405527553,-0.34187591835642295,-0.25550795818829614,-0.10147187707189863,0.0011955737545548805,0.07713419994289908,0.20812531036366466,0.2848530374086456,0.2460751531735878,0.1785306126499249,0.21654554010053165,0.1568933070395838,0.009956233723212957,0.06538628527600632,0.032893952175653864,0.009782299047330474,-0.07774143283477426,-0.10609503693665728,-0.0766862086175377,-0.14888462336020555,-0.10150468215930086,-0.11652904729706579,-0.020597557936690096,-0.029256856149748156,0.02049202212717628,0.02430988440128498,0.03787869993710383,0.055016516035935645,0.039519197810152576,0.1099428109887613,0.04368568776031566,0.030505022841565612,0.062377263221941134,0.011472781443647209,-0.003367819809890604,0.02351403912327726,0.003140476025754759,-0.024242104228591615,-0.06187737436917101,-0.020429602546695715,-0.013826078875167945,0.0037936876463030393,0.07250404049031557,0.014959874153834667,0.018075427809913995,-0.0052539671183808295,0.02607338694398382,0.04951126466609895,0.012060568352115287,-0.005863324919733589,0.010546059743425302,-0.0035619396779655484,-0.024250789151718487,-0.005678516524235166,-0.02681231131487342,-0.042953229897488114,0.034415713764453605,0.007992294628066998,-0.02260032709245237,0.019539256691289558,-0.033181207130907386,-0.0023463969668886656,0.03391646063822886,-0.020437103343836124,0.002040518017638021,-0.0005196448448753059,-0.03203394708163729,-0.012967279585304987,-0.012328313174188048,-0.08929232066254342,-0.04554056796606635,-0.014429448909662424,-0.015276322912805685,-0.005411417094591838,-0.001326197130088322,0.009578846492448438,-0.03173174204072331,0.013870914890821673,0.0015622137799816069,-0.0007301294374399912,-0.0525266831985918,-0.03862853113946508,-0.004553752189831308,-0.006554591880695622,-0.06891560717705586,-0.003992588568693576,0.06883365136910054,-0.003194003772510062,underdamped,1.4401974136380071
0.9766181942023267,0.9480369355339047,0.7666284767866781,0.6165886470527273,0.5839177029234087,0.4503298142228922,0.3430924325493578,0.28156624272738695,0.22348448820365885,0.14602334812785756,0.09846518388735301,0.1000508438057181,0.008656140329572615,-0.0017276586356055508,0.026924367812440658,-0.02836837471521873,-0.007984623449941722,-0.0392514038069937,-0.005492055509001274,0.0010392866368320718,-0.04690805074485137,-0.060357919260840304,-0.011693153682615906,0.04529481092053756,0.003499461561749151,0.009488298189574002,0.01757592431846422,-0.006699874969481152,-0.060904185745718535,0.022785311838983593,0.025231611300910405,-0.020715993327356078,0.018667443194941735,-0.054521673798588535,-0.029993353815925133,-0.08890673933779387,-0.018149286841852214,-0.03569752376155854,0.022148359292637552,-0.017837751219559057,-0.017630067897256206,-0.053410956617630255,-0.0642582599709351,0.01647881266383338,-0.01075236553604276,-0.04686449619290958,0.05043365112910525,0.06133673018076013,-0.0010223063043409942,0.0028563281812302417,-0.03224369656055154,0.0033404324802445034,0.022142501264507314,-0.03912483655181833,-1.361997769133511e-05,0.03920919742623821,0.02138924292184756,0.05692912952514509,-0.015503988754767273,0.027162836604151034,-0.011545061592146988,0.030629618533031977,-0.022851181710441253,-0.014524604205324653,0.015095115649827089,0.032079181353518636,-0.05477218858387643,0.000710699843895029,-0.020816280187677456,-0.02563740905643743,-0.01748645475496438,-0.025612525388387153,-0.048183853308730804,0.023016462792701347,-0.03147034388908581,0.04064418133420434,0.004718298255181842,-0.012755776723851454,0.0190647640965439,0.03174325209682178,-0.02318103869934776,-0.0028882145142349264,-0.05776936836883196,-0.007662516182620086,-0.06651790911161555,-0.009709738601936115,-0.0027082561172083967,-0.004115528535449643,0.02368687647618073,-0.016638683883121164,-0.03433597412103393,-0.03573110726433125,-0.04201153204478963,0.034547505200399536,0.024765117549320644,0.011685182498311042,0.017254647971494817,-0.01894086331844793,0.0004968026387966688,0.025632660475089608,underdamped,5.319978382140507
0.9952200107133402,0.9442390752602295,0.8058583585761347,0.6449184954192777,0.39544240642382866,0.15871032735139096,-0.09911161818655741,-0.3695156192844673,-0.5057259166746305,-0.5696260628900087,-0.6740798371638185,-0.6339670131188787,-0.5145407858661181,-0.4133148689713736,-0.21682516711515476,-0.0985448957071489,0.1496030902936924,0.2843832365576248,0.2741806553545847,0.3593367151378364,0.3922501937529417,0.3878839081575712,0.2898993192399844,0.2543538692448749,0.09356906863557288,-0.005202431999599341,-0.11856579455592052,-0.11266986843891677,-0.19541116756352614,-0.22659347012451547,-0.2380032733192612,-0.24614787092356696,-0.2213484724109407,-0.15549554607499622,-0.06644806562268307,-0.014171261241177624,0.0589857095714766,0.09536786158018745,0.12500709318359152,0.17672132254113473,0.18070317382712417,0.18876099316488384,0.07944540071447653,0.09556876967057504,0.0547868243633393,0.006440272330414202,-0.049448769986170996,-0.034001724990267636,-0.09528897314284625,-0.15744588076879457,-0.08871294228863466,-0.06920609692613165,-0.09613227862609584,-0.03856459063587796,-0.004778209618452645,0.024142938707643752,-0.01608236830871327,0.01994576778539193,0.09394181307527252,0.0922713860780777,0.07025845745809207,0.05504079602965563,0.03252221795791187,0.053947981668291935,0.008991452371753061,-0.02291358632858874,-0.010900726513709515,-0.0719193586978269,-0.011614740789059427,-0.0029573329924494074,-0.07964602303569343,-0.03139018266278078,-0.06416954462777408,0.034550184070519754,-0.029679493176404528,-0.03462483383982661,0.004777765362962499,-0.03981652930048066,-0.03017239203222047,0.034143124248642395,-0.010979173252893541,0.02306140768940438,0.10559194634970952,0.005562756076547326,0.035706220722743556,0.007518164790642731,-0.021685836976231464,-0.010759059253256651,-0.029296590442154387,-0.036936476903937365,0.043449109251564644,-0.04210706645750334,-0.002769594165343404,-0.05781242731287483,-0.008995968512071344,-0.009936073381416286,-0.026808708972962288,-0.016228548978147513,-0.017181387127725718,-0.038093012565409944,underdamped,0.8944413067535975
1.0175012255319582,0.981818221626412,0.823862439291744,0.7420487564911682,0.588120694100347,0.46542771318346465,0.3441685567651034,0.22397476685591447,0.16604505323302474,0.07143309620316488,0.09276604363416191,0.08881407112006034,0.025921220136100955,0.04324904613300694,0.0032379496593206666,-0.002475808968283821,-0.022370483575660093,0.003793956808943358,-0.04827858197509438,-0.01049310743375486,-0.034981151678046704,-0.01367373063795485,0.01078730841139397,0.005372973712852352,0.10294753330471705,0.040453093959736494,0.013482999664238913,0.03159036489956567,0.027340290630130062,0.03913476377646204,0.006398694090127717,0.015539041940269626,-0.0481463717699517,-0.021597554252875115,0.0076061506674071555,0.012467972665492962,0.05461742120656288,-0.01375191928203001,0.041102665336450045,-0.006967009304352516,-0.0014441675300906392,-0.007178521024025588,0.020842665462258304,0.026766233652319248,-0.03283491979388451,-0.02762111446308172,-0.04752572436746152,-0.0497479834108404,0.008339257435668301,-0.028819466456381622,0.03621783569760209,-0.012176084607207281,0.023607975361033866,-0.0033880629900300127,-0.019029261139088028,0.05007377370476918,-0.037711335987401604,-0.008130982291005086,0.02000521684429139,-0.020594250528631234,-0.06274581653085355,-0.009817094457020108,-0.025583321438400364,-0.024366841434630117,-0.053680256134204914,0.012335147675237582,-0.02504985373226972,0.013401767488244735,-0.02765934910634844,0.000971321824466082,-0.011445284265331993,-0.0160082527277737,0.006649985124499955,0.015128043500227,-0.010165300452940328,-0.04051806755070821,0.013503677915215532,-0.03107136398020956,0.04011068165872094,0.039426908041968405,0.010605787122464806,0.037669687539574434,-0.01563900693687616,0.05010069900335882,0.02641653451354709,-0.008319474591797861,0.0024390790260077127,-0.04584125931563106,-0.03606075169237061,0.0028123692685874018,-0.026829735796770334,0.025015098200985117,-0.014262294094327043,-0.04179743230562291,-0.03858639715564012,-0.02062131611374739,0.0007414965629540125,-0.033662195494575824,-0.019755566416039774,0.004613711580583751,underdamped,5.232929976048458
0.986104316914864,0.9384885063968628,0.8071125257475182,0.6724300581857475,0.5361852477693111,0.3868377462591023,0.17397017748104598,0.06990188807028704,-0.025545161879721157,-0.11495003193683578,-0.14671273408956773,-0.18107005338021842,-0.13660786659230956,-0.1444118793666087,-0.15960908647367383,-0.056927366764263056,-0.06880210488387092,-0.10546874552157995,-0.08899460545268564,-0.004973688000825796,-0.0001658094203102426,0.005543832065570645,-0.020196659442659092,-0.01243624225409205,0.02815929680250006,0.027992196046729086,0.021263129692170226,-0.0344408270608977,0.05813978338669108,-0.05143396183383062,-0.014773560315604967,0.05573098017090342,0.0030789753397251272,-0.04096561221839885,-0.04127391330932902,-0.020384441770576276,0.014224556441664564,0.027337831723417878,-0.030201004175630635,-0.007214901432578543,0.054672853376366536,-0.042835718772336155,-0.03334994148892458,-0.02824325012182094,-0.022145691020374603,0.08101597295921836,0.0305223458167303,-0.005023481939134059,0.015327940478373204,-0.026282318258369537,-0.03518281039078044,-0.04687988654482892,0.025414209749785362,0.0035459474096360545,0.046236994291227546,0.0859725361983669,-0.008445444097905597,-0.046931720580118436,-0.038469820299965346,0.039808857525975315,0.03151122803089925,0.04558322427707116,-0.06548420336682897,-0.030930508384161337,0.01302304009892054,-0.06044523871964906,0.008848224485463286,0.00077103465403127,0.039056462549799414,0.018858736755511227,-0.028537354363576344,0.007933400824892741,-0.019312316057228447,0.026790979843365505,0.02317940754828198,0.004606964686642795,0.03497760770939704,0.015099099932515066,0.002996060955185514,0.012411533277806594,-0.03853197299717718,0.003658149613741262,-0.002331242182374384,0.03110752234277201,-0.022383285100318694,-0.09459945131406385,0.05845823569833587,0.004749787234247128,0.004963973415112375,0.010780737066191039,-0.014794437649983689,-0.020066609949186756,-0.010154004731753822,0.07001466269515828,-0.009588376639284421,-0.03917017906111421,0.010573766720528026,-0.008359203437228522,0.010847617271956678,0.01255363530409566,underdamped,3.134193066985993
0.991326418243329,0.9494132277467019,0.8627617025484112,0.7622819652275532,0.6537533987417979,0.489524724732951,0.339241621029649,0.32625963287212145,0.20577514172590433,0.1937907274547292,0.15203737839166592,0.11965100385805785,0.03592028297272379,0.01306627763218968,0.04251226787214267,-0.021290333273790558,0.006978328099023668,-0.023660590077863124,0.03190515638084436,-0.06073129795723944,-0.0032374737056400224,-0.00559242811483138,-0.036466085307524196,-0.000731327898677669,-0.012380214676677275,-0.0373125038284539,0.020705672524007658,0.03931499578234241,0.03806387156667071,-0.01777560532777574,-0.037977095124422995,-0.05211990935790171,0.03596411580711776,-0.01803016029195129,-0.02817896941278146,0.06890213998875365,-0.022172854877611028,0.047179675256116174,0.009959128529573367,0.0056193561484566106,-0.07910419384661688,0.011424729222522944,0.003990719870140371,-0.004081034697543219,0.02121313727741164,0.043455132308431434,-0.041752860956481674,-0.03012906236143424,-0.0015869425708438343,-0.05803758479744123,-0.014731270407107654,-0.02152186860805877,-0.02597278712013652,-0.03644533350979454,0.02902796946554518,0.029398129942917135,-0.017669537082697837,-0.0699042730722927,0.014493589952146464,-0.0010927092706272982,-0.013093708081420631,-0.042618636192022254,0.04834693417545087,0.02653693735366443,-0.035091232126168076,0.030486902423697608,-0.008255361885328116,-0.009563160432145463,0.03744806498292021,0.02785434058516345,-0.002379416237771396,-0.0022683854382495937,0.0470879806287851,0.027920336075035697,-0.011675788798282445,0.006187211358217045,0.0026305746222424304,-0.018871734141146727,0.020602752229139865,0.016035754997882273,0.03899605197699124,0.04776773715469957,-0.00011653138225595086,0.04027096825629469,0.022081233214505242,0.002272485152361841,-0.02794686780683511,0.045758277522035026,-0.007600769937021122,-0.018294364149821815,-0.03859666844998166,-0.032510374489009224,0.0924970961969863,-0.03394477734943111,0.014831710723030092,0.005437799552683693,0.022065911473970266,0.02950849520250003,-0.044106066224390256,0.013782688707378761,underdamped,5.685667536330205
0.9724831082003355,0.9777125359455523,0.8296922368473656,0.6549224847324148,0.4489831762390406,0.35291658808087234,0.1389342630145401,-0.03016030373831665,-0.1354949243759997,-0.25055995462903796,-0.2131738390123732,-0.29343060448140157,-0.3186897978094053,-0.22024099852134665,-0.16946592481746786,-0.1350374870479782,-0.039640248616842996,0.03950490729686679,0.021726635898089312,0.01693968569228231,0.05442912399159372,0.014321072552353598,0.12114821718202039,0.11429373182201633,0.10173487832010461,0.05871588428269113,0.044058124497140305,-0.0043411605985975415,0.008963170364206975,0.0026841234226194985,-0.023684350616781723,-0.01665196503653645,-0.02322818931436578,-0.015060132172658457,-0.012172329682057795,0.03681974415060099,-0.01159681278485502,-0.043690577150117565,0.018649777847282372,0.03722948706599152,0.029490349520022132,0.06551271925172275,-0.03224360391381262,-0.01288985372306534,-0.047366497923884046,-0.056172747189193434,0.0005920858541165093,-0.0036877692435260865,0.0070436008591472496,0.02817994723668926,-0.0030581324658776193,-0.01687811390104503,-0.05539306059589179,0.036383655449370125,-0.02645105557462304,0.01037774951466953,-0.029113061229248297,-0.002940273422517023,-0.01441092685868948,-0.037079452656327005,-0.0047662509228707985,-0.0219757773680223,0.022013457595885393,-0.061682855713834424,0.014648674888787978,0.012204600773244695,0.004680346149232804,-0.010329003563821245,0.031868829745164966,0.022503001308637575,-0.039072976732571846,-0.0058364729391363656,0.03427547379441564,0.0025668064344375515,-0.015452191751224075,-0.013511834832460755,-0.011117845001147555,0.03281427656562599,0.017976991542513126,0.00025760411532863275,0.011511578420576277,-0.005027823459871873,0.011364155401414989,-0.05720668113411516,-0.009772869222673338,-0.021591311420917355,0.03902975509821386,-0.0056706692075002944,0.028997637157569367,0.03090054266980194,-0.013941479183312733,-0.0027989864608064306,0.00043310244287003935,0.0231588983016124,-0.02250059298793286,0.041608178589023104,0.04203468574138371,0.03525608400352085,-0.032868733756213526,0.018841611659150055,underdamped,2.3549284046559795
0.9916086361269945,0.8578518350765237,0.8627895909474654,0.6111521331413831,0.45904434680205763,0.14262099650229176,-0.028995224729552786,-0.23552570000601575,-0.32692658690606585,-0.4689207888963018,-0.4809571269402191,-0.45409887667993243,-0.3722529004562829,-0.31743268272715974,-0.22723604715417015,-0.0839552050892016,0.07332916887587862,0.13690460228623738,0.13126680865830176,0.16772634581384957,0.21365729804760683,0.24922616925111132,0.19346830359100406,0.12622094782169624,0.11132902954491321,0.05345746532829225,0.04681896552356897,-0.04243369574668874,-0.11670442769399575,-0.12503080788705992,-0.12113906335096582,-0.09895078130618061,-0.10759595418387438,-0.05259467434175873,-0.04656270858046944,-0.02081022582861781,0.043151335509693745,0.017096168148941215,0.07142594283320475,0.04344350849734932,0.04211612534057696,0.05337179262288038,0.03389978819524266,0.046741349550645676,0.0035515084808734713,0.007170348580980652,0.0048523109034893696,0.0038983525517676254,-0.046411948552226856,-0.007912436554476513,-0.047995953613861005,-0.06647701441885691,-0.0502486025992173,-0.04457917626229759,0.012287537119979574,-0.028496176540559238,-0.04859920132805203,-0.0008449225607778626,0.0256839416259551,-0.014689811710915084,0.05239443988953645,0.08671507085850481,0.007597579074337668,0.09246909126208648,-0.030048956922682602,-0.01456870039651505,-0.021566315893839328,0.02876739473596213,-0.08073970947509997,-0.009508420331927274,0.023860335716485603,-0.005471811780192437,-0.043533140717152294,0.003794903792724405,0.04922956361848821,0.02989439440520506,0.009280944415687171,0.0603461595113358,-0.007127605976560654,-0.02841860559157264,0.0037571935788209207,0.00012016335695469275,-0.04360009673548742,0.00965891426511839,-0.022302934995514934,0.014374880193377685,0.04341391811081594,-0.02826455997055837,0.013828581231738255,-0.019195241210723277,-0.029224222850714694,0.013245605217039595,0.01592753490128366,-0.008090946035907076,-0.02636299321698273,-0.04942745116379702,-0.01385723436669298,0.038973302554385955,0.017732800908452594,0.03744270566973222,underdamped,1.4762828685341223
0.9906605746455371,0.9349734245171349,0.8892505666008832,0.7056339301965082,0.48787687950578795,0.4125025473223928,0.2570159501185529,0.12584735004852435,0.06981279195994276,0.009767292088696197,-0.06913267550131807,-0.021252763258475207,-0.10866917253841876,-0.08589998709133416,-0.09393999699181274,-0.05731721075682234,-0.06249341466031376,-0.022598588554298957,-0.06681395055932915,-0.05622533228086463,0.022973008365656713,0.06092899314967759,0.004380518712096217,-0.0014652540466836453,-0.026140646080349578,0.021231649661220056,0.03258371539821785,0.02578335398443549,-0.02640500095246457,0.016427151141493672,0.019110043232236713,0.038422549297663686,0.005244490481054662,0.023156048459219033,-0.007345584846931963,0.036749425131100806,0.0020251389320469697,0.006041168429485132,0.01685618713499387,-0.006924932716798795,-0.0206456279296953,0.006001635637561641,0.028984313545267894,-0.034381154430679295,-0.049067176063722115,0.023261908510475833,0.009714290042427612,-0.014957864803160244,0.07155772050274041,-0.011162176958193592,-0.01580902282252156,-0.018488953573778756,0.023124482501886045,-0.004448119692708972,0.013030530041892877,0.018936120596142525,0.06465783942076227,-0.06817867701814877,0.001865367286661628,0.029163305501699436,-0.03832498715926998,0.035442297885166674,0.057235022920844675,-0.060666360131958016,-0.011453648819373554,-0.011576457786632917,-0.029581434840597744,-0.005681356754642246,0.0254587670291632,-0.008468415440352744,0.017381486978864272,0.07057669320269341,0.010902462190411216,-0.02731031588482565,-0.0019061323102369748,0.0027938880656365643,0.025078510949438963,0.01106725615556538,0.00199168658945322,-0.05318227297111336,0.005876154601868093,0.010626122456451148,-0.0016708482441903968,-0.005984315548199195,-0.02293358544743016,0.0034364760383445293,0.0042307248188446596,-0.035449483765862544,-0.022936749180128592,0.024499954806857745,0.01975701095151596,0.02859811352646279,0.0008545776744695396,0.010536608421846623,-0.04630707173802964,0.00032022144877932613,-0.01173939334463377,0.0168632889719157,-0.04318923323341395,-0.01800815425311483,underdamped,4.058960101027424
1.0213669183693757,0.9477057253164638,0.8423152066113749,0.5810548330346141,0.35935886106367276,0.10101268935243338,-0.20265028713870697,-0.4019935019471197,-0.529600493276354,-0.6527218672544445,-0.66861440477521,-0.6704471935527326,-0.5109725624938535,-0.3852435298700979,-0.21019039753914273,-0.07738149788186124,0.10522589683194891,0.2471218080598502,0.3735501241243522,0.488420302789073,0.462100161791961,0.3844128998608794,0.3891110345197146,0.22110552411986453,0.11774185940195889,0.039685801746660546,-0.09813086094339231,-0.1413529052112244,-0.23657507753853643,-0.30165300655376537,-0.3239255670321992,-0.2609641061372709,-0.22127302303366075,-0.1303142481956304,-0.033715897087258695,-0.01555378670054107,0.047514435973127156,0.0919874539448767,0.19873317667290114,0.21867772229855786,0.1727430096357147,0.1767008648643031,0.19945875563701226,0.07496782217842154,0.03552355128442121,-0.01182799406795023,-0.06640300720796993,-0.07966868926953653,-0.14106867030381373,-0.12870320399090068,-0.15725497092540408,-0.07408413807814349,-0.05976853452366316,-0.037090299893060494,-0.08241626562803972,0.05246744634122062,0.029434679660313844,0.03900013998620408,0.06496046362445113,0.07996438152117831,0.11943427540154333,0.06529769998275547,0.08464528900883284,0.08058719445972706,0.048287692807565674,-0.02725974784059619,-0.03900420896011982,-0.03905764644769981,-0.07338254427861708,-0.08291655369883683,-0.06739560439917293,-0.015755585756572578,-0.00852195226228656,-0.01883151951191816,-0.036111411135236596,0.010670298382661137,0.005715197639334693,0.004555708607514721,0.05049365846503775,0.019583755063973363,-0.023114741189774253,0.0151582588696215,-0.03260112188796541,0.06101607471055456,0.09696983300231447,0.01758569585470874,0.04654857118970805,-0.037060210056539304,0.002829250994718289,0.013492724783184445,-0.010206175100503999,-0.03449068498438131,-0.028540552119764598,-0.03818157395294332,0.04950401000084227,0.040126886991563644,0.06932339456016112,0.01221215027211929,0.023255897476723977,-0.0002621606022411571,underdamped,0.7911987157410271
1.062343802521765,0.9239433232424155,0.8770644312919532,0.6659772311670571,0.44428082540162284,0.32691156740464944,0.1867423815464149,0.04477212641000432,-0.010969297128471577,-0.12622963560525063,-0.06747783463675569,-0.060593437532403635,-0.14167466366768017,-0.1199041361586734,-0.13097013238153823,-0.08759694876341614,-0.05888448128398402,-0.07549362124114761,-0.01090152517559033,-0.027656030676751747,-0.010281040596739545,0.030336482289090035,-0.0063543627665408504,-0.024818689772559462,-0.016590460585163058,0.012093371611984548,0.017138046095311655,0.0036353451235546213,0.006908390238980777,-0.028538235572047845,0.02414458214690855,-0.014579684242521134,0.06629818016060691,0.02274672855347199,-0.03494132632731822,0.0150655032040427,-0.00042422239765630906,-0.007920533527027896,-0.06443886789298646,-0.025283107313081588,-0.020518977436929993,-0.029336185226506998,-0.003391679573133526,0.0007675206817518675,-0.005292028863414075,-0.05648167875672441,-0.01262630493978833,-0.025431531999837602,0.01827659358223481,-0.0032592461861095136,0.0008366852664505842,0.025770189136356612,-0.015581361124883663,-0.010026558134001393,-0.003353593048669592,0.04139161890917958,0.045436972498090436,-0.0029027330362163704,0.0015224851162380525,0.03478508965433729,0.026992561398544727,-0.00829784013818082,0.0483713361020272,-0.028567847991391778,0.001095688356205697,0.03430325980093647,-0.04534053403245437,-0.0022423997404585616,0.01412208153335219,0.012417484430462047,-0.0012027123438305301,-0.029978231116875316,0.0022801986610215745,-0.009017526363268228,0.025203827550618233,0.009248809328789907,-0.0567131678360062,0.020484472542263994,0.01679169460420058,0.019105147667959028,-0.044182856415603294,0.07574631076504923,-0.020238441061309856,-0.02328442941661795,-0.016279915473905594,-0.00764052211771711,-0.0041262044359182785,-0.036433976978398175,-0.006091876325802974,0.04486621692559066,-0.014706841200165043,-0.06363942746074892,-0.02106290334245878,0.029641941757095735,0.01051387691905065,0.05223312103170724,0.02235820785442138,-0.0194820497890397,-0.012462543224763426,0.01702700828554151,underdamped,3.3245927109368263
1.0706397934156882,1.0029079499121956,0.7868884126673046,0.6585068575781915,0.49850037955836085,0.29326554353275813,0.1401708038559566,-0.016712192872498012,-0.07156285397237838,-0.1735066548858316,-0.27887108023104273,-0.19554989616315852,-0.14687438730760494,-0.1540613979143092,-0.14353382669543854,-0.14239239777902987,-0.06951345849484136,-0.03797532607286648,-0.08835030754505471,0.060661562600297564,0.05495704857195813,0.05578192872222756,0.030803011001724875,0.002726993514027623,0.03694676568563452,0.04219107947878169,0.02736042907717688,-0.01016375122424788,0.05596974565879837,-0.009301405837791337,0.0033504031045418327,0.019975161957221297,-0.030217197915085457,0.02023161948580376,-0.0018027435313985518,-0.022399488461391594,-0.006979015162139542,-0.015322417843936263,-0.005908400728079416,-0.009059274704236338,0.05939087421433866,-0.0004890765992713983,-0.021661350931680638,0.026295913283788042,0.014375549608974173,0.014441027421119189,0.0036294220310710227,-0.003600059096184746,-0.04761469936484197,0.012762323226175319,-0.0030730723342960627,0.003777085794284349,0.0096414799967522,-0.036477952722645014,0.031005107174961972,0.011513562496087069,0.05255092697410662,0.022907482810637907,-0.001700819926179562,0.028856509930743145,0.02419610150123438,-0.0046819694191893415,-0.08481183487769756,0.04650862905761164,-0.022744206379515422,0.005240607347388925,-0.012048648791811781,-0.06220756976496817,0.052171302835455194,0.03202449913976308,-0.000374765597907888,0.031344388798451514,0.012133552032458118,0.01135013738305319,-0.017354481755396486,-0.0014872138314656156,0.015830340494312544,0.016583429841129285,-0.033666496339485326,0.01701611443391842,-0.05071329924276788,0.03976599896181348,0.019176750403006582,-0.022310787616823136,0.02196630243703402,-0.03274698179746644,0.030751966139140358,-0.006942200591017507,-0.036793039098319075,-0.01893684114299937,-0.009770502187535317,0.030559492847187397,-0.00722891893820239,0.008994610729809376,-0.0059255732532337195,-0.01662664479191788,0.00010925244102406887,-0.0326588118092045,-0.019901359915316833,0.013565582250342816,underdamped,2.8564841637288967
1.0093007006377233,0.9328846449432305,0.787812591066905,0.587321556932188,0.34486132115416945,0.05277366231132433,-0.16106301807704856,-0.38432083676384987,-0.5657876366377003,-0.6786324028209171,-0.7137118604892708,-0.6329990932830527,-0.5446223414432468,-0.42489599018193885,-0.27227561782121906,-0.03829369049554856,0.07013768204445134,0.27956637360552333,0.3607928908098297,0.40778032006491155,0.5075825330132406,0.4503282119666002,0.3068383198299065,0.22060907799602875,0.2010033085268757,-0.02525215489548254,-0.08557517329031732,-0.19215723695118786,-0.2675518976108528,-0.28111917926505986,-0.3537576178134941,-0.2939521314433655,-0.23305607344214713,-0.18097307328685452,-0.06812759847689195,-0.016172178758606697,0.1205278999073817,0.1708116486450354,0.19660221213388623,0.19280625662716033,0.25879421039105105,0.1689105673113321,0.1293320500857308,0.05569933883476391,0.0716911201426377,0.006348968170188539,-0.06573485861156787,-0.12254058695862347,-0.1428288669972454,-0.09654755895277803,-0.14622006036993196,-0.11491499792043436,-0.14615950122842228,-0.05458422394741061,-0.021316361949633926,-0.006651597902267577,0.05834468004389974,0.07292530977119382,0.07835368610824067,0.16556859217731573,0.09359765437512588,0.1096061251986699,0.09432271852781177,0.04366341206536423,0.039923056106106074,0.022999337159794235,-0.008794493941248111,-0.026736038409405895,-0.06092626766721095,-0.019195267228329357,-0.05438281664147255,-0.06492988666007227,-0.05710440538047054,-0.06508286338555802,0.011977626406184466,0.0347176486174641,-0.01783902871997364,-0.013082861423430348,0.04979632563889991,0.04641760872831782,0.021614548943590627,0.0032423541166672343,-0.007539792568505954,-0.001505085605384572,0.041877909804696585,-0.010695455210786301,-0.04981904868600601,-0.029053355769499117,-0.04365531247241912,-0.027819113665305255,-0.006326760343051387,-0.014215290889743618,-0.03563652405176805,0.03138122282347241,0.03838692360035517,0.04097877954736091,-0.014324780139162881,0.06880088590669597,0.03215085180707483,-0.011239843498401084,underdamped,0.770427148430469
1.0058961834178528,0.9785510395790713,0.8682475829187297,0.6961470013013893,0.5383990452143758,0.2998424510646968,0.18380745141232133,0.04723951300889766,-0.06316823105483306,-0.09499427599612084,-0.15043350136363148,-0.19679332985210962,-0.18753830607628946,-0.19218476001191576,-0.16587485341046243,-0.10961544521177084,-0.07730591193806644,-0.07261393823976005,0.015040975850053283,0.006289102199660246,-0.01602095141842135,0.002794695391157332,0.03437200515039566,0.0801237710422624,-0.008125936834983465,0.03847078505997202,0.02951173752722487,-0.0364044996626474,0.060371684744067206,-0.02919467098986001,-0.05798577605953895,-0.015787669359558953,0.018254783613268964,0.08300196834731201,-0.032338958513188513,0.014407024792867722,0.028788138074151842,0.0020499382415925804,-0.03936848177309463,0.011061065561681746,0.010423812177330218,-0.04444481496271145,-0.023870191727365098,-0.01809567262796426,0.02056930141907669,0.012233605658290906,0.009350972673562854,0.008409278408588147,-0.01659205556960379,0.055175119027640884,-0.004714211614115218,-0.014087141129617928,0.0052777361327474,0.005551669578057284,0.01891110743324007,0.0020237137815803706,0.05093307435013541,-0.0013521771152348798,-0.026082618695064397,0.03428039281952459,0.0032080975623062554,-0.02685198773693183,0.02428965550540312,0.03597217178619927,-0.02658840551866417,0.013053885987670811,0.05902653641762182,-0.020890991430666868,-0.022653085118866677,0.014219610442639296,-0.0127930492427333,0.01844633869233373,-0.09100307774056803,-0.05260098375291118,-0.02784745008859773,0.02604159664056976,-0.019249419175569438,-0.09555897326231821,-0.030602077315103615,-0.025178589611900302,-0.026346445509647883,0.019794641489402576,0.010703090601177558,0.0013221564476796953,-0.056919525070685484,0.0028422628567652073,-0.006813192674350997,0.017509275132998207,-0.01778200408862541,0.03972470757207802,0.020051475837657245,0.010507169188479356,0.039539626495064636,0.04407156651377165,0.008433886183881587,0.0007332444794655975,0.021127145645781466,0.039232840924239905,0.008420183959270276,-0.013598557444086262,underdamped,3.003750090812606
1.0106569145081585,0.9160524187408511,0.8139647602045849,0.6779016181338985,0.43804628291490877,0.33955586764362466,0.04742692581295907,-0.0965505768099081,-0.20476225756735808,-0.25911473191614914,-0.2942447896133558,-0.3453802120331377,-0.2847974709952816,-0.2021201495346168,-0.14806406799894228,-0.08858230662298931,-0.019051956066940122,-0.009808457682731598,0.032080755901827095,-0.0009390288418894693,0.10690592949435815,0.09743649325405147,0.02715980797612768,0.07041942947394164,0.048523628610940894,0.0919505228211458,-0.035636740377817756,0.010602247886775901,-0.05296403056778953,-0.054145275758916755,-0.07336820677398426,-0.009486196647204554,0.0070702192652095965,-0.04684200058646315,-0.005695229500784814,0.01698091908005724,0.003040738457325538,-0.007673736476640694,0.00948490467757452,0.0015302050388198963,0.04616925402808503,0.021656404525303544,0.0073890226912706495,-0.0252617032202647,-0.006565120698026174,-0.039083027097581574,0.00654852082664038,0.030633766150882993,-0.0035274731247228242,-0.03857594399238386,-0.010590187096115153,0.00987925861968577,0.01242281437891404,0.001468678585853277,-0.04463629774816724,0.059231570245794465,0.05190315638074084,-0.037904224978941345,0.030663484929497366,-0.008656033351801436,-0.019442984153870652,-0.01194071670503357,0.048387263388197446,-0.010062774167982697,0.0017887548865648457,-0.023280460143608038,0.0020986403491885445,-0.004370524418463602,0.024720694735135725,0.0044567484801618104,-0.028286389262108438,0.016660125632486953,-0.035080468605205625,0.03635664853513313,-0.021379225893867936,-0.018709110506767428,0.014244319575878931,-0.07092183060551284,-0.04824542290697925,-0.004872945352204843,-0.06378491418400371,0.0184827016410628,-0.014240663323644697,-0.033077794778026005,0.006113807024505377,0.010044081576897231,0.02365887193421491,-0.02752963631349274,0.005344154254248808,0.009403445228655506,-0.05231505569540743,0.003476432551198436,-0.03175770797110855,-0.0025851687873383136,0.01808648231418743,0.005126741760646109,0.05566069658476413,-0.055626002552912224,-0.019533044799380048,-0.024271180331783337,underdamped,2.3036980975559813
0.9539702256306722,0.9496026804492194,0.860225817978871,0.6459850819122571,0.3988781842785234,0.2086281084494887,-0.08224139437680013,-0.21245828250062485,-0.3275069266678118,-0.4953090602586206,-0.5070645683350893,-0.47461774374685134,-0.3646358012597753,-0.3511106147807497,-0.17798483575227714,-0.12569844656041074,0.02171849950260124,0.06430293492306124,0.19321919333957993,0.24192738952820567,0.20876005270120682,0.2035736762000191,0.22011092793261866,0.1704250356831354,0.12063313835445472,-0.0141764554134092,-0.05107148302354647,-0.07614599411775469,-0.058652940321873945,-0.06698159747420326,-0.0923009644418454,-0.06171254039642088,-0.06955692105525044,-0.07757060217359431,-0.05125040617581991,-0.05097067532738986,0.01959961714458657,-0.00033153781869401863,0.03130609021570645,0.061633615796981484,0.016198589328366077,0.09289272839315772,0.03997955282564444,0.011641574906464985,0.05884229743466589,0.031222953762044287,0.0178337173291747,-0.015580496023302658,0.01825052180301265,-0.02443434103424396,-0.06495187744388814,-0.02148538943766746,-0.06991344423551923,0.04073465588086225,-0.022311764894355386,0.011172436740359244,0.026915813329219922,0.04236243755071893,0.04590157010308886,-0.008116233228733349,0.0010664160978141688,0.010683555866538096,-0.0029802337725086496,0.021586821577846353,0.001815274341446997,-0.03118510559931178,-0.02654863700670575,0.00799720136343931,-0.011231073753630628,-0.06170554826650558,0.006240032835026863,-0.01402359923943817,-0.04162464760792758,-0.0028836648920443336,0.02140352597415324,-0.017196023465822115,-0.04020868731722189,0.030495517267845683,0.021869629796855927,0.013355104299654062,-0.03969418736109691,-0.0349577833358703,-0.03685072028799914,0.0063148554297182725,-0.010551414769287434,-0.028388536867073755,0.036998487091695786,-0.03099518988784269,0.007059358543803124,0.019257146357991337,-0.020671208998921744,0.02578879712685107,-0.05427607753741395,-0.050887505391416746,-0.01770320062071533,-0.012018113945869104,-0.013774635023244414,-0.011111499447546002,0.015581531211809871,-0.024240600401759804,underdamped,1.4255397993648367
0.9815749618193007,0.9899657772602733,0.8620682796572479,0.7094817135726366,0.6571903693074617,0.4773984941620576,0.3293856155644083,0.2573766425127206,0.18230039184153216,0.040867854157501535,0.09037027931434652,0.029835237170784772,0.04307454217272275,-0.011801687712163856,-0.046387719383680096,-0.0625243990373374,-0.0033462903504530746,0.0206626636871084,-0.051430613788428586,0.036002665250655014,0.017648287293746834,0.013383371612964597,5.846040761169503e-05,-0.009796737718893802,0.0155384854348082,-0.04622621923013305,-0.008110326552670605,-0.03774990276154917,0.02316945344378502,-0.023651016617607924,0.00982431233703673,0.03101529244721477,-0.03267320521730088,0.012679804595440602,-0.0324963908036883,0.022362172493656914,0.018526059658667684,-0.02538137615911841,-0.06207179508140814,0.0568112350674836,-0.005507835985612775,0.009527809087274257,-0.06417328272142152,-0.024349179023521662,0.009246504174790504,0.03632774859583956,-0.05632981175552459,-0.005001722176941705,0.03623417330906803,-0.010379238521736039,-0.028382672423390334,0.006370212729161723,-0.06293032163766446,-0.022577792998728724,0.049353072040103425,0.0005564765956291534,0.0375906305642195,-0.010484475843757864,0.010178461509487863,-0.011637901187978705,0.0020220912649826315,0.015001859554833784,0.015434726647269803,-0.04517481246190904,0.020958171140868502,-0.004106370085351465,0.02069954608559244,0.015289033922672291,-0.005864083341292088,0.006516732577282545,0.06164533807616264,0.02224564231223961,0.04891224612382462,-0.013609344923677066,-0.03882599452152957,-0.012157133013069714,0.006424186794141129,-0.03633621133512672,-0.013502579235005129,0.015631361757698636,-0.010992537161017474,-0.028462276526790252,-0.006906476377478816,-0.009511706826941477,-0.0054442600255478575,-0.013656362638082896,0.06297380956643527,0.0318947877350725,0.041642734428779,0.04770055477088002,0.128044383423688,-0.004123421091785232,0.09378117767935518,0.004675415305005744,0.02197309541528389,0.04013296074029642,0.0725158234341295,-0.059156670107487395,-0.03933054086873281,0.045778234138915894,underdamped,5.018431073874995
0.9487452994431615,0.9280643787294491,0.8106528682804011,0.6072469501716367,0.39784068176780163,0.1231422561448823,-0.1398261022662207,-0.3110311252169079,-0.4940241522698419,-0.5154792066839653,-0.6153417086499323,-0.5662554552801594,-0.4626710458049111,-0.3772327707702242,-0.18484364361744682,-0.09642649082956381,0.05559220948715702,0.21423286784184165,0.2605107349646973,0.29840926223283143,0.36722057863824903,0.3159838611258713,0.25803180397174746,0.2045886059960653,0.11531078391163802,0.05529518041248254,-0.05994396957039709,-0.1576224634757666,-0.1964925263981254,-0.17449300716413071,-0.16928848503661495,-0.19863202559190338,-0.13416708533727592,-0.11954024500815502,-0.0729384048538792,-0.025733412157260573,0.04707910881169307,0.00871103494280371,0.11877155381006604,0.053386960718914855,0.07120696033351603,0.11879413885630503,0.11108932204620023,0.041792404441600706,0.07665401733315044,0.040435732787347536,-0.010484947801828449,-0.04088501819109576,-0.04798003967258256,-0.087692504671353,-0.061067309317015823,-0.10716658275677324,-0.018940812272771623,-0.058323273449709695,-0.012944625374177279,-0.010507162722291895,-0.023810184760231896,0.03530738616267812,0.03542156817493244,0.02991900885136835,0.07922966009057632,0.0773433549118272,0.0603169881191239,0.034012503370305425,-0.01703790684368288,-0.0028181822166755566,-0.027744931663899644,-0.012202290298996554,-0.05728959504579621,0.04767742576160565,-0.026086961919565697,-0.07447475668939946,-0.026871616616119864,-0.002913017247465616,-0.01588804622531797,0.01819870136641851,0.055194226755188425,0.02578555269660155,-0.03857008703522384,0.011403945923065154,0.019577462343506564,-0.04057493443965285,0.10514525230382549,0.01006311083340345,0.028324880375363615,-0.032464562701272695,-0.0022081858904310263,0.021360478151745292,0.016641519427528485,-0.04674955687905607,0.03557987813202335,-0.002752372818133913,0.004184129857491271,0.0006783108753832656,0.005422170469050075,0.004237754826742134,0.0016547822604373549,-0.029747011848266426,0.022922847227077915,0.02441677607786002,underdamped,1.1022747729757354
0.9910296782035022,0.945779600002957,0.8267943473264185,0.7322926485554232,0.6180130687680909,0.4284234287428369,0.29648588343369625,0.23717958683239676,0.10630136803953437,0.06440339006505283,-0.00383919954651599,-0.0028288568705582707,-0.028528482566189332,-0.006049632961622746,-0.03562213842177072,-0.07816258508247542,-0.06306168065240268,-0.05184334122504537,-0.036942582967392015,-0.025944941072545847,0.002536332994292543,0.03675426122645912,-0.023850723668701848,0.016560120235131412,-0.012780580773048316,0.05129379722722463,-0.05614901632561027,-0.008838669751345417,0.03617585393968108,0.07815419271742272,0.03412921969685739,-0.04599955604935051,0.030482772773147447,0.04388438064351518,0.02605716536093129,0.015316164832180675,-0.04362324085841998,-0.003397531501132124,0.02593498871991607,-0.00040380279372669465,-0.005573903552681587,0.020277411041535198,-0.009295907239070467,0.009939063474748957,-0.07263743718393186,0.032770318776923504,-0.008753168607381553,-0.006052843832195759,-0.023545413480349324,0.013943742891645742,-0.026014686850754358,-0.013888758594963909,-0.010175004593197517,-0.03481470962417256,-0.04154910827210528,0.031554012135678745,-0.03684352230461841,-0.010856674725974656,0.05935583520781067,-0.015503958893648452,0.023866127328749896,0.0031162348583348284,0.06695837213169607,0.027241519075845898,0.04986341483922738,0.03308386215603382,0.0017472410173060534,-0.023206365994601873,-0.012045693621876599,0.020112370065398042,-0.03475142425299849,0.044464438208726115,0.03219810278245682,0.03508598597205258,0.02339271729031202,-0.00863325493718015,0.031567644861177184,-0.023449010036580363,0.05447151301319267,-0.05601532854432548,0.049542921327882954,-0.03642798173760041,-0.024597925948376217,0.01317865212200005,-0.045982067967686155,0.0176542394320013,0.023839216590941664,0.052039341808096086,-0.08040465472603708,0.029778483474677056,-0.0020886044582288936,-0.018047880497954152,-0.0186433356275879,-0.0248856725864514,-0.048370499728491896,0.0002607382834645121,0.04315488995108326,0.037864790940995284,-0.01253424147583243,-0.009499454506831678,underdamped,4.510213518374493
1.0065824370297933,0.9940854340813237,0.8517117619365913,0.7006507823915681,0.6152948867680957,0.4048956265143053,0.31073903633049527,0.1694422990014192,0.17858195693234358,0.018275755719423033,0.025372191089277928,-0.016559854714267064,-0.02694034151410011,-0.029678246350911798,-0.021636021016967825,-0.0464232355837246,-0.02012845355783686,-0.016909548917228286,-0.011308842859253723,-0.007196707993178486,0.0009802006262100392,0.0021779354767980687,0.03260863602170534,-0.012134794766279794,0.026132476057847305,0.02261880603680794,0.019996852552258956,-0.05455357831638653,-0.02100960564683885,0.021601109729366352,0.03798479294802223,-0.013988044434351232,0.014233256944121905,0.06962683951304952,-0.018394143249588005,-0.0021649242373371277,-0.008602132366960542,0.013565186476134661,-0.022722223120103156,-0.015541885085392287,-0.044163916716947575,0.04700375505062647,0.009866849396313947,-0.02086258049400456,-0.020506627393399722,-0.02556564153421176,0.027336632332284505,-0.045115848105540965,0.04886932002691247,-0.000130243615267414,0.0173245375564719,0.03677438510024301,-0.0679022149272615,0.020120137808217895,-0.03457276674994031,0.0077732037825363415,0.005662078041786278,0.007441891602546137,0.0012291717853086849,-0.036610515633062606,-0.016151604465599306,0.06002299302651456,-0.02310757929118219,-0.02354030584799877,-0.0049744471560146065,-0.039974528332955894,-0.005988571039332277,0.025789447164873126,-0.015125861421714107,-0.009862203648015494,0.025598308712938132,-0.05271224284192141,0.009425861076612942,-0.01733939042402859,0.004220532675186737,0.033587405979933274,0.047149027225789654,0.020353763124127247,-0.007657450856890822,0.004183358717566473,-0.06718669942187695,0.025246224480988514,0.002855223427373469,-0.0014793982932862786,-0.010155486292182415,0.02526761224107277,-0.013610403450891552,-0.011125169645616427,-0.037731420644140784,-0.004198389675277793,0.04361211016261752,0.03181357812969734,-0.03352790978868598,0.0001878528547594563,0.01671622723440147,-0.016308318768046382,0.01414323368434812,-0.013377622716375225,-0.021447540387504453,0.05110418029449235,underdamped,4.486498840740591
1.016674709593471,0.9061913229752997,0.8220763327777335,0.694491067186289,0.5858165334809329,0.48227789814638133,0.37279954522870395,0.2737954917625207,0.16528348368825818,0.11466030269287611,0.08496017600260222,-0.017482862984895826,-0.01920691130043286,-0.002429621189243469,0.0028582640392018546,-0.030394137515946024,0.0018032586198088105,-0.010492158839984153,0.010065874974980939,0.01457178626722751,-0.04933088294250917,-0.0062666404840365205,-0.03015237055017085,-0.026063827836124598,0.009331418849654858,0.022135476330390196,0.013634998199247118,-0.022608145495700598,-0.06139055829592293,-0.0005389135600373551,0.0012745047808495945,-0.02421617234883283,0.013301989948661913,-0.02143484397767426,0.004090749779937794,-0.0020717006306707206,-0.017362352533173288,-0.022772041027192942,0.048160748157019415,0.0065102737328908535,0.017640861767358827,-0.02094189170764996,-0.004297089505426868,-0.026314639509619275,-0.015636364686460725,-0.01217668518865758,-0.02289304724070001,-0.022965965237423877,-0.05246633928642158,0.002667599324409692,-0.01514995412512259,-0.011243436186304108,0.006652068423152163,-0.05583429848647432,-0.01670527994105302,0.006802802354993974,0.011023244828893632,-0.0326549882780811,-0.016094467786788354,-0.008210342921492064,0.039527524194971096,-0.01423904065767255,0.020487640600132015,0.05745005339759934,-0.044025979971198934,-0.06894759995347166,-0.005882447068947496,-0.036050225797347644,-0.006146955235308509,0.029984383923533565,-0.0013590537300144972,0.007624617993550395,0.016980996341923123,-0.0034753653199381855,0.0528141031289035,-0.001035254311837876,0.026012316867652024,0.015618092664819809,0.031422645566441455,0.03550856039098748,-0.0036023418420419854,0.008581410553439887,0.026587318402128003,0.0073039901805210085,-0.014510127141230601,-0.02833480897316094,0.014090973880885309,-0.016215829411818056,-0.004067997247779163,0.012028208126261156,-0.01620079608131482,0.02468131688679506,-0.03720772134146826,-0.0016210379020769878,-0.00909031944177671,0.028863336751663464,-0.06716182479935322,-0.01607717106852443,-0.014297706002672005,0.010426764916541618,underdamped,4.956060784530284
1.003166664449927,0.9760732043051699,0.7989559581698098,0.7369275184427931,0.6225979798912823,0.5217105146852609,0.41373349224785977,0.26713517563260275,0.2436779567382355,0.1290519435600764,0.12396496233205061,0.11824403817574985,0.04572704849285619,0.03228199273045254,-0.0028320036478991784,0.09394667790509002,0.014377894000153638,-0.016565951592911552,0.04406784717761043,-0.05159358635809277,-0.015028459017756356,-0.03655751733834751,-0.030992821658499318,0.018903871555882613,0.010384955478112936,0.00672556317596577,-0.015753925261515513,0.0072534750067579186,-0.002251622482526634,0.03140260870232185,0.018373775879417343,0.011041151887680171,-0.02228422385246144,-0.03572373470001391,0.027971819625165477,0.009030608418687438,0.032590845446897616,-0.009710740957362388,0.020853221238120438,-0.039483717530124786,-0.0283062181452725,-0.05765215736501301,-0.05493070098404205,-0.011199159332587692,-0.0021032315070975346,-0.012527557875029825,-0.030419026586148507,0.03669259621360441,-0.008938066761946181,0.013364500849202965,0.017188801693579014,-0.034690642458912194,0.06243113152049484,0.02120913599563719,-0.01908163907645979,-0.030724129505426443,-0.013196779974564816,-0.020445614764935213,-0.034936387353367813,-0.04220835583497468,-0.0059836929651071015,-0.016786806172016326,-0.005169456922924216,-0.02296268349448995,0.010438236666197906,-0.005571873968494313,0.00020686959636916153,-0.02333663742060061,0.004991245220360312,0.027527738869221347,0.04880897195264118,0.008457925940860369,-0.026895908415509016,0.03999399978321253,0.010172766128872735,-0.011884937612711931,-0.04553951900953815,-0.010864366623226143,0.023972754872275945,0.035422991007230155,0.044178215857730706,-0.047192533087950635,0.005716285754554731,0.06850854523948037,-0.017514523151376787,0.0007417397964204775,-0.04628287626039922,-0.11060074404597056,-0.010683251439676402,-0.003866090810209171,-0.0007761922907048139,-0.0064611266215534495,-0.04299507594317889,0.02679226735955723,0.03555384057241153,-0.019664289721487416,-0.00024073993636086302,0.03661472959278216,0.0439553509273406,0.06552010132868431,underdamped,5.690847211617082
0.9935470504656789,0.9906448619824216,0.7964659187987941,0.5576845564872144,0.3723658505565378,0.18036689896488028,-0.034906737979341004,-0.253714146467105,-0.39868609402418836,-0.5036959721013348,-0.511226517153729,-0.511045466278084,-0.35828590816962963,-0.33305478289484325,-0.19514294846472846,-0.13432662315406954,-0.022802638917460635,0.06987061706538146,0.15568420993119397,0.21221739242879556,0.2523175306573159,0.18619499877219226,0.18596583354768037,0.13863852683871614,0.10872571074971682,0.07998376931932442,-0.049354004527704796,-0.05840145922619781,-0.06695365093916869,-0.03692781741333964,-0.14354495731118838,-0.1354032606374301,-0.05202642950130964,-0.0756384021704799,-0.04725815181640566,0.010835370205548273,0.009111729369846016,0.08118049588417012,0.04930548588939508,0.005219972816744821,0.06431998541366943,0.08535809638206916,0.09385224052911559,0.07743141357899365,0.060823320284615415,0.10283733631752186,-0.029076710603722224,0.005821304087551965,-0.015018669427284349,0.0044946465277432325,0.00011019765919206143,-0.020876790786118475,-0.04577670787461324,-0.04452446587722506,-0.04163676376200923,0.030095800745926635,-0.023328606995279107,0.009618172162318259,0.08732049288007959,0.003949216143284676,0.03534067505445344,-0.039375329691930736,0.06532548484673496,0.057447606023728365,0.044755832007117385,0.0004850642358653189,-0.019314825505238328,-0.013724429285186846,-0.06659263052270183,0.009418735797363947,-0.025736095159462437,-0.014973412020383197,0.017645594207363915,0.00754248649825491,-0.06424677364671093,-0.013110990129824168,0.006702740728609333,0.040916719806392894,0.014326799409589452,-0.01697225370168603,0.012844351345461585,-0.005743964587471288,0.05988067801040451,-0.03162366301356626,0.03439485563687312,0.012646835222142279,-0.014599319683919157,-0.009266074242177682,0.01701895770309915,-0.04621445429269535,0.021976660004702258,0.025941783344165057,0.028121606052136584,0.024004780327405797,0.014190720447873756,-0.04493234470481602,-0.05403237802570898,-0.017004145718245132,-0.005458413262934815,-0.006975445313786117,underdamped,1.3968608249884176
1.0247282880809667,0.9943621600835642,0.8440866089314112,0.6511372555917775,0.4320176368325701,0.27677318394178285,0.08779169591290248,-0.0821130425354794,-0.23072379277518656,-0.2594747126949484,-0.3529839907921756,-0.337075443980974,-0.3204451808052134,-0.2316385446396718,-0.12967120161652657,-0.09787917727109663,-0.0827638663583866,-0.027144093969656426,0.10291159059602259,0.07692042885283878,0.15110928952929975,0.11507381777194732,0.08543950767302119,0.0962198214704827,0.08745359892508336,0.06684418598589528,0.02134446434144406,0.014916246097253552,0.06174796549867728,-0.013615204291685957,-0.054643118567784255,-0.06573640774545006,-0.03194956941244984,-0.07175864210661909,-0.02060435835594814,-0.028510619429839394,0.03795093597119449,-0.030288607196798448,-0.012319191615103023,0.062113946779502965,0.01068391721864347,0.018488012755059326,0.004152479895569892,-0.010034113269844913,0.06603980807024183,0.017935578482006144,-0.03141983656107629,0.023170543361431088,-0.0024181149320483346,-0.0013433541646381364,-0.02301048238736846,-0.03632793039679523,-0.016390929972526034,-0.0242668645207457,-0.03049159998299126,0.020719490446888797,-0.02121747301634642,0.009180076948299696,-0.033554050344059075,-0.013512715419957012,-0.009836919155132106,0.04869586204787059,0.04285395103245245,0.025994209256140266,-0.013551491609110712,-0.06705884600778533,-0.0016085141305399193,0.04763517291104617,0.03381486743170143,0.023046335671013208,0.04632465843292532,0.015006656207409147,0.003199964406253198,0.01563673369171256,0.014490289691274505,0.02851391243621528,-0.03401651783754209,0.0014645686340340278,0.002995556843555645,-0.031344654926560384,0.02466539625833649,0.0037372353438118633,0.012486045702864294,-0.03358976169070572,0.017920185948989864,-0.019927309774562942,0.02416232181015875,0.003125832058329632,-0.04151744472635071,-0.005699656337274516,0.031260238052560244,-0.009035406766272193,-0.005399112545837717,0.007773239670245712,-0.07621072897552413,-0.0001348679027550978,0.04100096982940527,-0.016017935986971203,0.02106349839693347,0.0051104434781902505,underdamped,2.171419948940999
0.9830538082127692,0.924933492422221,0.8156945694818837,0.6557799047810415,0.4599822963463714,0.15811042225726343,0.038598237986984696,-0.22472024690661316,-0.3796093508986415,-0.390597454136253,-0.4690129159931403,-0.4895899916801954,-0.44599651334714635,-0.3249982331893491,-0.22440686081897637,-0.0591494922452333,0.06717730377412663,0.13992731511454493,0.1578279674851455,0.20342071663772684,0.2393621624033329,0.19042327695701053,0.13406682925198657,0.11297008695570412,0.11663001172737592,0.02318486572597208,-0.021080435770904418,0.009106655219249374,-0.09486168094533057,-0.06810891954877692,-0.13889633047771394,-0.11010780499828565,-0.10790333715475058,-0.06983319492960738,-0.07656618295185155,-0.012454969979226717,-0.04912210259172479,-0.030774065037657602,0.03444301645646761,0.0466469790749329,0.016715431617904723,0.03248082325902951,0.03469128317966426,0.010278674573318675,0.0026181200201650483,0.010950028328712797,0.034421161759690344,-0.027744378318870378,-0.0030463370290325312,-0.01926022838431822,-0.07700694684452983,-0.037124358220328044,-0.10242149113005175,-0.018423223090471348,-0.048155881760018754,-0.08390677606118195,0.03583457556314877,0.017144551429233698,0.02031473895164987,0.014642639648062429,0.010771517979138424,-0.012041877015802078,0.07034417755022226,-0.0009430219753401078,-0.012499917869790555,-0.001922521198004917,0.015792966475295815,-0.006191217549367432,0.011554936264788245,0.014723241193447305,0.010667043439602874,-0.033450683107135094,-0.04291511677461453,-0.061774516439594224,0.0027262333611608436,0.012527634067321169,0.019490697366525266,0.050254528834153565,0.0644590343597172,0.05727625272068289,-0.005118115142649752,-0.0013872018877442603,-0.020347673422233443,0.03427354557612536,-1.4144102609226243e-05,-0.014792079469920255,0.01404251746944285,0.0076386874853044025,-0.0018616655395415807,-0.007984911148498686,0.03872543806611474,0.001999977634707547,-0.014901465266554328,0.014878606962774751,0.0037974280713124857,0.003309605492343462,-0.06666395542726777,0.014517485327526026,0.018608471860478922,-0.01984193082554638,underdamped,1.4278965046895964
1.058859185580591,0.9175943614287079,0.7772569616959133,0.6723893454663278,0.4908046593201017,0.30955229414754565,0.1250444070005742,0.025139805232421035,-0.08033033115134466,-0.21061896095275884,-0.19015793459960667,-0.22224768145918894,-0.21421308742623282,-0.1889674132201289,-0.20174016100987235,-0.08677754797195752,0.02539804040901139,-0.0053715825394831836,0.048671287721741514,0.03915455447014246,0.051648171218213274,0.056390404474942216,0.05183005718473493,0.03800407086328465,0.032215868770388754,0.007836882942024576,0.038360942339687294,0.04320111664439337,-0.027841688807867263,0.025624170407095956,0.024979992855639725,-0.00438019438739132,0.014759769474847303,-0.0027415731117651013,-0.04293203782395149,-0.04755249901753532,-0.015467152063599002,-0.03946365145430131,0.0366094225953385,-0.011254872819541722,-0.02909932876874291,0.009799847770706034,0.003491919207269476,-0.03128603545677141,-0.027009218509545203,0.038014434140161875,-0.03658977712445919,-0.03139418327949497,9.442645247008147e-05,-0.006136973649013907,-0.005571066894638053,0.030043424275390262,-0.015289060884229997,-0.0008780948600885948,0.009416059959519517,-0.020980164745023327,0.004696960310944107,-0.0378223402497185,0.006020944996113783,-0.004331295549366103,-0.0388401729478005,0.04868586865198936,0.035524211832133425,-0.017194577445287487,-0.012005106485958681,-0.02121250381541162,-0.007511570335788406,0.014594942642462838,-0.04193309900777999,0.07380487366455103,-0.0034310506919867645,0.0034132309959091305,-0.011280648697235876,0.01007621471689048,-0.002550240885685506,0.004310308471295625,-0.002931380229250521,0.047457380177983864,-0.023844798846392082,0.04752209503622827,-0.01744964038801428,0.0453066994019163,0.03585232143984802,-0.07965836701847571,-0.03009601155009739,-0.020932542955608816,-0.019930986878530843,0.011645238553072621,-0.005936660666563922,0.06360050923127673,0.004910527814836027,-0.03688749474067419,0.01629883620672561,-0.020707058726531218,0.02268731982698888,0.042631373330681475,0.027605325184445976,-0.006005717685394161,0.03283702280594531,-0.013041002609633515,underdamped,2.7420917665951023
0.9639888572683261,0.9338313210778056,0.8671181023686112,0.7544371051547334,0.5547688529591673,0.4420415551675517,0.2839608900830516,0.18922026791777335,0.09892015117395414,0.09815957386739009,0.02088529425260456,-0.02002278879431589,-0.027774717972443505,-0.012693250157731376,-0.055954260314328465,0.008302828072573036,-0.048258832496556846,-0.03530387040207121,0.005808950423401123,-0.05803828138303875,-0.0030087744735782258,-0.01439585982907767,-0.03907986185404834,0.03517121148641978,0.0018531153798267475,-0.047674524915292914,0.11724228059614286,0.006135732322859198,0.03426312766935906,-0.022141113452341214,0.02189714475636873,-0.0513092329034485,0.0010225703633922477,-0.004717230308084186,0.016418834151124787,-0.009418418373995398,0.027466008593015217,-0.014798831777466675,0.02867927851839965,0.043069325391390564,-0.08560464951235927,-0.00776833914180382,0.04795958713879101,-0.008864132458937444,-0.024439375663978583,0.012084248338668977,-0.013200931163587401,-0.01790358842811736,-0.04772617944132414,-0.012810137731929546,0.020715290327954584,-0.025785201381934943,0.011814279715282275,0.0011084090093154782,0.039453765986199804,-0.003834945002863363,-0.027696923966255567,0.021578353282660733,0.007489866651568859,0.04920726896968592,0.04671659557986741,0.001204590133043537,-0.033809800957567644,-0.029511411756168497,0.015403980001813155,-0.02735554926993678,0.013897289597503531,-0.0016620727086727577,0.00492371406146344,-0.052813635443031436,0.0056963592559576256,-0.022527714353550398,0.011556350601790048,0.006738857693895165,0.01455972079352127,0.05765147320474184,0.0005859162726794001,-0.017698936331290563,-0.014998886671377543,-0.029218077343469297,0.0030044648575004683,-0.06288466493261642,0.027353130186941896,-0.015932016364644176,0.012296636066645565,-0.011521646263591891,0.06078200259949873,0.05718793849372279,-0.04525385604277531,-0.052061663810173374,0.006809870662218213,0.004335615008750957,-0.026945622944285878,0.029322070365453732,-0.02153772467742835,-0.0083922511698949,-0.006461478524948213,-0.02654266898250117,0.04101916783138521,-0.005222247121974184,underdamped,4.549759170564464
1.0864032511669677,0.9067046959033389,0.8615260255210299,0.7534035813619261,0.5341703640096276,0.37669466315754774,0.2468910450898986,0.16137801684745479,0.06851611320295704,0.0032090198730480267,-0.04147939482798523,-0.0334364971690855,-0.11384185676483247,-0.11098067118009937,-0.060562145364877196,-0.1157719438929171,-0.04841744706583843,-0.05429063710996692,-0.03390305098650011,-0.04402664669419115,-0.005399974893011739,-0.014241174699466756,-0.011013619826403273,0.00461856290518561,-0.0034751550566030145,0.022571184718964347,-0.020407763265811493,-0.022562732898468003,-0.041703185628570116,-0.02865103012547273,-0.009309153900552241,-0.03741308566306733,-0.052870674503556356,-0.035488959370735935,-0.036812537721228375,-0.0007842833178341336,-0.00879313037819821,0.020950052032267255,-0.04977472013443922,0.02528324193398302,-0.023646627446896478,-0.008665518808022627,-0.05372393241988477,0.023476290257670483,-0.015716450340920576,-0.03023212716064298,0.026920423050050657,0.03715182681679727,0.04789712245983592,-0.0025831204590445805,-0.040931946044929245,0.005332822717919622,-0.0023209815844145495,0.012235170560869013,-0.01531798666662577,0.04594258110925307,0.03222788484240092,-0.0029395675368928107,0.03557233698888165,0.035037686931661656,-0.032116593706669486,-0.024241175144909647,-0.005732888054615782,-0.018413834067778488,-0.007230330182311634,0.028473065866779987,0.01989679464972662,0.02380723631926956,0.02034379371508249,-0.018284030015388208,0.013180695806662228,-0.025403157559345104,0.03618636905640933,-0.019673572415844182,0.04938492233970774,0.0033021906962139125,0.010108870886127504,-0.03409639228545911,-0.007371453594937034,-0.007217532354839418,0.026284151565498064,-0.04385003958908159,-0.06660999677801294,-0.008698676271297537,0.017724286822538005,0.034575615888980164,-0.06463490255280993,-0.0158279626242357,-0.0247341739539777,-0.05106606651857212,-0.054599978157594424,-0.00010261352783751652,-0.0167070506863273,0.010302762011188895,0.004445227696298836,0.06327233698593548,-0.02239846677381297,0.0016335002931121122,-0.0015558762432744966,-0.05962804165920932,underdamped,3.9064237598325713
0.9899682718694447,0.9549615218461928,0.761817451870715,0.6056848778805218,0.3791442287213875,0.059048971840362036,-0.06830361824383743,-0.3087726458894832,-0.4765429867642435,-0.5328915841824174,-0.5799231964047242,-0.5529708444586351,-0.43472572783131297,-0.32708483765874424,-0.21497923760556964,-0.10637791108092166,0.09560963333502923,0.1272562598363485,0.31024413950674,0.3462198423818903,0.3726854092038568,0.32121809286730724,0.2928621377415987,0.2108107042357379,0.17541794939176863,0.004184887140265617,-0.05484857365980351,-0.10114473647894259,-0.19983734892851424,-0.17373681331989205,-0.21669139111662544,-0.184460307898311,-0.1389171631510103,-0.06876502054629091,-0.02878607721651215,-0.03865951892818506,-0.014200953382626544,0.0891310682781919,0.10356408808696345,0.08792610106249839,0.14091562498600024,0.09946502731688191,0.1492491865490133,0.09967705745630169,-0.012297335812916838,0.08820726108857163,-0.06888479600444845,-0.12087699073519927,-0.08934261225690296,-0.09867278645285707,-0.027315927341512565,-0.09033993523849043,-0.07780662468018898,-0.04297589425772126,-0.05458085739462713,0.010430767383199188,-0.011267264919440162,0.04417380242442273,0.05813892264404395,0.0637232061529043,-0.004065699532843775,-0.024802146057973852,0.05342362181043228,0.028994250934821483,0.024074986185679537,-0.023167469467128526,-0.016425781610200856,-0.053367279207818315,0.0015703011971797444,-0.0199718206815301,-0.012999090877590871,-0.04878324404442158,-0.01925583361575653,0.009740282256383336,0.05499100342127889,0.024654498297664976,0.06603079187907691,0.0014458002365676991,-0.027715885487187078,-0.02548421403102343,0.008072064190583789,0.08255834101913972,0.007119471335025507,0.037559533227141215,0.04023545225504832,0.02343422961941999,0.03841240304413609,-0.038760007990560695,-0.001798827854210384,-0.020929985145407712,0.030207739440752144,-0.009704158320660022,-0.007789263126579398,0.029426530711435334,-0.014219127049421434,-0.05579554131433602,-0.027405330616108094,-0.001207106783406001,-0.04332162176687238,-0.01678253515471688,underdamped,1.0650039665005098
0.9237290813726527,0.9378224607044029,0.7981346752505113,0.7293725379026367,0.6507660068574858,0.44130195978070913,0.31243085163224454,0.25383843086853375,0.1680233690309774,0.11283641356611022,0.08496380565203576,0.05028007284610325,0.03216961005054364,-0.07018120825157018,-0.00778267455739155,-0.026160507390993952,0.01556923492333601,-0.03698087555548747,-0.03307695726615976,-0.020323509957870408,-0.05538257620196517,-0.03774031618910223,0.04228984500597678,-0.03206639962676869,-0.021256345750026173,0.023173074497854718,0.04109101443744291,-0.027221963637090278,-0.020824282833439414,-0.007545133477661056,0.06316295948587282,-0.009172754945910482,-0.004017513010156933,0.005026615738898672,-0.010414820666049344,-3.5465492772640496e-05,0.02489420494196736,0.006968833072962209,-0.02640191065743264,0.028899995801969204,-0.04553164696366754,0.004756095953258384,0.006832604879340812,-0.02581911378839703,-0.017243373134109872,-0.009959049596730295,-0.08433625578079303,-0.026473898473408624,0.04400850024563669,0.026458355046805573,-0.038031863404429454,0.006272138409124642,-0.00821729165240247,0.027741316813586256,-0.01759169863071933,-0.06973304343644394,-0.010719128123621444,0.0372452544545491,-0.03001668463978694,0.026491516857494467,0.04965253397096134,0.010781527203580533,-0.006796720897614028,0.0030960067590993434,-0.012871706171722504,-0.016495613875590197,-0.05390448040829469,0.004276703041341334,0.0026396721261558263,-0.03672644284806751,-0.004397649510621482,-0.009328090851198116,0.06304086322308955,-0.053175368328573634,0.032782606922191766,-0.003471017140310478,0.01482187470145792,-0.0311207024732893,0.04280882124060083,0.0030081046508198843,0.053305662732814334,-0.02856636199829908,-0.0015816309408835706,-0.06174109233993959,-0.05631522524740919,0.004285387542839249,-0.012001916707978942,0.04338982706122333,-0.010242534317362644,-0.014975728389535122,-0.03896405323863957,-0.02317100707220528,0.03030656352905925,0.02911912517431319,0.03621995099617647,-0.05032161612813796,-0.04196229567148798,-0.004696088336326117,0.023969807070351283,-0.007474270301526688,underdamped,5.097108098928697
1.0800859045178428,0.9357417483611543,0.8560779499833797,0.6510167065155911,0.40405143678432603,0.1659965975085965,-0.00304384409458585,-0.2032295419736564,-0.37606377282568076,-0.427160607716974,-0.46230870292993526,-0.41208294453511296,-0.4095591760674113,-0.2597687748375631,-0.19854228306425636,-0.10316554893533102,0.041712049825033355,0.053705840009836914,0.1718038247506754,0.17059940857203645,0.17741822849988734,0.2155684812638073,0.16661442226316703,0.1469749046960006,0.10789134304844632,0.0676295477092062,0.022496163714082383,-0.09128305398652914,-0.02658214932600949,-0.12378634881638395,-0.13561859415763722,-0.084508170283087,-0.07753564884586975,-0.051447222809899024,-0.05999190598833969,-0.07855943357688415,0.02504531536612296,0.022049980357832174,0.029760558394430457,0.029120621729903904,0.05375670649174245,0.026377531476153716,0.04664255405839943,0.00951112283794766,0.03476147980907458,-0.030461972737694135,0.0666441415422368,-0.0017521842885031879,-0.006711805247117521,-0.04092063520514992,-0.0004537611674494818,-0.013830900213109358,-0.03584526695148338,-0.019182236114756796,0.017745369572884754,0.05226994184824766,-0.07302678816612615,0.02381447946633721,-0.00019016002139468982,-0.014686784942514531,0.05785087923453259,0.05344192880693267,0.03927330735066888,0.055585273643895323,-0.009309297789355743,-0.03789952507920855,-0.018950465502780282,0.00407207577275967,-0.008930251771401752,-0.010201473880774824,-0.01940599999719219,0.004099798657766901,-0.006948319813872158,-0.03103500560710408,-0.004794068027804544,-0.02350957163228395,-0.024587288785068964,0.029979458115894638,-0.01942621945177641,-0.016786451635766034,0.0206565796145701,-0.051750536161453614,0.023596577223620623,0.08287511647627141,-0.008776249060900692,-0.04169370936696387,-0.002110100976508638,0.048600686683962585,-0.038857494234677485,0.04073702396399502,-0.020054021907084683,-0.017551290231324946,-0.004997456189272766,0.02469771753783427,-0.00795142473165667,0.028487742888673003,0.03009486450787849,-0.06178804898230663,0.03431402114236517,-0.024276880738041955,underdamped,1.4923474645100019
1.0244370852771136,0.9598974792609911,0.831144907442626,0.705881074550847,0.47081508411083783,0.2854043352861412,0.13341987558567198,0.03442612260386978,-0.0385193820086751,-0.16940964839367853,-0.19789590035632804,-0.23127078313287897,-0.266192706755656,-0.1700188787619812,-0.14658807073726896,-0.11687820734269688,-0.04616861832164296,-0.022671368087195273,0.03603333559855663,0.006418127115491279,0.03264771743684709,0.04989362966039659,0.053952302157288724,0.015508949009879733,0.07479241277445174,0.06207716676237875,0.06474384444047943,0.0218484617653477,0.03323010634152461,0.055071549848261736,-0.0074107216778297475,0.07874797972627356,-0.00424996688413431,-0.0035957018235829403,-0.026672694733750953,-0.0464408705924722,-7.385486212791153e-05,-0.012980272607169129,-0.030968948561016764,-0.04948503029607439,0.011775352595925043,0.006274330329648572,0.002772710053582082,-0.0032441598144319762,-0.010866654316792184,0.013812328538536,-0.010997466716835599,0.016225558421482666,-0.020720623912309766,0.023027421639871804,-0.005623127594996264,0.02604289950453025,0.01471471845848789,0.03780724226864931,-0.02594438169259233,0.020881260094059634,0.014625662105836717,0.002241239805646012,0.05689623168615385,-0.0033930179209481766,0.03707442080635264,0.04993051890771547,0.017062638981262087,0.019827607598946053,0.011162344984333782,0.03329784264998385,0.029303655101404386,0.030949552298297767,-0.001717656743123816,0.005051872377584485,-0.010230895738425757,0.027739953431490084,0.07471748589179081,-0.03169006800157239,0.028474854071519243,-0.041190691686757125,0.02139470336457407,0.04678526642614113,0.042067181079973814,0.011289467800587141,-0.02397411316354735,-0.019025191833329996,-0.017271402140720822,0.027937234037077974,0.018485942921824004,-0.031279003122451,-0.005392790708465134,0.016241707093404396,0.004137103600135177,-0.005692112192901606,-0.03690161970294249,0.02205957159618761,-0.011429999027772773,0.012482254460678863,-0.023924034696878014,0.014269955533554165,0.0738809073994828,0.03000557993585394,0.0028190397679768897,-0.006100811638757461,underdamped,2.7575751377279865
0.9851213957787122,0.9813385387293694,0.8135106427230921,0.6022585672162216,0.34302405395193003,0.16539646423664958,-0.07623347709186028,-0.23813365606092166,-0.5090824953494739,-0.52087446872092,-0.6142525372865401,-0.5103567926930755,-0.4474828962433452,-0.35569052131528955,-0.18279877182295762,-0.07157910729553527,0.06613566646115321,0.12643622490134726,0.17158718546635934,0.2841655906082107,0.2901151145290128,0.23483020561218784,0.23420616511392112,0.1825653115564818,0.13804766488845838,0.060177151300355204,-0.03329166459619307,-0.11655779520264534,-0.1362806930203788,-0.14179386433141875,-0.17692407056544512,-0.13025066261512222,-0.10551919331969258,-0.06767192449473214,-0.0791689295483436,0.06657085230119071,0.034000512965684127,0.0630048339863154,0.056965215781803365,0.10539711977348365,0.08379185114257641,0.05849462568382667,0.06746480426655657,0.07166260558422506,-0.026292470111459416,0.1099963555510115,-0.002000433197280619,0.043336997102565694,-0.037946128286983925,-0.052580525764666,-0.08863741609204905,-0.03360005349301039,-0.014763871138998592,-0.02206778664065278,-0.04587269014226433,-0.007794665562040124,-0.010496496523509764,-0.006419140056912447,0.004514795414158307,0.056933471181387155,0.07082896826728727,0.014674005075502879,4.846122470849451e-05,-0.014958642684890035,0.02451945231583266,0.028239375436573393,0.01645096080576875,-0.06058255117821888,-0.029369531382554964,0.038566923773911646,-0.0492509708548997,-0.04523892268582164,0.004818129506911519,-0.00997236729359925,-0.01580779118481667,-0.012529640762352655,-0.024130689402008798,0.052219342851932304,-0.007560806435488363,0.0019064913209574375,0.06126356137412397,0.034361176701375826,0.025705006579925402,0.03514459953105457,-0.00125808076389572,-0.012076927899226337,0.04281312248262238,0.0013994808208933973,-0.029198582577305652,0.041356002783961315,0.016305831384517834,-0.03774468008349705,0.03340083982773197,0.03069083840811517,0.032147854379496056,0.035283494263383224,0.012176373052744481,0.018322737155828335,0.01691700086131646,0.007785932436547929,underdamped,1.2175579663682767
1.031023800996614,0.992453040396024,0.8263690737785506,0.6909874579585279,0.39235526233333673,0.1737277456058941,-0.04725929601868214,-0.17496069659835678,-0.38557719622906833,-0.4693771753078424,-0.4864771544321734,-0.3969748906225895,-0.39139418323659336,-0.31045994392477777,-0.23925055066188236,-0.11828983974469454,-0.016068894363465515,0.11715108610409161,0.10360999365185365,0.20725164633842533,0.238922228258639,0.18845432699523662,0.14247964606906668,0.171444836235998,0.09273406017122475,0.034252684512188034,0.06389010409159326,-0.05972887357772438,-0.082563738113955,-0.11426161003483769,-0.0865856581139254,-0.04301354718677492,-0.11613604796262386,-0.115588481181647,-0.05366017507436967,-0.027521904391990835,0.03185353001251448,0.02130737474129524,0.007548644318856563,0.04966686048188251,0.005732922245673018,0.0922373495161457,0.04142593345331295,-0.009452921805755167,0.05861389896420152,-0.014392119292839851,0.02763359211033305,-0.009015677072419948,-0.020802528115252225,0.016855724633329676,0.02193618851097425,-0.027537435683571018,-0.006160707171118506,-0.01361381489732903,-0.07846591962423027,-0.0035427175036814858,0.008006879114255381,0.04472436651879512,0.018102592981318548,0.06294129922353489,0.028958832721966934,0.04683675988508009,0.004368604156918324,0.011847926401401171,0.024386893344860078,-0.02018309057823682,0.01819766797641313,0.018432013071698505,0.03058713660895748,-0.030779945526604388,0.03168657873588252,-0.021067232676683402,0.011079604011658997,0.008615934145711329,-0.01255732264586937,0.0015266666541918063,0.014948662240922223,0.061203905393627266,0.013507186859236216,-0.035797160864545034,0.009098512920669264,-0.011369840832548267,-0.00456662078351122,0.02101127163297279,-0.013610566848970246,0.031492738508802645,-0.03801575013545237,0.008363185094960217,-0.028969896234769844,0.007794233892948208,-0.017170592922567455,0.046260514763608755,-0.04246826726777715,0.0005832325120589006,-0.012164027520257529,0.010048226495297258,-0.0069592313686234804,0.007068620684299218,-0.028412916135778843,-0.005133525330050406,underdamped,1.5405812925300093
1.0001626000531234,0.8983963099284211,0.8968890100484281,0.7464901112515318,0.6211432030036046,0.5159401643966927,0.31188979707857695,0.2934988540279546,0.27864911986114205,0.1733530020129002,0.13315136941431704,0.08959350076430526,0.014787010188148451,0.05586420936243173,0.026643027023197333,0.005307539453102436,-0.03356836483328084,-0.0400530253163248,0.003739358256693483,-0.03445885948357366,-0.039673408717689124,-0.006740222709978108,-0.0276942826167902,0.014010425403471265,-0.014919707897588279,-0.037302149498840524,0.008059530721972201,0.0054477819240313285,-0.017239080972557226,-0.0035099052882068315,0.013263614965892161,0.040242717291718626,0.009146662370531133,0.04115681381618922,-0.010736516483437786,0.050163550906872904,0.03662057510399688,-0.026654300904411624,0.007967794968764099,0.010922608540644101,-0.006220337342173576,0.0074962850767618045,-0.019330991457745913,-0.012325431259293636,0.017808060522696283,-0.0073082675622800726,-0.012853083804874191,0.07781109710122269,0.00011823194470099583,0.03234302364923428,-0.014299863878371896,-0.018101513194593938,-0.042371821447258554,0.03866665712226334,-0.010309569882648941,0.018571791948851047,0.0010675854748406523,-0.04520596769931205,-0.005589893217482062,-0.030847762004990623,-0.07429446709637112,-0.007974530752874876,-0.015499074246264163,-0.01600385689539317,-0.01351562956701832,-0.011700019886146223,-0.023020948854466414,-0.008844037191499465,0.07159136555253137,-0.009545158352939127,0.006901130725658053,0.0017003247185770549,0.0064786964563711335,-0.0004090020299422062,-0.018459731784382143,0.028979033393093937,-0.004451340130647776,-0.00047545114936748957,-0.0282948554376309,-0.002446665454823855,-0.014610676672622174,-0.00476816234802124,-0.005478098548387087,0.057060630594443176,-0.00391509781768876,-0.07842473631813732,0.04791071478736009,0.05791192736210185,0.02627774014730449,0.02039211574452468,0.00048564435095363695,0.024558291615642564,0.04238302999963351,0.010675162725736655,0.0035259490398701163,0.002695178242096928,-0.04215243489195812,-0.051740174397722584,0.003283113661768936,0.022616705708246854,underdamped,5.744888574364608
1.0240601034827796,0.9513289871905459,0.8236911594645147,0.6777435508418982,0.4604933812547025,0.2804063339234398,0.08171196514213351,-0.06707862923805447,-0.10510092863056789,-0.19109836887026535,-0.2532361033353013,-0.23741211907520032,-0.26878574208639916,-0.2224119687024419,-0.18978457889668993,-0.10118019375817947,-0.021560356442114292,-0.03555529306322279,0.020789920258519487,0.08107786510646221,0.14178490188041062,0.10595278860496003,0.08738455278007906,0.06172882260915839,0.10169378010613175,0.03715656643327158,0.005229122526125934,-0.00505445291590181,-0.033593810263620544,-0.00962418114534213,0.0004864849444747195,-0.10972668596947782,-0.056186506865458306,-0.0008779229273571457,-0.049238676933457404,-0.018198392655382166,0.05827852924225574,0.029502029247477937,0.0072960648982708515,-0.007977203551952698,0.014148003436726135,0.011167127451300492,0.002884396809274731,0.03049455806416553,0.03520496942096202,0.004565591045363504,-0.04780386053687817,-0.05381109801887406,0.030226779895867043,0.01308764165334192,-0.021257741886089438,0.034317029565267616,0.008863710200206135,-0.03569483652840532,0.030592960770748967,0.0038234428707962067,-8.85239891623142e-05,0.05187612368627136,0.026638724958243407,-0.029254189577701994,-0.029415923103829206,-0.009934354019997859,-0.021002024403124497,-0.02250211830203602,0.016318064382062746,-0.03703112900766078,0.022996043030360853,-0.01421701028554031,-0.0317975431471194,-0.013795782675757998,-0.013872694453136781,-0.020775818147398453,-0.025152925329525386,0.03395615505080452,0.0078043024787319195,-0.0028714261531406324,0.02645902594504827,-0.00892604404863277,0.004103773334447775,-0.032439827891597786,0.01516966011529186,0.01106285017060312,0.01637801265683733,0.019016087297646502,-0.008012603068402064,0.03217509641939848,-0.026011606900773025,-0.059660131491936386,-0.016859253506520375,-0.00865681854078508,0.03310139986636003,0.00762175987904095,0.023790568319823988,0.0010643338801428885,-0.02277115751741371,-0.11162087808026086,-0.0002877027391207553,0.003796501856829084,0.020606228908068944,0.007756749235473325,underdamped,2.36723030066051
1.0040415941772871,0.9843199739901497,0.7752083275802132,0.6660095346725036,0.39578716583210777,0.21825994969964493,-0.05535381970034815,-0.16297949534460698,-0.29707855207575856,-0.33988515497901217,-0.37081247624248614,-0.359822875643783,-0.29329219051731553,-0.20990069246773901,-0.1801345927629473,-0.07281494227412871,0.047887053273362463,0.08089024250142825,0.16559379194661378,0.11619420240142922,0.11967146563372445,0.11053266382018567,0.1654155123199982,0.13942207616078525,0.10627039028902238,0.03357067182112534,-0.014876395551768028,-0.006005953396989216,-0.02419915321905257,-0.015416351342950906,-0.02212091847069257,-0.06696198005412668,-0.0849297175289226,-0.05611323008542792,-0.02870209761402885,-0.08489177349697744,0.002078577373967619,0.0009667824866937793,0.003267880194983277,-0.006490074452361987,0.06090286712606351,0.03414482146724075,0.018421355006440383,-0.005695376845830134,0.021544158202901974,-0.004575760181415218,0.006799651403837807,0.0038096771911259528,0.0016340856689533367,0.015932231025579256,0.030055960634391032,-0.028291860860864604,0.0387153745976921,0.010871784064713244,-0.1055673494076103,-0.011479360498929813,-0.032878138225295915,-0.015258300663388354,0.02820432827405993,-0.06626557029227569,-0.05934881169734444,-0.006522568002252626,0.037421457559522,0.018084924829537226,-0.03685862170524123,-0.009926993414862544,-0.02734935781031686,-0.011380837541699862,0.004234677728380102,0.005555736777577918,-0.02514819094224709,0.004945902467962423,0.057986771823692475,-0.007174994661048628,-0.046440087313919624,-0.04727224018171135,0.05723135513235147,0.03474631103887614,0.024384616005463794,-0.006741210229955784,0.0041422796535579955,-0.005533522811499138,0.05279399387967929,-0.00919140215320819,-0.010985063693436074,0.022896146012720258,-0.0026155354798709607,-0.008585717384236215,-0.03203807937638452,0.03894230945847822,0.0194252459121569,-0.005042065048772269,0.0046501481054467535,0.04914485570172271,0.026293166716860862,0.019205995897690762,-0.03921122059473089,0.025050261904806827,0.018543085196742443,-0.016863426893155814,underdamped,1.780685514184804
0.9944728310649316,0.8949210347926563,0.8101881220528779,0.7435361623110979,0.647382858759247,0.5038239337593227,0.36027516274225063,0.2743886213970613,0.17927429720064514,0.08704541604798166,0.0999443713618414,0.07041668230513974,0.06346237993494613,0.07282490265600025,0.0035292914041909103,-0.01014754484406441,0.04922075537899765,0.05705311941939739,0.008785904179854,-0.037915131100076764,0.005599035902737543,0.008404870476613877,-0.02363486423814536,-0.013309831797050711,-0.047480781683296586,0.032970497566112235,0.024011598157769168,0.02931477805571365,0.04583521627985375,-0.04072057896443296,0.043824296566656665,0.00865039257177366,-0.004264869669241963,0.007549420588413803,-0.015972702543782413,0.04215639239032847,0.012109291506457554,-0.005140825349582929,-0.03623475404411873,0.004363071485660739,-0.01751477781300708,-1.123874060751879e-05,-0.01537103222153652,-0.04213992397471293,-0.026803643561102958,0.03739597959796845,-0.013212738074240568,-0.015024414435571048,-0.05451821216432545,0.004394718349795747,-0.04155092558462295,0.03669474297925987,-0.03777836303866292,0.022785331850812652,-0.03605417016163049,0.011709603523568847,0.02999307861342909,-0.059533843786065174,-0.026829504273710947,-0.0493672897525821,-0.003224687886592841,-0.008585192968005848,-0.0033386304997670246,0.02483096587584904,0.023074918868128735,0.016238065545915868,-0.03309009849567637,-0.02460487243867792,-0.05367935970079542,0.0003295001341465965,-0.03806151562589223,-0.07901558038626805,-0.0511144241984372,-0.050524916622571046,0.0008403415549295756,0.003214892396553762,-0.020972705490617062,-0.03267019274813909,-0.0034017756917344433,-0.055225594824011216,-0.0005140203412867487,-0.0014910039599872688,0.03381703471086777,-0.016613447223236103,0.02677066964018123,0.0011390645330098977,0.027959311339331015,-0.01470106740682574,0.016272148616714666,0.05174207099050031,-0.04926063425431412,0.029675661485512123,-0.014653090754860274,-0.01759333273340237,-0.005345220672282862,0.014625215688025736,0.006102687783843183,0.013871521621242198,0.017986153186351255,-0.06006892722386851,underdamped,5.432564564485065
0.9775188993925581,0.9943091664935635,0.795630944542637,0.6311109936018264,0.4364155933127146,0.24888159654961461,0.03739879827318718,-0.20901461405017951,-0.32487655167087237,-0.34439142165293174,-0.3753609159950198,-0.38636930282331516,-0.3546196663814187,-0.2644845357363301,-0.2418272560428184,-0.119399696458517,0.008330398322173478,0.030704778769140108,0.10514875786738294,0.12655579089076668,0.17246268217708813,0.1986097130288909,0.10587407660327211,0.14312369239611086,0.012407151625313584,0.07559183342055588,0.04117413273829432,-0.06712978405638845,-0.0491197940213061,-0.018645355926767,-0.10875445425367054,-0.02958735765979903,-0.03165528826642609,-0.04559092637290811,-0.05532900332391871,-0.0062119171119807,0.0014387866639320856,0.005781472747264164,0.036396831965996,0.0319519480336536,0.07808592782128834,0.01692107778714377,0.02505043604001623,0.057144621155634276,0.006833859231661526,0.020196807816117004,-0.026287709862452734,0.03775919284092681,0.013749473395114982,-0.01483406295438517,0.07658833310333221,0.03205445572195519,-0.07121807229324074,-0.03448672654622971,0.04994315524480162,-0.023238934586449024,-0.038097477736645284,0.010801526621580414,-0.04002578642205017,0.03515881440588423,0.03715101618991417,0.010556494024367754,-0.06548577622715859,0.0002253268206968244,-0.00030044659505140637,-0.026586480465047278,-0.05901429494194624,0.011472274620213194,-0.01822357316474331,-0.023447057795810106,-0.011603921682050053,-0.009215845253800948,-0.009082079613940777,-0.07944582858901518,-0.024603421551203833,-0.017385576393914966,0.006641009713595847,-0.03797503570234697,0.062083050095610104,-0.03456097292511386,-0.020214291636172426,-0.001913030517007656,-0.012123475933939422,0.007548853153564795,-0.025348525087778215,-0.01695303538437518,-0.014369543323047289,-0.025658629196652044,-0.003982077202671165,0.010969390205940403,0.05669978137097847,-0.03627765308857062,0.004272767491583623,0.02500703657299224,0.0367902384339631,-0.06191256800214025,-0.016985271652197872,-0.05580855822683587,-0.006609296011197077,0.023756420691675245,underdamped,1.7781147697082271
1.038608746980341,0.914260572384884,0.8150243987396466,0.6379103918060671,0.38634941239165127,0.041391737902961974,-0.20144325329792537,-0.317074334978836,-0.5896122918699062,-0.6899807917094128,-0.6478586300499042,-0.5762954671533521,-0.5902685666506469,-0.41535229968625853,-0.22079183026900756,-0.0009549082475044518,0.1269206686285258,0.31623335524129204,0.40262993580857515,0.4828980451157857,0.42287573801493106,0.42162993914038516,0.35338794931205475,0.27138457335842886,0.14652031103046464,0.05250684221764585,-0.12095487114476092,-0.18564017514406783,-0.23247147937192153,-0.294581953224939,-0.31974757734612624,-0.3225892226971124,-0.2065511996915106,-0.15438120657632376,-0.06633616676860574,-0.05242331621329639,0.08851354345554932,0.12223517131733562,0.17176092743014357,0.2394245651980312,0.22060026315265394,0.19865156348763405,0.17636106224459694,0.09403897014670143,0.09852489719264229,-0.03606697353520716,-0.004407661421779167,-0.0735481484635836,-0.13626567719726965,-0.19463016825534174,-0.17608971412896218,-0.2023955591494801,-0.10034542613417954,-0.08149201250026374,0.014986431056084625,0.039993836983823625,-0.004212578028865897,0.14180822833462275,0.10701745185205017,0.04197607331554569,0.12726056347213258,0.08312492101181337,0.05646102405820391,0.030263802645085776,0.012099668114258269,0.016083938918083934,-0.0881525894126016,-0.10614924390781136,-0.008881308778268857,-0.0589939630833317,-0.03439482565819323,-0.059087512584171525,-0.040320729823261736,-0.03881532274412782,-0.0396587418177289,0.02113514983095221,0.015424838238599092,0.047155465416055184,0.01994553106607801,0.05244008255127173,0.013650845630956997,0.06799758293510963,0.006134790781689915,0.05863457698411549,0.01136754536508907,-0.038420986589817505,0.02691957094465506,-0.036153201027594825,-0.03293180622891702,-0.025018351004210078,-0.03602714167749824,0.024912782642233976,-0.03571029663413008,-0.07681192120928931,-0.028575608213032632,0.027656483199627154,-0.023883124606686987,0.011365069642478257,0.02982770585477262,0.03411523664087722,underdamped,0.7478465619604471
1.0121063451961048,0.9433312218317992,0.890869279534053,0.6762211757549252,0.5347200498628121,0.5039772418853549,0.3341675073797024,0.21149486912153023,0.14441831886866227,0.09359503446700577,0.06001317718244253,0.01001294662433733,-0.03020166010273917,-0.010404358461781315,-0.007869625291549363,-0.031881491549992313,-0.025028834884213633,-0.010493973968031051,-0.00658082957333894,-0.03374598116728457,0.0664135957420948,-0.00556614618060174,0.04879338194098049,-0.013809951769633868,0.07684797746288574,0.001478103898696936,-0.011565333292887937,0.07799953023814685,0.013261258444096041,0.011543562492083258,-0.010873003237993381,-0.04525656399266368,-0.08084800389343608,-0.012518079183523994,-0.0064596137922075065,0.0011576974400493052,-0.04356784746267556,0.0028417378644589983,-0.0018616512554037264,-0.024521643500463652,0.06461175194445219,0.013367418331402686,-0.01672900809805859,0.016281138813185093,-0.001373193655027313,0.011671540057570155,0.00627876098485077,0.00030970424182694665,0.011710671912334962,-0.017887846624455146,0.009156743089628317,-0.019548844833973678,-0.017945471209489285,0.027853190081528464,-0.04833541949244811,-0.04583933066150275,0.042645028855721155,-0.022930057477286783,0.04324383420302218,-0.029723017167615613,-0.02635289791011956,-0.04466435240656516,0.051492008135019404,0.040789114759253925,-0.016904389085281583,-0.028931211429657606,-0.031480138998337154,-0.010773503107419974,-0.059715791419045317,-0.013433347594701524,0.0391899853489486,0.024714516943737146,-0.016416149972281788,-0.008483249153282451,-0.0018010090512136836,0.024796364367734476,-0.007933959370926315,-0.012779758026785923,-0.01212449441323343,-0.02762854991841738,0.015062708691035912,0.017624497454327776,-0.02756584274364764,0.017378052553959022,0.01679197642507996,-0.009932326695062572,-0.015309115709449806,-0.04387698481039593,-0.012119133237981496,-0.01188228220421931,0.008817323557636607,0.03814078938823462,0.04576629530660209,-0.047184406866212524,0.02938325146896473,-0.010439795352288075,0.011672792952496002,0.02624908150245885,0.026192670452871453,0.028705856593935968,underdamped,4.9091784859778045
0.9972959131623393,0.9134341229976461,0.8538251968402396,0.6614237081475558,0.43369663212271287,0.14884314186855924,-0.05212921791149321,-0.24104828089502053,-0.4076025007345608,-0.5426171963517932,-0.5391082865244408,-0.5131354841585815,-0.459272283354767,-0.396190513137191,-0.20512318533319454,-0.09274820180442216,0.061209641138816114,0.1735476105357217,0.1741108650497253,0.24238490595494314,0.29957294541113555,0.2877476503598403,0.28242492072376185,0.18751307631855418,0.13900637709503372,0.08865633603594433,-0.002896658483675787,-0.009301460662106617,-0.07494883649610587,-0.16493000821894255,-0.1313187892015502,-0.1579681902863528,-0.15682810752903173,-0.06240062847225073,-0.050933331981903765,0.05307927531578219,0.03769284506756804,0.057417710341767944,0.03316617002797401,0.07800483265784307,0.042241087424714496,0.05553230506584597,0.054872210809984306,0.0414289552195409,0.012730618835922768,0.02606750177175091,-0.008767396966750152,-0.06419560398112772,-0.001742203135693298,-0.03259607854665919,-0.04174913862409557,-0.022728055709863308,-0.05231329383712925,-0.011176531984099538,0.024486805389325593,-0.06850982080968306,0.001956399882902236,-0.023191795693957632,0.04702811119596506,0.040020340467571955,0.03424663563511683,0.030486260592843956,0.038207861061426734,0.06991063053137662,0.006764899119142652,-0.04217797597644233,-0.0328030476781104,0.02649079736713244,-0.04339010059220484,-0.03437714805764977,-0.01858087819303715,0.0562524690526016,0.03280167258567088,0.025430971290587214,0.014358386595200053,0.039536568494408966,-0.05712598776585285,-0.018298453952516645,-0.006902029088066166,0.024165508625281266,-0.01737953444011836,0.009961082378701686,0.017462034562658005,0.030942693277123227,0.008355226459447399,-0.007142465644441088,0.006444326536695064,-0.017419562029758744,-0.004508084656972149,0.013335229791345608,0.020806703403176658,-0.0063931759272064835,-0.023916762628286084,-0.005347519312878164,-0.039242644468969176,-0.010860827967555902,0.0015158474468470056,-0.0030620339029134324,0.005217714259330679,-0.012847603379147123,underdamped,1.2469460374456398
1.0129322977914577,0.9401341457895327,0.77474918056397,0.704555726203944,0.4512714223073073,0.40642473571277354,0.24475909741502655,0.1294086412409627,-0.006870800138398981,-0.04286826283503729,-0.08026319705195697,-0.14301363765778063,-0.10355556094383052,-0.14875744679374514,-0.11888443448816877,-0.04809203837497499,-0.09306200656072462,-0.040946165089257414,-0.05438454838137681,-0.05709911014743829,0.015205984626947638,0.028962005381250065,0.01015402793894681,-0.0018081400383642664,0.004611494772572963,0.04365244982204608,0.015660812646838378,-0.04115239933250828,-0.026300801434791923,0.019420354071457896,-0.02493176622590857,-0.0040661102492675185,0.00022744219336535965,0.018598399881593022,-0.03577825704568694,0.021442005578718844,0.000572502936758913,-0.0025923756741180345,0.0014338104219155615,-0.048683411865504365,0.019924106314457277,0.04487024875745582,0.020871259950695206,0.0176343848605362,0.032169078843944536,-0.018737722251933063,0.03501920025511634,0.023399795356685526,-0.014068411418658682,-0.005940205471879797,0.028803451813971374,0.018836638367589847,0.008364466957712537,-0.012165601072862929,-0.00936964564185074,0.03594904864234606,0.00805042891933986,-0.003970726247006718,0.031608312767586924,-0.045312969683149504,-0.03735009539833222,0.0033759514070038346,-0.01963668322421689,0.01081932573317721,0.012629219762138568,0.02198754656735995,-0.03392717193236178,0.03600267157029593,-0.025233374996267044,-0.012479678008029979,0.000309859547006021,0.00019527376178032912,0.028389215178694204,0.06397992633405006,0.006045120842065921,0.011498096861506315,-0.015917016316141556,0.0015436414980345289,0.015870452632143033,-0.03358780028534949,-0.049305225148521384,-0.021351866643818884,0.03580653236947326,0.0027870084067069165,-0.01982167859179953,0.018575615604495853,-0.010924127935142795,-0.0032397125612551154,0.040533169515644736,0.028242152375361887,0.01512998277821703,0.05162510554189118,0.0423375900420388,0.029280376348214635,0.001139209767636187,0.006786130703927259,0.0856886447745725,-0.045033171518976685,-0.032218048593702496,-0.009660443119286762,underdamped,3.456768518295317
1.0223115248969128,0.9333532162086272,0.8447813418206024,0.6102267252753868,0.41410834906103955,0.16764838476022742,-0.11805243589096524,-0.34640755260999867,-0.3929075766250745,-0.5096187497803558,-0.539202607064995,-0.5133438201978356,-0.42824767597797564,-0.3814607013842889,-0.18870036010666957,-0.12958276507694755,0.021081077287452586,0.15703848425741804,0.2730374351368979,0.27151890120870475,0.3515487516306992,0.3247142751337238,0.23689267309194417,0.13971940993156287,0.08382550444955628,0.035002737981338,0.021254064955734016,-0.08354700277831738,-0.12981399701818416,-0.20900864712864717,-0.19168508737955603,-0.19658744696635147,-0.0883466515112558,-0.12910789450086574,-0.0591725144759951,0.042243624727794124,0.0322614940147614,0.06655661336149854,0.06858932498406749,0.06440328803232917,0.16803424758116153,0.1267872163660566,0.04277287547003113,0.10188361866607407,0.054985844450668606,-0.006336842903426624,-0.01341675224364304,-0.06213960350640389,-0.04147663079670808,-0.09011337190614208,-0.06964572446283265,-0.08966586613077163,-0.058605513216322756,-0.07616444039430172,-0.09769123810594582,0.05977250930224353,0.028841025826990982,-0.0011253588658553249,-0.010258469006603377,0.06479402999626396,0.04022389448894059,0.05583994910382785,0.040041402072226104,0.006506286042208719,0.007610607950406951,-0.0181008622786382,-0.00821000962648935,0.0002945024009195704,-0.028590784017825048,-0.031680248047825266,0.020430107944062453,-0.03964666163449519,-0.03552928330627946,-0.05027572013216965,-0.04419863166916032,0.0470763192722054,-0.01265411678355283,-0.025899158319934116,-0.0010258945807116917,-0.007495879804799941,-0.005446211808818562,0.04865830233881246,0.011099160482521537,0.0012238283623795124,0.012279395656489542,0.00634333919379948,-0.03339374897620385,0.003844087079695405,0.031565865489643685,-0.03154770063609463,-0.011702349312751506,-0.02100953203893333,-0.001504047063900843,-0.04976710164187077,0.012297508161676655,-0.028252038163759142,-0.02411229860286085,0.05285005329590289,-0.06929738671289497,0.0484591093838323,underdamped,1.1491756873451686
0.9462747345932352,0.9127029862231392,0.8310478206840668,0.6661067973747531,0.48704011730500774,0.338716277959369,0.1297277215971036,-0.03928073153392438,-0.1190876719609785,-0.21213366570094427,-0.260638085972746,-0.1817286844883288,-0.2629204501377081,-0.21681430795150294,-0.11620665085739364,-0.0687483349959459,-0.0668529890208963,-0.018751321275946094,0.007243366623517665,0.0083448618136798,0.03641071228098465,0.0785006254969112,0.07510464073287333,0.041798334406360806,0.06025797058522842,0.07357297310014901,0.007623878558741894,0.025715088121020704,-0.07179333488964343,-0.036140018922863434,-0.008565914338550041,-0.047224367383958216,-0.014965441919710703,-0.052418209358004106,-0.022856904684091163,0.05009687546124279,0.039425481677030576,0.04538252903509672,0.016502403059346384,0.019860745713847404,-0.031188114696189928,0.003021777779467095,0.03610252265402109,0.014307200400389967,-0.013511026499771244,0.00728440546679514,-0.040523548303598424,0.00464909712235506,-0.014801454805671382,0.011481169361454716,-0.04605529612665731,0.04003567329359432,0.04355278512522872,-0.018813098761578707,-0.04977888532077915,-0.015850667001087896,0.008308866247904601,0.00301339581165973,0.009924915307044221,0.002014753758452075,-0.05285789994634436,0.031456666920928446,-0.02527638391898747,-0.000723141028947171,0.03807438052362084,-0.03178024442726564,-0.00788071648888575,-0.02178846472959578,0.024047230743207165,0.007725936294022351,0.009899850399050463,-0.03075552685801903,-0.04289986089105465,-0.05106188262753755,-0.012693816210733655,0.005830896001001059,-0.06064750151901805,0.026423032961184242,-0.04716684604947409,-0.02115406820370366,-0.018003163911414325,-0.0008912182314779316,0.01139265077822355,-0.024167538173907606,0.03015618060215358,0.021306897352888682,-0.029204590771203544,-0.011738729152323334,0.001003889114546064,0.03348687064332685,0.016116431009261873,0.03689078582858516,0.0040163510162672085,-0.016269258128847833,-0.015690450652025782,-0.014308296427747535,0.03944928056159092,-0.01806082392230836,-0.060335572482330506,0.0287527989783482,underdamped,2.5743698794303143
1.0131764060737938,0.9254843053739925,0.8803312499514576,0.7435717622272915,0.652772410714008,0.49960461007953644,0.4483695279478651,0.3284644915177513,0.29593022645505357,0.21459458860914646,0.16540586465915463,0.11620348876990173,0.09863312841115514,0.08889172730506736,0.10484914303953316,-0.008291720673686803,0.086075903535938,-0.005536559005914807,-0.02897779371934441,-0.030943613555135422,0.043638983826860246,0.013583165203924795,-0.018423913472993,0.016304059071890226,-0.01320450856966132,-0.013351078333002468,-0.044839286348777464,-0.03804228988309844,0.03422373856297166,-0.022649734222657973,-0.018354948286192455,-0.04033407465628926,-0.019926584816865586,-0.008158925768588284,-0.025811065424834356,0.008653429898710305,-0.016205955199722823,0.0011069105256752059,0.03727842917862755,-0.0726140396175753,-0.061034615086037344,-0.0002830895208699421,-0.009719518523349235,-0.047305905498688725,0.020616541142077796,-0.020097225783526493,-0.03429217169153826,0.03148626505957064,-0.05120785223418554,0.0006720170129939167,-0.0032423902746079574,0.008300409741299522,0.02815117834833842,0.01518162474677157,-0.05385246986007272,-0.007507667500780658,-0.0043195018501773945,-0.022897262384589244,-0.010860822818967143,0.0420863102639743,-0.02977708560188792,0.01084612733610109,0.019822467177686907,-0.004083559315671774,0.023649849479483093,0.02909710486168518,-0.00382577530076579,-0.021128819247804406,-0.030832242205734196,-0.011841315064442085,-0.03988865255526044,-0.004742355833711487,0.014672544025099146,0.015456131117478202,0.005025726382810713,0.046059973445292966,-0.036227708444986385,0.04799464726997069,-0.029398491272021387,0.036534756232530136,-0.018128812183843226,-0.04722389403311318,-0.018265156037596098,0.03244281162975236,0.02259635497902078,-0.00908131929813873,-0.00797150349989285,0.002386905275619421,-0.023767550012924986,-0.020580896733241975,0.03585246145918049,0.0152165229571639,0.023914394276196578,0.0678686684214397,0.027761485780279392,0.027706992304035706,-0.033811201360343345,0.018042208404281432,0.06713553151996166,-0.007896497833091437,critical,6.230456929492336
0.9842960130698366,0.8643457211172575,0.8419425215526045,0.7059530568513006,0.6027689749995684,0.5112079104570304,0.4355707301126213,0.37446192495502734,0.22378036306346508,0.2056373785300384,0.17335711287978062,0.11794647659057698,0.15343012914610782,0.03925114511166704,0.04138680594332692,0.04876133293050518,0.02308666740878091,0.03812801806208974,0.01221290274824392,-0.03255365379700639,-0.039318230560851215,-0.0265152469099882,0.026690935227952482,-0.010813042320403622,0.012700610212208762,-0.03479818427128805,0.001800458182186807,-0.005971104004858027,0.002635910183451247,0.03128059175667291,0.02775497333917482,-0.0028344058638051298,0.04764789010570456,-0.05283905350850192,0.030949187354694672,-0.006851972396345477,-0.01882411883480993,-0.009947811816492956,0.002294492347272163,0.021311364645660594,0.008160945052611463,0.03273693725165439,-0.0038322573506387046,0.017290235380946022,0.013583963278288,0.018234577911372268,-0.007852335847912383,-0.03488895219438047,0.013953293061496569,0.05213309636458202,-0.017439804061013173,0.03066612348940309,0.003488219013653904,-0.034093332657955916,-0.06965055368222602,0.01088388659893954,-0.01015414319992123,-0.011799499430858259,-0.02095062669375984,-0.036090794374954764,0.013447968368395026,0.0024980055955190358,0.027257664075665735,-0.02379994816111966,0.02105806538822623,0.028927549014959107,-0.041366387885673254,0.011300699052496112,-0.02681164887385246,0.0011213591006819879,0.053679966871290986,0.0431643307441087,-0.008855847188440437,-0.012946166734685046,-0.0008561603043587111,0.024085423560311712,-0.018324295029239983,0.0004008661011129428,-0.01256895370102583,-0.02400892713241779,-0.028361673931045443,-0.022530013346942174,0.035249652338298874,0.009863470701997855,0.033859152715108094,-0.004997431431651736,-0.020800433011970418,0.032533517938772266,0.01646498608812069,-0.04953915279657767,-0.056027153001240275,-0.026802266978567944,-0.023124847067986627,-0.00011051557921838691,-0.04115537146878096,0.022944017230868256,0.0864831674382016,-0.04413611474778937,-0.005851232914179836,0.01242989241375167,critical,6.253083184106576
0.9917513331448576,0.95427454398606,0.8547249695321815,0.728700567537582,0.6470662830273644,0.5200433782572288,0.4428721652005334,0.3538180393606877,0.2902925662599545,0.20514863579745635,0.153352601485425,0.1761800534385205,0.09698387863428282,0.0800275889137804,0.11269760167325348,0.028313042398769823,-0.005596041648980005,-0.00831025254239423,0.0044682124610075265,0.024810278073478048,0.04963073844614505,0.03001955797898303,0.028365897882380323,-0.009413588925467141,-0.0002673423654040632,0.027376860473983928,-0.01356618630480671,-0.008318252156740173,-0.029773728339557673,0.014422773674024898,0.026101508422362932,0.031720055659219606,-0.008245517235334692,0.007221310594705859,-0.023654294317496834,0.012165234621684026,0.0005914085450577107,0.0037614146217714224,-0.028314361485192736,-0.051509942095471696,0.07256095098008573,-0.028046567851752323,-0.00068839101817391,0.007165520639963736,-0.033559796334462176,0.002567830880385958,0.007102547952052231,-0.0247331380145887,0.020817497220557386,-0.025045834450943147,-0.006434553207676649,-0.004690482447728664,0.031244199874700618,-0.014270583610637964,0.008483479889065866,-0.03330772001470856,-0.04639860890611971,0.019893395705819,-0.003594272431447548,0.024007828665320304,0.03847329192318587,0.030210456016288273,0.03687651087613453,0.018093861285867607,-0.04404306003566936,0.01917806339033659,-0.022806860725659562,-0.007756684577051709,-0.018645778402500833,-0.001382438462100913,-0.03798587754547267,-0.05666871525457189,0.008817607323779335,0.04239956687630096,0.029713247778105464,0.014147977338854126,0.03180954425583028,-0.028568359012358737,0.0016457502555083478,0.03319382689931416,-0.023042449788916286,0.02826721050904617,-0.007079362792415407,-0.005615884094665812,-0.029474451390791856,0.0032364862208071254,-0.03551035340671251,-0.013910817334904528,0.041349142595359115,-0.05597807383774597,-0.042749182499561354,0.008625940796612282,0.05672178553915132,-0.03807657951457435,-0.0040070742758649466,-0.0823024581480605,-0.047470213066706485,-0.02224265054193552,0.014952632807818228,-0.007297144447290643,critical,6.245372031905221
0.9961519690904704,0.9106433845680489,0.8360033871384844,0.7234284705705565,0.6497183306386204,0.5101895173087032,0.4160447164031078,0.31682911119971785,0.2921878683966255,0.2692619078840643,0.20617753284960472,0.13937560654557446,0.15183863188677593,0.09682411308312773,0.18018383234030552,0.07636680482574451,0.041898627637553705,0.012717871442462964,0.05965511258709826,0.02432083307200635,-0.016285942776360127,0.05898530169371126,0.014333456900303063,0.014286594021258665,-0.03455269749642424,-0.03643887398670323,-0.04577560397384671,-0.04113413911493725,-0.01903964882524376,0.004928876696820468,0.0023254089037147135,0.012455239176699228,0.0025008308368250124,-0.01105547041151416,-0.009506862305098502,-0.03159282666745619,-0.021626466349488335,0.0368611962449877,-0.026807169298775597,0.039069529676253295,-0.010890026187250887,-0.02518962136369989,-0.02015896740794253,0.02036956563741935,0.0359421531752849,0.007588203327373742,-0.013599008975282883,-0.02499022989604485,0.0545251341093195,-0.0014410274763089483,-0.07174791498189786,0.026782615419564938,-0.005706443788232023,0.0067493475239476216,-0.020157233977843757,0.018160972207656327,0.02364555416716263,0.05125852482976055,0.07381819397474422,0.025128130295139467,0.023285965198549283,0.0021649407747673572,-0.00020864894985978195,-0.0002066745121759829,-0.02351385838373938,0.04087294456804812,0.07063167528538054,-0.012742948343926952,-0.014186648253874841,-0.0403887756679766,0.02702550622211398,-0.015609930524115618,0.038073354611033734,-0.020938221093589195,-0.005345246828615768,-0.009800059144833118,-0.07214574800814087,-0.025017576397834848,0.00335991970211493,0.01658386113142196,-0.034139151885946156,0.02603379753094466,0.005684373136633728,-0.010057040649907917,0.015816148673264672,-0.0009127403971545683,0.06561780978243642,0.016163752229800887,-0.031371203518776834,0.0019676683760846032,0.017124526488938616,-0.004283433758029669,0.009958381260625761,0.027036126887339144,0.014147383098121708,-0.04462394113895771,-0.008046031589914083,-0.01806871075518422,-0.011879529694506763,-0.020101568162373202,critical,6.410073372603736
1.006718340274231,0.9982169776623477,0.8940226837097675,0.7705552454347955,0.6160499718548812,0.5351596824429902,0.43692075549932335,0.28991147722713073,0.30152927226790033,0.21018246667308807,0.18239289902244232,0.17528134646228666,0.11268201680322075,0.07414253410841466,0.02552199764477752,0.0037313159557685258,0.014628914434574179,0.10369269337453352,0.07198459569854833,-0.017905733606955344,0.0399273460138398,0.06669906878628362,0.03837279614230117,-0.016269634393169585,0.014678519518347435,-0.00872261381369896,-0.05916808964470811,-0.013039599034165334,0.012019906173353894,0.06690531400587592,0.016308886147549034,-0.010575005206627802,-0.00655849271963561,-0.0391965250085097,-0.0004465431162878862,0.006158737967006957,-0.006562650577059092,0.0005565143948189692,-0.016323359540409404,0.009447588596066472,-0.024302928151928634,0.02696582745051626,0.011298970851552244,0.03244214743480258,0.024646307263826505,0.03844977363074814,-0.025969819645329524,-0.02255898078563262,0.001996683844144742,0.014676655991005557,-0.0032047039042853317,0.004410731963344327,0.002568752589147839,0.018858440010280746,0.0119651443996428,0.04023921010910676,0.01853998698286208,0.022001949804910416,0.06679044018063127,-0.010331993449476643,-0.02043838261098136,-0.013419427253615144,-0.02414683378047284,0.004086781828574871,-0.04254158629376557,0.03424315914581284,-0.03392493213132776,0.011642300389989202,-0.002008702960841329,-0.025953836248711355,-0.01947410087753974,0.01954206793008228,-0.0333407463438496,0.047306892368289735,0.029947300521352232,0.020741887178122073,0.044652857167091387,-0.0394915310229493,0.015034033510937399,0.024096098739570578,-0.03180697600122278,-0.002655155965558995,-0.07149886783408857,-0.005239808246085866,0.006366040494079142,-0.01932237566353996,0.04739122234969121,0.008309957732043682,0.07037768638624504,-0.007415640156966659,-0.0184984527005586,-0.03837123946364296,-0.022570189947569097,0.017303562582999716,-0.01687048658951588,0.01729455397345157,-0.021954967941223695,-0.0032893266106600815,-0.02267277520738595,0.05011092543162897,critical,6.363058040140869
0.9964949195825571,0.9876309573089195,0.8370639186288653,0.7389341125734386,0.6263802219459029,0.5074388275558441,0.3848395148548923,0.3208139485794239,0.25754940399443044,0.22252725485157887,0.2100463458188778,0.11617757618380585,0.13460432115477536,0.07682109937780651,0.06253548658405259,-0.010161927445070648,0.037417056149872785,0.014223332012347479,0.010503558144243893,0.021291099427790568,0.03498014561925284,-0.005451519479003247,-0.025284086957996218,-0.014839609996729626,-0.01776230071345896,-0.024615904556053267,0.028343095523160285,-0.036172557359720185,0.07793327249234631,-0.06196183959807413,-0.013706645915559848,0.053570152747672975,-0.025566683459406627,-0.054642882796179806,0.006743615066616182,0.0076646757181158594,0.001686678436964179,-0.020102163138267203,-0.03962261758671883,0.005555840523983993,0.007018062443572677,-0.033231613564647725,0.012531787284549315,0.01416123114448276,-0.06150443696183999,-0.03757474060631325,0.04230984829132694,-0.017307176187831463,-0.02533222961150311,0.02573046621484855,0.06947280503214587,-0.05744193715784222,-0.006099904940464731,0.04000085863529903,0.0047573591057228255,-0.0023555826003513174,0.059822126266293435,0.037336951405239745,0.05026643430252634,0.022894624040485895,-0.03325915376149285,0.03851479943954816,0.0299304363735905,-0.06764400873741717,0.01525288432374242,0.044096893351034804,0.009985277107715995,0.04082201738063391,-0.017397357127403822,-0.004058667649920564,-0.027741773271573695,-0.0027163981501876788,0.027911851208523505,-0.0231557915018907,0.0024860154597131498,-0.045391053930970184,-0.04358532895021056,-0.003038525666194678,-0.03222173355504108,-0.004543226832665343,-0.04444272780083236,-0.012709051935339746,-0.028586853580021533,0.037592249931860645,-0.01859427127056245,-0.022275455723450688,-0.004814150878229252,0.008451704609189911,0.007668038996774287,0.015529628139873878,-0.0069094188566335155,-0.006858595852067355,-0.017815489890856913,-0.02655550430350795,0.006665330594758705,0.004098056499733787,0.01976277514580573,0.013309730970891845,0.04790950675522521,0.0007376988006288018,critical,6.2804887615652465
0.9829430467273769,0.9502389201554539,0.8627970377785648,0.7902670665255307,0.6380122817817102,0.554452641315264,0.4664090392803168,0.28480006732397645,0.2583713935785171,0.2648567173689476,0.12801055048512297,0.17957281181322354,0.08406613368122609,0.0863468183903538,0.01712655497332495,0.04118208698575582,0.01578088512961621,0.009142194151921992,0.009925084526238685,-0.0193807881097358,0.05952733709958746,0.02066978693649068,-0.0187548286639959,0.029934119426584048,0.00010942488377430233,-0.005117380836650665,-0.04272492029757695,0.0686789482406914,0.005583976468748195,0.008613533305522898,0.043665748600500716,-0.011667372738981831,-0.02895322574131832,-0.003102381894125689,-0.05105383028242313,0.008257491272755412,0.019028800684152677,0.03272176659441363,-0.015401442797687414,-0.01625284221878175,-0.01507859534982864,0.04999759244230498,-0.0020116208891222506,0.03107213585691276,-0.018297516448269158,0.059436878508929335,0.010811225535205369,-0.015576302407168967,0.02770466727179098,-0.017677158373147518,-0.027056449497630187,0.011899070056373877,0.006819664014144324,-0.022040454369707103,0.020394898726188604,-0.03988070845016252,0.009857779432447212,0.02045754250682705,0.014082847102249382,-0.06972692653894726,0.02450083820932493,-0.017509968067661447,0.008439834621989287,0.05754888000011941,0.00014749561316490298,-0.0019302472510911743,-0.04094292468447139,-0.025166986216979763,0.008859438745757103,0.035109878476205156,0.06828663587101368,0.05673996205141339,0.02826723728318227,0.00399315194895111,0.052590817718438966,-0.003479908113467126,0.02896619484604053,0.031091278802761857,-0.02380769034870902,0.009230004965621439,0.06744929027524707,-0.05019172281331071,0.0368851953271472,0.010621136063924825,-0.0142865122542126,0.031915655477608836,0.009497390043634322,-0.0015698532231313818,0.04543811571573955,-0.029559002336613197,0.0024989787144435115,0.000341751283201639,0.016918950608008115,0.003160028571451729,-0.019443460065108928,0.018627046741420097,-0.03613825190175912,-0.03418528715728705,-0.02668670526356576,0.02423198396172647,critical,6.330486554528909
0.9752622790121499,1.0007570706711246,0.8551093340485469,0.7141875500839248,0.6443684151471574,0.5167822937936404,0.4258626645040349,0.3493178569713056,0.2685399218199958,0.2522919530025213,0.20284886584215037,0.12900592040973988,0.11567131646594644,0.09214610985582314,0.016388323039647185,0.04257027130841544,0.04184990659603047,-0.0044195810686227,0.03381051769256133,0.043946527336976675,0.06436064149351564,0.06435527168675126,-0.01623200750103871,0.027569516875470303,0.051624503902448764,-0.04186965763334713,0.023914613515236428,-0.008614928773210616,-0.006000482375100896,-0.018132463602214814,-0.02115583372842405,0.007201051131213977,-0.04299502032280187,0.03120564985244289,0.0020661805950659418,0.006172004247953226,-0.016105403374436875,0.01648035827256851,-0.03215836830070682,-0.04289835051026768,0.022692876418150074,-0.00444878631977409,0.014328102890212304,0.03208125410475636,0.016787710547469314,0.01172554885333259,-0.023233700006536868,-0.013464971136972271,-0.00040083261014036976,0.04608056561602219,-0.03281601013103463,-0.027259187029006177,0.03467382915757622,0.004188696193409507,0.05940189789557076,-0.0018727721420241307,-0.017592399226153323,0.037552054177424486,-0.019991600369072347,0.0010646171146370628,0.052383755137687116,0.032433282389852616,-0.020067074874061733,0.01755016223993645,0.019902047987854825,-0.014701028780353583,-0.036687238947178326,0.016490823935952102,-0.009861509914497253,0.012469812128958355,0.020500746693771818,0.04452434754035845,0.01695361010580953,0.03920656571857019,0.0026325182329284087,0.02874328517679252,0.02817158238361312,0.0098330733302328,-0.04223207097452427,0.02381586303848966,-0.024485298185669756,0.009949856480056694,0.02332141641849465,0.02382156495503525,0.02420997068022561,0.009965962207520829,-0.037461507474422624,-0.023117574559047917,-0.016782721947876132,0.014847756230700395,-0.04047735765198944,-0.04273159869772168,0.03847656851212412,-0.031052185328176534,-0.019154903040639642,0.0032783191210006423,0.015658174481344392,0.02372631226834238,0.007273811096029896,-0.029583455565558747,critical,6.388532907919697
1.0273941525903636,0.932758819300443,0.8535888840714073,0.7421998979892248,0.6117035975159876,0.4769372733979574,0.41960034134706864,0.2880173501682994,0.29644258816757785,0.17819867613099788,0.17428650962166936,0.17041895526593168,0.13317675568525772,0.055064715436710945,0.07697553363865542,0.072066275100124,0.08657645056596625,0.05557390066365464,0.023270127106286606,0.019126543738632318,0.08280325018811709,0.017170778487224616,0.005396309665141899,-0.0013356625527106642,0.01831619976771086,0.03543709061701302,-0.006348150565161631,0.061060453332742834,0.048569911065339005,-0.05724211915452974,0.0021304187144499855,0.039389851055483996,-0.031507099801690745,0.030817994128531038,0.03975602409093384,-0.02703880532924985,-0.022877928180397706,-0.05449501798713809,-0.040584301161372016,-0.006923296279764805,0.02211504956224705,0.03043546263793668,0.03085810875058422,-0.036536348599022446,0.04522038024582754,0.026964717008132275,0.01150128573588663,-0.04632549636038265,0.024383689022751873,-0.019323138625043666,0.016159980595719197,0.004114128894195859,-0.006427670482744139,-0.0003709849632472235,-0.040485654517928904,-0.006855404854074917,-0.02851254398902919,0.04949314987672816,0.011941308002683601,0.0018287710939056004,0.02135669806780515,0.01791639982151871,-0.014395066586028252,-0.009014905530460318,-0.05410259096530553,0.017437557558090417,-0.006746109313655525,0.04056067796396187,-0.02083881893749839,0.0012051066300451344,-0.07869180829745351,-0.029987647612186693,0.03470825153662015,-0.01150317325499096,-0.04552744470240758,0.01462736283523941,0.022067369568066684,0.010253983612263644,0.023197681058990553,0.011240441948645496,0.04518861272395934,-0.005035876358641413,0.022678954495140364,0.02170098655231256,0.02256483250625515,-0.05035055300078549,0.026585429749690217,-0.015259844844542944,-0.006699728610612788,0.0008360231417430776,0.020334822291591937,-0.03668892796455956,-0.010049257343862977,0.00864743247989748,-0.03098311021371811,-0.023762843775634604,-0.068702157532764,0.014267164826289768,0.015562343093167591,0.021665985101689492,critical,6.343575018902303
1.0327037429700205,0.9649650937695479,0.9151355156767889,0.7371479123591809,0.6411764535458078,0.5294405984959479,0.4537529336526699,0.378606551111402,0.2621217569917652,0.21030131125703316,0.16086845359671312,0.12945740372246442,0.13937394409360937,0.07153861675823034,-0.00673113970350861,0.08517748348617737,0.11708247122858188,-0.0010544122084587444,0.08924506518261618,0.03033579387285483,-0.027556099868387585,0.028917324801476928,0.08173984327280755,0.034116522371243546,0.011693916323122087,-0.05711961970753645,0.005649924010846418,0.047872395360006564,8.78692514177567e-05,-0.002080128143152195,-0.027610611912707143,0.00966802013996827,-0.09118123969342959,-0.026058952473943763,0.005030583805524932,0.0650509433469968,0.027282551621351556,0.004219044636968878,0.06747761941488543,-0.03430538150096838,0.07828828474413276,-0.03146038457761095,0.02149339413138643,-0.009257397810259261,6.936777509530746e-05,0.019668090531288804,0.029328062482592947,0.010546857259500771,0.01022744134959985,0.030424736538867753,0.02171634419443911,0.020590762593503592,-0.009063722934573465,-0.045583150523643076,-0.06116140976258773,-0.030478484836080302,0.004002594628680494,-0.028829431957866712,0.031983768113709295,-0.038984943432625846,-0.01830624265833049,0.005136108265975093,-0.014927788393944293,0.00026768251804000146,-0.03410102271938428,-0.007483090669793831,-0.009831462658704597,0.04109782112270225,0.02869488116489764,-0.0249150327415553,-0.033089713717686514,-0.05220486484175377,0.021283172572831983,0.011054405675911936,0.024709093712023556,-0.03145976283769444,-0.04480653410993238,0.001700941105948439,0.023992158536441058,0.005423913810038829,0.005952225645920965,0.0073548348722380485,-0.05438291042409027,0.04414652320386289,-0.008331790967398991,0.059578579582366835,0.003933139530463891,-0.0023353615021334245,-0.039353102479539624,0.02472347824804375,0.01584448305230801,0.06334030128694884,0.03848222107327746,-0.04439484393935533,-0.0016523433111146103,0.03354788049753855,-0.008066388221532895,0.044793257389961656,-0.017762866523889566,-0.06644562040450888,critical,6.271759638866663
1.0541943398921656,0.9251567675333116,0.8584811319894974,0.7095712161885972,0.5996537500693413,0.48094458890927516,0.3935570569055483,0.3291766995976468,0.30789099239420203,0.2173127638195375,0.12570073342389315,0.15845953880469632,0.05245391612433372,0.10765305442596992,0.03552290164663413,0.051138097830475626,0.017183764161164527,0.057099333338130095,0.00037524624180245575,0.006229421217773664,0.0003520985395196203,-0.00984577369325404,0.022171032746887705,0.00995371115629556,0.02087265168320398,0.03679033977556714,-0.034690068045005115,0.0322869363761176,-0.021086040211184397,-0.013775231224853584,-0.031982519894041835,0.037657576476344365,-0.027688858246639615,0.07453235791067676,-0.03274116870961041,-0.04831054602041197,0.03063256733326904,-0.01406767909526996,0.03262715557035453,0.004378422002265161,0.02954339186787216,0.028569006229921406,-0.015006106157119569,0.015167609530462266,0.015974709773408827,0.011225597031214033,0.0029416540064467877,0.013698191833940056,-0.018888748248356173,-0.02317594447548399,-0.0312201203591208,-0.012055925808217498,0.016728332083696052,-0.01462006519408152,0.018980988963933774,-0.015947156101190484,-0.01864014522966173,0.038833947921908744,0.026636161687288447,-0.041204172924229905,0.01842807988826177,-0.03352728996174611,0.04398248379785084,0.025167549464758687,-0.02662770086961558,0.009463709269831026,-0.024320555625424588,0.02566637046210281,-0.020064652537900497,-0.038322839071053334,-0.01995591256933916,0.001888663842791009,0.019498664167212076,0.012851305929860507,-0.007227446000601784,0.0005599698617132036,0.06730991764003948,0.0055946639720048956,0.0006159347024850827,-0.011450439882707854,-0.009740557727632656,0.03230754263865237,0.014594954698398332,0.03621347136224154,0.004828942591753644,-0.04404571720485225,-0.05416540982625116,-0.059698037375159156,-0.04273283379629976,-0.04298706934657491,0.033606980871655624,0.0030239167147665894,0.021456605289334654,-0.0788794703058298,-0.035616964641945324,-0.038666719976972005,-0.00035098664976360546,0.013069057876472688,0.01243514865403527,0.05620831736996002,critical,6.3406321721134
1.0138285804016478,0.8892978207996136,0.883084990340233,0.7378169189277787,0.6683304715202406,0.5010216492649566,0.3778449401997962,0.3555351899551474,0.25583473434742915,0.21588159824035583,0.18868533707765472,0.18206863434104809,0.057783387342710005,0.08443265076634208,0.06074110113237023,0.06363094018766846,0.04656358506300671,0.03531679132391308,0.04342118418967987,0.06552478414978916,0.048822611454308926,0.007983655780573272,-0.04120212166148129,-0.0041871985602381315,-0.01778316444525741,0.0404710704000632,0.009492378784282128,0.02093828474610375,0.07080235463517692,-0.0511609927685009,-0.02065356620314772,-0.016020340126594916,-0.051642738585554765,0.003434123782494313,-0.005149144977105489,0.006225497515318912,0.026500154642590378,0.010684670268893427,-0.040491239414720354,-0.019843940532155997,-0.045084721188636656,-0.0003800842890247275,0.020966825331007258,0.03190177448128931,-0.046668562403018955,0.014209749303954237,-0.00027620222132233586,-0.057672804904609236,-0.008469645168144782,0.06959235983509578,0.01972390451573103,-0.00772927783972624,-0.025215746796605387,0.008154148065622138,-0.00299881964945397,-0.016271916782461548,0.02027030552199226,0.0032115941236384184,-0.010937506311894931,-0.022474893060595615,0.012981241223517861,0.007667258334693668,-0.044078399182359146,0.03637326593372912,0.0076904099224522895,0.015105826471925888,0.015254467100495625,-0.00747885339617054,-0.014983614723012531,-0.001208488187499396,-0.06864469021102139,-0.024469949452834216,-0.0006213186710543672,0.02533835383366261,0.05968566899927686,0.016042074935020866,0.05820539323186528,-0.019288296297536922,0.02231175806010963,0.022783077878289287,-0.003365108906306712,-0.01592486719937809,0.014561259853834172,-0.04868158232016047,0.03104342880719973,-0.02424892505118366,-0.030840141009381615,-0.06294184497267682,-0.013053935157887761,0.023871413998195534,0.042476932176949346,-0.03168882436321871,-0.031727337216697245,-0.017486793830131183,-0.03257247141614015,-0.039995874360862896,-0.08572303287783213,-0.005979578395518031,0.017631980510558646,0.062481874250883127,critical,6.380363611870162
0.9491109891002095,0.9405238257049983,0.8469820005752136,0.7212857729225634,0.6717078611798892,0.4938173550165394,0.3700735646759186,0.31114660736528144,0.2842924100666968,0.22403076237068137,0.15606109489976483,0.14284044729472,0.0390167760029459,0.12736229832418167,0.07568604524316458,0.061662541521486834,-0.02556421440381912,0.010636270250661842,0.04292593879990929,-0.0011472492702238601,0.034256949576404364,-0.021111655397034475,-0.003551737192299143,0.051978987143900014,0.010310912290415471,-0.027378014759222274,-0.04670486489892205,-0.03230905316937884,-0.008940597560322956,-0.009798399131313534,-0.018016346441751253,-0.03465453160070357,0.0030841549650925744,-0.02312759842179384,-0.00785552072237721,0.02157044166197007,0.03895217186523741,-0.0024341304014150415,0.012408795317414659,-0.0322365302246347,-0.029884140272095044,-0.03499676389487064,-0.04091730094748072,0.0030885671485033324,-0.037730134965988885,-0.03912226917350033,0.0005338058103073136,0.025295770245938123,-0.05551318684615034,-0.02269297158713572,-0.00790839126292981,0.03777938159276338,-0.030058289362386137,-0.011376647031798881,0.016998102833650254,0.05207516295700004,-0.0005256485693186707,-0.010266177188131697,0.005955289752438469,-0.021054507992887612,0.00474991072921188,0.011005704435473577,-0.015519162695570682,0.04494560386386714,-0.021880849233956192,-0.0420689706273238,-0.025587993479246438,0.023417503833266847,0.03344154557129418,-0.0003132126010020943,0.061202053184307985,-0.04043050474796037,0.0046150125625354565,-0.05151775465103379,-0.04074753130512922,0.004621722343404384,0.004222163148626221,0.0003159618831817521,-0.024880322990651592,-0.05769887929536734,-0.008162705326880938,0.019585189032858313,-0.056326447857503244,0.04977228364389708,0.03780571055373038,0.04047795992569707,0.032551001629300955,-0.024145072616595816,0.012265959178956494,-0.04830665190698441,0.03918294943551755,0.021247648385993544,-0.027317261874907173,0.04842258679174372,-0.049318484306870546,-0.016809966265027176,-0.03373562746132284,-0.05256597031514025,0.017844120818499908,0.08096463302100225,critical,6.335715532169876
1.03806528209821,0.9567304309087306,0.8193617424115256,0.7625839268584674,0.6252555348160767,0.5416844108734863,0.47447360142385125,0.3433921857189594,0.32271483387256855,0.24161075446578345,0.1655747563255924,0.1309253238500612,0.1133283777190632,0.07751562916612283,0.00951131956853963,0.011972867511263988,0.0193392106540578,0.01792737745814648,0.04914071339430969,0.040931263627879716,0.00270816114792706,-0.0023461871291976383,0.000841646896925622,-0.011598005661321735,-0.019162325684996873,0.004942170005656162,0.004975085087073597,0.0053176242836907245,-0.011417381458119212,-0.029683162800515885,0.056530912867619534,-0.011608526091510727,0.00919621162434311,0.013488579741371952,0.06194830313773119,0.007747321946879714,0.026607473898370645,-0.007858912469876094,0.05676224604897045,0.0356918189813857,-0.0034858534339333525,-0.004206679902621453,0.0320380454964127,0.007843604657893785,-0.05050362340897541,-0.03398043548584539,0.025586015164334973,0.03402649598149182,-0.013633975182222377,-0.040577644500840365,0.03912876584047229,-0.013672322766400107,-0.0032264668851076815,-0.01258753112980532,0.0009247832538435116,0.11022981525509576,0.024464057147257832,-0.030379918426076503,0.014857948890407709,0.010692853812111382,0.00344856794822579,0.04024970428126437,-0.027894137922569447,-0.0021342663970016005,-0.01182388007987668,0.016546493449291703,0.0052492534204572365,-0.013803917132571586,0.04158161615526703,-0.0026116318179411906,0.0076061336759083225,-0.012361239367870465,-0.0011692962924417958,0.0002487450423863093,0.02256480919004801,0.0072877385644118985,-0.03850738740421746,0.016603247767469062,-0.012826716409485534,0.02218363269305502,-0.03817416398964551,-0.05209739100283501,-0.006050981604280477,0.043942536335961395,-0.014006481484147291,-0.004285569731241216,0.02461873455138726,0.014990205337138272,-0.03276514266479837,0.024499892877957837,-0.010352635174556998,-0.026835162874031506,-0.04790523748672763,-0.030453484953079753,-0.0092859837442795,-0.024314721991981827,-0.02968786118148364,-0.03522339172181808,-0.0019821697942014457,0.0038735236697901984,critical,6.342748889389596
0.999901017572548,0.9349911187719788,0.8643822272691871,0.7647414594801496,0.6247560167011642,0.5821226827821554,0.48095938800501004,0.37953345222651014,0.2918666954608609,0.24675605577782078,0.23903293335358353,0.1458829753992271,0.06254755445913282,0.06238986861709235,0.03883772909266753,0.013397216337786899,0.01862465504251719,0.02556912272155734,0.01834689575987817,0.012591022876927158,0.014923532817195474,0.024320448380663655,0.001595031807410309,-0.03671445637705362,0.006747106954689329,0.13918197211037392,0.021493953249428405,-0.0038244967961138443,0.0076077096108446785,-0.010464717139673466,-0.06455023809469478,-0.04306534681451103,0.055787001116487885,0.024040923969403716,-0.005723888011174589,-0.013194733281865946,-0.027488227814835103,0.012153272272584064,-0.03044828796469378,0.015462759029291099,-0.023701136779163308,-0.019710416574450183,-0.06324785813627189,0.0006435311066257873,-0.031417804144564604,0.015504482924770161,0.013833588724905435,-0.001397272348263302,0.02499456923124487,-0.014703742613680845,-0.03877952925826273,-0.01878151341598971,0.005919256412625671,0.007750707019210516,0.01895210874089088,-0.0645360657311833,0.012254952345835167,0.0008714915422690559,0.0022794385291885697,-0.02009702918241739,0.013428701692384769,0.061986547220048135,0.02351289411925815,0.06294010499248326,0.0682403457700157,-0.027635412413878,0.0037914315417188014,0.0014530435414624595,-0.014421154052559025,-0.06638616931278861,0.025097489696671922,-0.029009045173617985,-0.0015911084080093211,-0.018369618147445095,0.019929277075594793,0.014899339290845385,0.011653931924484346,-0.010375731989256507,-0.03233868714416289,-0.042037887900033405,-0.03984092731987012,0.0384510527850072,-0.04048870474121085,-0.026334278630392262,0.01704270386024643,-0.002704915068574426,-0.013965292417556566,0.015384862401006194,-0.005065600045628029,-0.01864951988292627,-0.033528898283388196,-0.013071718338248866,-0.02582131318769019,-0.03930501793837042,-0.01956604951830285,0.06778632217555285,0.01446810831221735,0.033070168220215544,0.01654829393892587,-0.0011858157497637322,critical,6.347442164529321
1.0390603538542318,0.9360682877069061,0.8922815505336528,0.7810583293319605,0.6664418449062094,0.5166433593483701,0.43333214743324755,0.32220055443287954,0.32698464706668284,0.2543939621177805,0.20732090901512115,0.13967800198849345,0.0693250145996861,0.11683129648266047,0.04487257874688541,0.03351156620761128,-0.031023965933302575,0.04288210548168304,0.05199274388546318,0.042930463143855645,0.008121725389621179,-0.06354252609570496,0.002761606184966816,-0.01571425901378815,-0.005856538161133339,0.044870182626763185,-0.03760161626001299,0.0003739342849043777,0.016509933649264147,0.05305183133749261,0.007029731525512532,-0.017360368727493657,-0.004101377600446717,0.030214826750559164,-0.027624436425035214,-0.018935597191034437,0.039446590182743796,0.016875234719866204,-0.03634358809303142,0.03329709078774395,0.0015657892064940664,-0.021699382940752764,-0.019888827906081354,-0.01210868839258965,0.03276857318294509,-0.01164921425756801,-0.015598846517015907,0.04583265203557547,-0.005331627405577123,-0.0287189209325417,0.009405185801998622,-0.05769749806735014,-0.04134557495026302,0.043518015872733795,-0.06200249329010604,0.0024430900392077588,0.010992408946492841,-0.00819865498715385,-0.020269496038171325,-0.07978119711092527,-0.022690084034683,0.009290023760659058,0.011624190626068297,-0.0008520080714070875,-0.013756870421122334,-0.04331029868346498,0.02719873071889541,0.02298966640139951,0.015544037344749118,-0.054773311904224,0.02950984631031186,0.027638205714574846,0.007238801853679,0.00698403400933113,0.03668313159692125,-0.03794888016677287,-0.000678406266195958,0.005495170832949797,0.05415869357559205,0.009958108078751611,0.026938283063109667,-0.006171078073992641,0.039660208069927795,-0.01875215522725423,-0.017577513318804163,0.009217113390768967,0.04109729300945838,-0.01609657280730892,-0.0128456128561701,0.06345538962146656,0.03635259851736844,0.020298144713935193,0.01877030753324315,0.003799878355203985,-0.037038435785402855,-0.010596340942324613,0.04110473790399969,0.002856545394826671,-0.006400372385488471,-0.04950090576354546,critical,6.392487419691954
0.9907394002915932,0.9717276173798728,0.8895961463511457,0.8011867292723136,0.6360059603495931,0.5637404223993943,0.41808793019990553,0.34015211043518767,0.2845728832837938,0.20309580941965696,0.1414726350061514,0.15723588926085658,0.1030758485206729,0.06114232651644398,0.06294366368621199,0.05581045990002499,0.00903563910810887,0.07436334498192301,0.025034700387272953,0.04375782335265514,0.034578500241711135,-0.018688210445539144,-0.003439752151734957,0.03783562179143636,0.025964379124254977,-0.03582480590423645,-0.027850070391556396,-0.0018239933521045954,0.018661523637192905,-0.033902352549402985,-0.017215445472745252,-0.04016323880844027,0.004025293325448954,-0.04232164685597427,-0.009604559015150883,-0.03474973534174659,-0.004735373374729416,0.03203483855584652,-0.02641368466266334,0.021355319256844855,0.024788497364944293,0.05986181855600007,0.08168200282246277,0.01959306637255435,-0.006951603100863895,-0.021629939833447895,0.03454188552627977,-0.00434032360911856,-0.020921886155224192,0.03505726489901845,-0.005925551220114681,0.026942578764919095,-0.031167860151416947,0.014615206104948984,0.049863905490141795,-0.03277122818895227,0.013448582983455781,0.015674093585708045,-0.061384879996950394,-0.007070170237916409,0.008626550229099398,0.0069166111320596154,0.014215423914560477,-0.06455069794819442,0.01463300333271517,0.011455309161461917,-0.002508015083242512,-0.020551279382424483,0.002292394786602918,-0.003755470003818232,-0.024598576074789127,-0.005606683304214551,0.01097554189024395,-0.009717336782305953,-0.024514087100789016,0.013195451738589593,-0.05445992658140549,0.012074366672536146,0.016937644063397816,-0.06604695844084055,-0.0037412905345807343,-0.03917976639664596,-0.02317661187016611,-0.05816972409243185,-0.016031422426009537,-0.009338271090852479,0.03213341588281276,0.008255884581509712,-0.019043133689071158,0.028208210281450687,0.011089032673914524,0.009654829878112654,-0.026301690670261856,-0.026129580773164865,0.016381651478167218,-0.03255866603898602,-0.000438535695639502,-0.011212176001089614,0.012163883980713965,0.024654964742593325,critical,6.393961276753161
1.0175196544256047,0.9646079551893938,0.8285751687454131,0.7289040970818932,0.6560023161034134,0.4929879213388147,0.4724781162436254,0.3529400103768845,0.31102561566395537,0.1847440363680078,0.1826795200284916,0.10197671374886044,0.15806727164278833,0.08805378445247304,0.043003148544201175,0.04222670344508135,0.013157782562901517,-0.049838447822241505,0.0195979462060894,0.038760938848680246,0.04604998893761164,0.0064360791506629395,0.041592423521464174,0.012276301269725981,0.020334218951359007,0.026815988409574363,-0.0007152591214206806,0.05830444463720142,-0.01818180073053486,-0.0034119246471687914,-0.02003255595086953,-0.029277263560824753,0.0557531365209779,-0.001760032913285452,-0.014157825795964904,-0.04876488247485065,-0.006273532753314482,-0.01894394574907331,-0.030477482269765044,-0.031889457248434706,0.04223228191846167,-0.038610699065053884,-0.010989243050161718,0.051262544431405016,-0.028698442497877955,0.0035074485679876966,-0.019664395847522515,0.022135239386549925,0.022552146655027753,-0.014649033007193984,0.003586048654170373,-0.028316546757238818,-0.037202393364264875,-0.07420108187845646,-0.0028342128559542103,0.019305368970478087,-0.006705518871725579,0.01031884604593265,0.02119177544909206,0.026290389800692787,-0.0161175678854466,0.039805297511435266,-0.015232021999176877,0.0055431251912302325,0.04088789465766573,-0.04792279667594568,-0.02450022390153485,0.003018294345442869,-0.02726574083705266,0.02660491092487151,0.004615051479452786,-0.004583031616975606,-0.055801271695869854,-0.02030172985117913,-0.03649623263384135,0.005602186441076072,0.028417657231370155,-0.005326421893982664,0.042409817773352,0.003558840348685546,-0.050580449984400346,-0.07656491562666402,-0.029106443366232884,0.0016762693019211387,0.019665153009526145,-0.01547141903459068,0.019588138502659728,-0.02193766080124959,0.037684494205987296,0.01279482997710379,-0.006383790631555219,-0.05420712168061558,0.009217781320752324,0.014937581985677975,-0.07124329557859728,0.038859113323079404,-0.013289137039204972,-0.02231778812200165,-0.00022473127287240914,-0.02302732240747307,critical,6.368387252418618
0.9988792550999014,0.9142344309767525,0.848487005360903,0.7742248572924598,0.6785842103677927,0.5150976428471329,0.4687583455324008,0.3762610172895906,0.30972573143083676,0.16757404632043982,0.12591594715802878,0.11574057679203645,0.16691690462898462,0.08576249664427213,0.09435802331921012,0.06809933894250353,0.10441077064325277,-0.0020242059735697815,0.039015319984800394,0.011138429982624567,-0.043663749730903784,-0.0029179101404838165,-0.03378055034589106,-0.0020281453852250414,0.00010003840611893817,0.016630582745088256,-0.00867360374514688,0.01914429759625263,-0.0486421650649567,-0.031341085801160004,0.0320644311018383,-0.024430286730901977,0.01980593756237428,0.0005396536935434519,0.011348617250194315,0.0035223484870079104,0.04962862992657607,-0.021926918704318354,0.01085686187897565,-0.010611485941781962,0.02547761619980009,0.00250341185644423,0.03468803563712642,0.020151910881945064,-0.0008438997886843952,0.029476898913734624,0.027737664115339736,-0.008937055060630304,0.012777894026546336,0.028294637634421187,0.026352647653865375,-0.014825160319055388,-0.0005098659484297267,0.04373989875002468,0.006799390107692823,0.02935806185862078,0.0451708126925547,-0.0674092647085625,0.0192718241304423,-0.08507433167308528,0.01483335504553585,-0.02978428055830812,0.03978042721692902,-4.291071920473806e-05,-0.014389643510648475,-0.03644988834795799,0.003811693050492582,0.0014024690796841629,-0.06972478028284247,0.04241676697024792,-0.006945210774439229,-0.00417745807750238,0.0038405681032318913,0.009422150547782603,-0.002816738557410202,0.05903581599226721,0.0003346349403172016,-0.04184075108178816,0.021907414794785633,0.021092104357714796,-0.005784112487255788,0.005884410055633568,0.0005844824584725754,-0.005083929013838646,0.03901032359865419,0.002087714479700915,0.0005124230850651776,0.009506769261584551,-0.04450746016369061,-0.002992100056134461,-0.016113113549956527,-0.08653021846091478,0.058991287408164186,0.010862429230573964,-0.029426237105371976,-0.026688397740955886,0.010693630232312741,0.015289443698265688,-0.041252451340721634,0.0044238294687919105,critical,6.362037945789328
0.9601875765643522,0.9233389456388302,0.8752506697736971,0.7944188725137457,0.5886623979040848,0.5425487527014787,0.37403768328703724,0.3322295276021092,0.24973504062486476,0.23490404006788995,0.1711812598028985,0.09192437864978878,0.12009535312322314,0.13029175022218376,0.11888046873692273,0.036323329469754265,0.07761781336487696,0.053220646797406054,0.04408809319797711,0.021007813049234648,0.05614743702113947,-0.010150844922815613,0.027332721137819586,-0.02033399468989987,-0.014706291843273083,0.022862975918130038,0.07050899671677809,0.02484020621078648,0.032567933072697085,0.03033052723669882,-0.025028619702313768,-0.08108669095109812,0.050246758029287984,0.011865624314702035,-0.0015689643557409943,0.03598510916414379,-0.03427310981896439,0.019285469113211197,0.045924913893167905,0.0010330286362133278,-0.029010910170059703,0.037990337449156995,0.0247726209935647,-0.050857781737976664,0.032317453653967904,0.028103582800104884,0.024788489282695884,0.013828535672515132,-0.03142839555335035,0.027308033572399092,0.028901053956781202,-0.0015380339891183478,-0.009574981539132011,0.0003032214371715215,0.04815278827271126,0.022362741157824516,-0.01447357155534868,0.004775559401057253,-0.05341446878114985,0.06220510937797442,-0.008445271192282704,-0.001761808994774735,0.0053324447467672995,-0.02451163972003595,0.014673551458953604,0.05019933743682308,-0.022724375129487766,0.01756706846631639,-0.01517065788091658,-0.011496149753590635,0.06209255770968682,-0.05678262871527894,0.003332468597679994,-0.013582856755966228,0.0008057937076674498,-0.0001925299173151332,0.05265829248697218,0.009105708984275419,-0.001051631968655489,0.037521869364234524,-0.022266710483161294,-0.010083215208211973,0.029598563286808235,0.01899299049103761,0.012034050229575424,0.015357851349760428,-0.03263757240237448,0.005978302702002756,0.020326547799908452,-0.036216533008733606,-0.0012632579362393944,-0.018060462041771533,-0.008836908929095031,0.011367664434500482,-0.0206381219324267,0.023953065450520266,0.01669125730488182,0.0012450649443183823,-0.03174225879997705,0.012939490731469704,critical,6.404927356957227
0.9545441288512903,0.9187530712062932,0.8994339065787522,0.8049826224827804,0.650265793888979,0.520871832348796,0.4503631940483649,0.3102971025226416,0.2448502533431362,0.20422459964721634,0.18219693343690294,0.11346336444544483,0.055876314646747596,0.03295980244846779,0.048876632373865005,0.03306338492481062,0.011380027686904985,0.004268595743339702,0.026715077304479282,0.04369228973944874,-0.021066662325163216,0.010846102221226341,0.002347470856011942,0.003428986420183143,0.018588013010088507,0.0017200463034846402,-0.01152731954451963,0.028586395216631366,0.003914175013995289,-0.005964148408096085,-0.003978327866085298,0.03519105877193989,-0.02750077591827407,-0.025098904933491404,0.013223378058353615,-0.02962635474449799,0.04240375583512792,0.005104469438159714,-0.026731787918007083,-0.02495250252091265,0.042300390529264355,-0.0019195126628574898,0.022041420443783048,-0.007946166258950558,-0.0060464991670838575,0.04675426348835902,-0.0316049440039256,-0.050730241607856795,0.04398933983578806,-0.016203149553516254,-0.028265076684136872,-0.00380582227863208,0.057838967643079504,-0.02651478777761427,-0.003470190880452295,0.03880424673289428,-0.0031444075917470833,0.018890846470129445,-0.01981638406749197,0.008094989043987613,0.013527297313916291,-0.005939942690196077,-0.000697598002331635,-0.004161912652698242,-0.020137297525353988,0.03643189625156309,-0.01413520996532827,0.04616337731730045,0.006557225830819335,-0.017451668173687408,-0.008685630470969246,-0.018620153373962077,-0.027396123619260488,-0.0032826387639800256,0.03356060695727515,-0.02616457739307149,-0.049231154656200996,-0.00974595402211507,-0.016839208371014085,-0.0005233701390306773,0.029274571116708482,0.006454445843556227,-0.03462532215091576,-0.006723976839839132,0.045834677899151764,-0.05602396249431266,-0.03165392153879701,0.016313832953251315,0.0032075063625731843,0.002604191780263441,-0.01761354296913709,0.008969189205515087,0.047132088826096756,0.0006531243416074158,0.012472284778253328,-0.05099909993871255,0.03966698279036339,-0.019468955956492763,-0.0012838492094862722,0.030281000479907533,critical,6.3525041099310116
1.023544242396825,0.9577283218428684,0.8807470961846701,0.7678227470531416,0.627291513931453,0.5109900390613427,0.42186041002931246,0.2834029893178916,0.297846613094524,0.26532779237317794,0.18347092160242917,0.1265000924225154,0.10411147169548884,0.0816242413512086,0.0733121303737282,0.034721126169043416,2.7101306269289305e-07,0.05872601134929009,-0.037031928533598026,0.0239371490777516,0.017591231228172126,-0.020736814833796365,0.046504828346270184,-0.0055344759750246796,-0.040707282863104835,-0.017838465876643953,0.026941557378573865,0.018100857174927654,0.009207623632535303,0.022144571894390105,0.012609149325983756,0.04335836236398797,0.004249017133314992,0.0566127012901789,-0.029059460430815583,-0.02707480565416797,-0.012486843205467226,-0.004489291599351369,0.0442692010577329,0.016845563984662852,0.012194899299827363,0.05309802765861401,-0.015988117092246425,-0.030254226090258417,-0.050870818853127935,-0.012058440547781005,0.0010237593799281785,-0.043297567338959474,0.029322654705908585,-0.01773874190081808,-0.0016495090581394585,0.01484221598475184,0.006873800338343332,0.023811312005486824,0.025750258499498902,-0.041612453699508556,0.007263219809564192,0.02047892093815138,0.04584879860740287,-0.0031161520403052375,0.0033810304798017822,0.025697015001412925,0.022283032401953697,0.008550832141119376,0.06601411178836081,-0.014314439271188552,0.011029862525444932,-0.025117420111354455,0.03913171286405789,-0.014394552882140603,-0.0006140287712756472,0.035843070742307304,-0.005191536881969604,0.011729114828214005,0.07117208428889614,0.008978282505829938,-0.002321356253083025,-0.007919601369659865,-0.037871963181973105,-0.03493115084147308,-0.04467466770516583,-0.013354639691979838,0.02220078586930539,0.022777464999202565,-0.022886841423167006,0.021177314275892273,-0.014659453897027096,0.0055641064874485755,0.009210384988535379,-0.021383408299349316,0.03431506504178542,0.02974447534817117,-0.04130143206645545,-0.008964768173877305,0.007991677706635086,0.009183965033150828,0.025272387461722903,0.006998295273286699,0.007559489500670245,0.0075716737224531365,critical,6.297706409156383
1.0189461095168342,0.9663623211717307,0.8411261700219712,0.7545375496660509,0.7118232399424296,0.5578275667612346,0.45715500846789525,0.30584243089812935,0.2837935749767915,0.19983601917060617,0.12051573347768499,0.10624864980520943,0.11745832310081031,0.04938810614956556,0.04967709407819816,-0.042710632319775954,0.01276162246976054,0.056562453786262824,0.01383789508297318,0.008530054768146243,0.06674110037391524,-0.023079517377237117,0.03876282396338197,0.011870429093878962,-0.01039063571351084,0.028378275481487174,0.02868026453133722,0.0302783906827454,-0.006204824352304104,0.042240841517140526,-0.009014019982504638,-0.03156587276955777,-0.055143929126584446,0.022073553337771466,0.017473439415111855,0.032011893142190516,0.03494061074210033,0.008206154961425929,-0.0063329170004549126,0.02418267237337457,-0.007779459093856662,-0.027267872909994977,0.012566974364287987,0.010886697217602576,0.022002776894923512,-0.058050584394876543,-0.008664865876097667,0.006947289668167432,0.00015293824076373906,0.020902349381499808,-0.003933140135629532,-0.03784705043010989,0.014096815061354602,0.07060607916272917,-0.02623917816325829,0.005124700797291797,0.043111430253382446,0.000729421225588351,-0.019469140051757514,0.0006870493186613973,-0.008754823214818377,0.03166980584466949,-0.019097295732626446,0.010345397309890182,-0.01361993909119551,-0.03643351849323697,0.0348727876221464,0.017679209961078673,0.047521395308050336,-0.009644196063518344,0.02332686171769884,0.047674931887857236,-0.043149702986357626,0.026013410401740666,0.05559663998012681,-0.017255194345213984,0.024601315693859357,0.007763182395256566,0.045235298365120975,0.0033227942149949164,0.01347047344605381,0.005065454067265496,-0.06696508942169092,-0.024344458326410943,0.02237793465025231,-0.027909844450053994,0.027368461178522475,-0.003517134559468285,0.018949685924568267,0.007287921697995131,-0.04764225238636555,-0.01971006921477714,-0.018250044127652805,0.005443365092259683,0.024017906571338548,-0.006629729471913009,0.01893103802198983,0.011891848452589194,0.04162017944300496,-0.044119493822374886,critical,6.367289277572047
1.0102576312500633,0.9537791574420335,0.900295519868101,0.681510777792022,0.6430597361156877,0.558602855023475,0.4431490927998211,0.308533228776239,0.2972513456640051,0.2227993091206418,0.1895024149312985,0.1030284216492938,0.10184841593534953,0.09754674017902508,0.06851737866238605,0.0239396985289665,0.05575891909990742,0.05202046563606645,0.027476113856385584,0.02179018502404661,-0.06632007341925762,0.013356472736688876,-0.009059411931413302,0.042656936818267,-0.002325284178134106,-0.02675061753160727,0.0240686391445427,-0.03873360637550201,-0.002492728188239801,0.01183484044070642,0.00017281419748964592,0.04001834365123673,0.0009364381344674141,0.0451247303430094,-0.020975743987085887,0.005817721830390693,-0.04616256029690882,-0.0031364242118434573,0.008169274568288814,0.00846187148624561,0.04508949519549829,0.04081948110763475,-0.036992750560764724,-0.006555266084063586,-0.02830064081334499,0.02288708129482387,0.05510938032507574,-0.04065524663710772,-0.02887731310560383,-0.012069611055264403,0.027984999610604938,-0.0016627452794387141,0.0003481171834046456,0.08607645576795324,-0.010744686538296005,0.03300209882741998,-0.03936775451295932,-0.03297439896169654,0.031896721720191826,0.002552397321998153,-0.005174422345280398,0.0226516497966034,-0.043588078026537844,0.004862624595239425,-0.029209665537086354,-0.024427498345417485,-0.005989626706744841,0.005163243471550093,0.0050745648094873115,-0.04701522932477469,0.010198773027851318,-0.008997979721020882,0.05798011814860692,-0.009927644205298332,-0.0065287289894838335,-0.011671431518260984,0.019891244912875916,0.07205895908148538,-0.009624663479183334,-0.004614193916330968,0.04293725067611538,-0.005310700248785815,0.03978032537575302,-0.036618740785090906,-0.0043525766007823565,-0.013193681957275806,-0.0012994986331265797,0.03384521952319629,0.010526606021300724,-0.040836520181489054,-0.03735466575193036,-0.005027988824834982,0.0014403195311993111,0.028600233440229394,-0.028862138084623977,-0.013734587878378458,0.01968066495838798,-0.019426903500709667,0.005749979870952136,-0.013606350226707848,critical,6.413303501159632
1.0486453096712025,0.9847841984641938,0.8545717705142022,0.7801536413624781,0.6225863185417289,0.4728219121694579,0.41178918408096893,0.3148585180857261,0.2458069864800618,0.1928175851994107,0.10762989766435607,0.13576586118925876,0.1325860006594333,0.10332909674448652,0.061120900555160534,0.05616428649025117,0.04031107169773361,0.04560059366647805,-0.04680121739051696,0.03814223777321162,0.0965213112723213,-0.059135459381323585,0.047366748325708814,-0.006642997321375173,0.010841892485789234,0.02017166361372337,0.015139624430092757,0.005527178204472065,0.042425709154197716,-0.054531039766442135,-0.05904844378735538,0.04343040303004523,-0.027663189990975535,-0.007616391379552128,-0.00255922278620385,-0.04791062534519739,-0.011893943438026305,0.031178965542418176,-0.06570763235307689,-0.03622062167397236,0.01569227765288469,0.039489147826206404,-0.03528075082128077,0.019815688869523205,-0.07203303172743941,-0.020115782733756467,0.03042864509313276,-0.037584393414209626,0.07101907775653865,0.017219733040484467,0.020503989505960014,-0.009659027718977992,0.02598239998130609,-0.030730905137261868,-0.007540817006337818,-0.00790297101921049,0.006668755235684534,0.039123986958781394,-0.009175419942816785,-0.01087195670670865,-0.04371489710412289,0.05087237960960467,-0.046414399858493514,-0.031112220863193464,-0.018403594708964705,0.02617003836557505,-0.03330237206340113,0.0003887756233522386,-0.025961348626317955,-0.04004085267227526,0.018790470542261583,-0.006677363495117787,0.01361452112420105,0.005311931853857381,0.010383297838702912,-0.013012331116747732,0.01712650248824936,0.02633002112629304,0.0007886546059264055,0.04822055119107217,0.0067687659632659335,-0.06635127981039012,0.05104693630863794,0.018017318439750032,0.006962677072746723,-0.03861864674336425,0.04251526496750722,0.022837425587997208,0.04934838695547518,0.003631486438618345,-0.023151915159386558,0.0071534849496829225,-0.009681572517226612,-0.007769392460300146,-0.03196348111826024,-0.008863094804959056,0.046755952841918386,-0.0046070584037300405,-0.004182868955763342,-0.03295987826165803,critical,6.24949991376628
0.9838863203522001,0.9423577116941645,0.8494514301552919,0.7211264398614874,0.5470006053283291,0.5216667987704275,0.4395771974564342,0.300554565315753,0.25602284972622447,0.2009532614505901,0.18842877653842202,0.11626794045486495,0.10839108759006352,0.08125311010238451,0.01741036803767529,0.03998618164812952,0.04159517547590492,-0.01766345693766644,0.03763635946357656,0.03695352902853385,0.06885119772152162,0.0029993135926554256,0.03271245503013594,0.021147309586104945,-0.025322940667097626,0.05678565299029487,-0.039839082239992,-0.001962740259240176,0.01983117488285843,0.0225033401009487,0.03430382301703292,0.029929032504690416,0.011265631456249826,0.04051269403732353,-0.007985619145375098,0.01613436221196051,0.021078810098025688,0.006240417272237074,0.0015521827252404394,0.009230914723526893,0.022515962946989935,0.04192427878506857,-0.017408720665612942,-0.0158210409420352,-0.010597074565631498,0.01852135658904537,-0.012366084793465498,0.035455251798305346,0.024601177234096744,0.00013452129469467046,0.022635431439030736,-0.02069078026468976,0.032030238161504326,0.05196629227195988,-0.03119936155589122,-0.04573686368720593,-0.040565129898554715,0.0064192062233712575,0.016867739188742983,-0.08935677705151787,-0.002605757340077837,0.007671031317691953,-0.02169513646403186,0.0360819145756859,-0.03299870664483082,0.009033668204980713,-0.010287834929980942,-0.037411548255637986,-0.0010069196160652036,0.009201948697007408,0.014767112347558177,-0.03132377379516354,-0.05631963221291537,0.022336912666378165,0.008330647303052285,0.0031406120978007385,0.026496363096093302,0.006345056251476622,-0.007766394516659694,-0.0017674213805078652,-0.013176372862228796,-0.004497048264660225,-0.004679328576305608,-0.002213195842692782,-0.009813268481990198,0.002216151832385775,-0.04248974445169689,-0.026865970753667118,0.033974978981677846,0.028398184349403024,0.008620306586878615,0.001181122312140413,-0.017089174640281455,0.042429598474740385,-0.01896712154212955,0.0031522406853702186,0.03428653709473053,0.0788340533062379,-0.009870651771644225,0.012719601622785138,critical,6.258679925352994
1.0248995208676104,0.9502528826220926,0.8641499819356918,0.73314499541564,0.6239299019164978,0.5770013359884996,0.4539596245028293,0.35052812631575037,0.24430239077850835,0.14980438270357158,0.11993968072262583,0.14960851255360744,0.14019200784479008,0.09025106137450281,0.047790715186294214,0.024600507151792572,0.06890205440817014,0.004560234759665115,0.06768748603158817,0.024830477824115266,0.021684681291775816,0.0032133883154634845,0.01655889236551611,0.021887732682665813,0.023585761136112687,-0.019420109337118123,0.030599933877458248,0.0553379576233727,-0.023934521097617803,-0.07466279332257056,0.02047702331084316,-0.015871376017577682,0.017923348699133496,0.04534856130685406,-0.00894173419567902,0.038227888581843006,-0.022428320124606153,0.006101444357620895,-0.040994700108689185,-0.0001474660023217615,0.041516813362068875,-0.016916349966504894,0.06090342826312648,-0.005551388619346316,0.025893143470344323,0.016417171016810058,-0.007178937431255551,-0.020484459646448294,-0.0689297754634313,-0.0010185281658984721,0.0059595633550734075,0.007475556640450217,-0.002964487386250377,0.018722117079031774,-0.009033017298281548,-0.020937945242291544,0.053564383098206776,-0.012092616096858683,-0.019895813861314986,0.003363121967329593,0.007190212313197668,-0.010592968450719673,-0.03153751384992663,0.04119997298796595,0.01141657681800824,-0.04815284917541433,-0.0034252141804808453,0.011314335364639057,-0.01700059619279202,0.029840708358123285,0.024740531274438805,-0.031503776444869076,0.033119914954001434,-0.031030431536890182,-0.02737562714394376,0.010190668683098394,-0.0035847925259565503,-0.02147670430613764,0.020536161132451946,-0.032840711789847654,-0.02851553847277888,0.04055499235626503,0.022075952712288186,0.02969449406085938,0.016749770879400286,-0.053020982332341975,-0.008316707439776435,0.03376463843610114,0.013480424994349897,0.009206239720696497,-0.003570513898807107,0.00910700697499439,-0.045259070117342835,-0.03518350714568014,0.029195676699912028,0.035307236026069166,-0.013693951182376284,0.04206461827913754,-0.0274942028759047,0.0011758528945604134,critical,6.344347183659275
0.9948481773612831,0.972298703851835,0.8699435060413675,0.7237671004781097,0.6385989937942537,0.5959697177934407,0.4366996865666462,0.3361918232970957,0.23181126000973645,0.22224550601023751,0.15369126434947955,0.1294174667467248,0.10244860616561487,0.09501803205578406,0.0496722627947724,0.040057397985212975,0.0590547012529329,0.05700924472464824,-0.004946724849856428,-0.04273680018137911,-0.018450840988728075,-0.01915104183364031,0.028188371652296592,0.013636837083774446,0.018918927986971586,0.03475192306329567,0.034869323587587826,0.015155482549953539,0.040327584442837586,0.012420218571827703,0.01806110737294865,0.015710407729220395,-0.013931250083918921,-0.05407673674220626,-0.022357366690930313,0.08153131488195355,0.011779660266273523,0.001050048981978195,0.049400826310791825,-0.01082940361972601,0.004742781354951836,-0.05832501867322594,0.04782026274210444,-0.003692042525524189,0.01266727020586809,0.0004749391490926068,0.05540759865810694,0.03493207251749316,0.013576487189751277,0.05331571396039679,-0.004052713618421492,0.012605816468539055,-0.039847626166369825,0.024839240820405947,-0.003900281593765979,0.021573483145146302,0.009250140018451068,0.02276212003697383,0.002145194975169606,-0.03318051404780193,-0.009185810714756146,-0.07788132801439718,0.01807384348162378,0.02109857997715737,0.03958253003505654,-0.002450873409397112,0.024738919368096232,-0.011597075815713091,-0.018850946480330377,-0.056660431243930505,-0.0013593892975540883,0.0022985805472590937,0.006590167845107632,-0.0564348809709559,0.049662271045273515,0.013306543640447971,-0.06752957450245342,-0.00982123719571867,-0.021418433064319654,-0.00830808821429987,0.010122255042395894,-0.017765672957424265,0.010638860298632785,0.0012694933389968933,0.0013691348082272314,0.0008036575692178147,0.043100606513075894,-0.0036101244258043663,0.018330443609070126,0.005441340786833432,-0.006654281931556958,0.00964552604519625,0.0016932107534036198,-0.01793894872727407,-0.006630164939742712,0.024918791468727206,-0.015658245180029045,-0.05533631007143136,-0.011832160950643631,0.040995593478663404,critical,6.347050441862167
1.007062661388686,0.9551186956475735,0.8427479375191362,0.7943499048772289,0.6145585427696487,0.5398262104287205,0.4089107638609503,0.3116082815868959,0.27052611914413754,0.23276638694766902,0.219332513429015,0.1267659640371327,0.08909893704004138,0.031061230964500752,0.0839870344625581,0.04154310172047307,0.026272514507115152,0.09653402142554145,0.05752793712587383,0.03615403889876828,-0.04445021306259683,0.0006897810241571697,0.0024737287765960224,0.008103473142188953,0.0075510397893553995,0.03658231422571701,-0.03376415485077933,0.025828932119004777,0.053118268251573876,0.0023384277254504997,0.008213555981828513,0.009767151030947632,0.023484945236563193,0.010456270285889975,-0.02218691808600793,0.030375227098144924,0.019854054834026025,-0.00860772059692427,-0.02765043133259521,0.005373568099008348,-0.06142056863525601,-0.07014733012843308,-0.03540800518139386,-0.042076833885898265,0.0027358671673677853,0.009932524012275526,0.007975695202294873,0.05543793703351671,0.05747453402593948,0.027652193114161422,0.027436673854797405,0.02426306907934629,-0.018924500428107394,0.04018365332870613,-0.0031445644512833556,-0.026800736349212092,-0.011391487659740424,-0.013700618808819379,0.0005685748151954291,-0.0386122865663391,0.06488777700793125,0.01369684514312526,-0.012247143247569947,0.028551830374795424,-0.01925638634108895,-0.01934006552409391,0.03318847482386002,-0.010888630546205553,-0.019461438481818794,0.02744896094280896,-0.029625370834716613,-0.031143116687907698,0.036510121617147326,-0.04897984030544283,0.0334106922033676,0.003660882100747497,0.014593960642520122,-0.01763763719225325,-0.0411077256761489,-0.05517622193867225,-0.013033157153258335,0.02962555996138909,0.008707235534969293,-0.031061752022008008,0.037025045274989093,-0.01157258188579016,-0.019339214519740775,0.028661414730715942,0.009238278876574411,0.018316596639147423,-0.021566282088999657,0.057489493930814164,0.006571840796448287,-0.0053674264629960285,-0.017488588404078596,-0.02520637028354278,0.021806539916266195,-0.05326446928470959,0.0547582400620901,0.01859396341404294,critical,6.393676779795514
1.0009809881596383,0.9392687381916364,0.8508538513321431,0.7621897629333648,0.5721787116284287,0.5545096092811667,0.4712906786348571,0.39968389002421817,0.3024199784083385,0.21182517348816576,0.15779200831484788,0.15879826524310142,0.06165816958191362,0.0766766889713773,0.09268707625945174,0.07434079214189514,0.07543500284556312,0.041550737046035076,0.019429387413386685,0.019742298313686808,0.012726074453680694,-0.0030228023607330474,0.011791800564494423,-0.0398411171395696,0.0004837560200545068,-0.023934072328611302,0.03773279386008999,0.05445413982927408,-0.003492823185117579,0.012326474259879419,0.012712806871828788,-0.004786100310146631,0.02903106484434048,-0.02919730053220457,0.006051662520781892,-0.017959568696406993,0.017691270311052092,0.01026487759275646,0.02259776147546726,-0.0062087048773242825,-0.021649705820433247,-0.010131127713226743,-0.026154839814741097,0.00442687187886454,0.038910899317166035,0.014432869926124352,0.017769017510979843,-0.0015885071303118536,-0.05816576746863464,0.04561105018833697,0.007707480428970761,0.017909290671086465,0.00505559348587098,0.0017948687500399098,-0.0018475966104067906,0.0043425854638405375,-0.02285458440318703,-0.022873598953673486,0.013594059798265924,0.058998327157700994,0.0280837344103927,0.036156500789955706,0.017592626446798328,0.04932766454705194,-0.009840269962947698,0.019606681612582073,-0.0016506869529329402,-0.022915037300216375,0.03078987737570769,-0.024029134918349522,0.040046591055831256,0.012815628468142496,0.010133344079377169,0.015076579209846582,-0.039798622550313786,-0.009442960067439428,0.010430321487829073,0.024803928965917852,0.0440323802119483,-0.026027544071979724,0.07533334160999361,-0.05295564384546052,0.04211940352315017,0.024355145592524562,-0.01736286611061471,-0.02265981382585955,-0.025360591878755768,0.0075308695401933535,-0.06465061089030172,0.03161758825613603,0.0017806829352642235,-0.013186391819260531,0.005490509062837972,0.05103497899996098,0.028410564030487924,-0.028679258557692777,0.018015109943562996,0.040359771634661916,-0.06288353454195023,-0.033202123744090366,critical,6.364108977592408
0.9932384156193754,0.9839916775280896,0.8388236892313852,0.7485198656420231,0.654263770258692,0.5383771735509271,0.4175864664796874,0.3543334690082143,0.26622689450346104,0.16342163269794086,0.14299626755680248,0.10619959432425274,0.10915942615148047,0.053459085502999944,0.0697620434041129,0.06099673096277975,0.07804108201845765,0.005029930441677578,0.02906186618882349,0.015198194018027805,-0.0017450666032615518,0.003518715041364376,0.03868134127626654,-0.02159636531141382,-0.04225999982499368,0.058492303144231546,0.019046992406714036,-0.02950464131952514,-0.027202064324010886,0.03739732627391797,-0.022315875934194193,0.0065829420066012495,0.01951561534919481,-0.011902966139402853,0.014966805609990176,-0.013549637530473096,-0.01711961357239912,-0.02560614485810239,0.036516865090505134,-0.05203109308959537,-0.0015308618492120174,0.01461805461141272,0.013518373499813312,-0.04393163999445004,0.019320371589733678,-0.017244376595030916,0.0036371152332471865,-0.004890831472655029,0.05251259776715933,0.04386734056524785,-0.05727971840667128,-0.009663624092857882,-0.004891046867261263,-0.014202073046831225,0.0038904131363045494,0.008558521585508329,0.008703512898857254,-0.032024421335202245,0.006392042112720103,0.004215086684362441,-0.054783231122189205,0.0041140888512176624,0.021090116720606792,0.018521977848519278,-0.05339371672194589,0.03966622430796949,-0.019914855220271598,-0.0019395927521141242,-0.06569906578531552,0.0018625700389446787,-0.04798960040202139,-0.005471701264946097,-0.003391742821015982,-0.014833297559526584,0.003345535999358106,0.03769264709976119,0.025819315440091424,0.02509861832392804,0.009726962245150425,-0.04189716210077809,0.022224159064163862,0.05107213937067646,0.029146505220877167,-0.025006268772820202,-0.023253538940807027,0.030562460463963395,0.03109156596688868,-0.009525426979243891,0.0057180405534207,0.048871277608988226,0.018085135753363575,-0.028552220909021164,-0.010057282424778711,-0.058857022399744545,-0.00886186492990767,-0.05793818773149914,0.03443343469571218,-0.0218493608039223,0.013303772015596469,0.01865428039948821,critical,6.367872410083985
1.0215553151585595,0.9728992814623818,0.8992325529978938,0.7335935971443079,0.6087145396433853,0.5095361917828826,0.43881622726976943,0.3354528376891999,0.29195587090754,0.2618052622149706,0.1726489445870674,0.11795219759338414,0.05403127892974991,0.10348163390037157,0.08087283375597058,0.06976417791789069,0.002634681109260066,0.0009725567070800467,-0.01015120511500316,0.048391084511648155,0.0260805070784669,-0.009667527200908913,0.013621461205944575,-0.048769010754054355,0.029384466629808228,0.03833401994186861,0.020447027400231414,-0.014650423273427231,0.050142201369607266,0.005115404962131805,-0.018743788365273788,0.003359199022212456,-0.016984962492586138,-0.03680079794397953,-0.009644419726226145,0.05296901337803028,0.02460516081616971,-0.03133392355647729,-0.031386747447858736,-0.03842796387721419,-0.0073290092721568665,0.024096075721975457,0.038442969955265034,0.015097163113606241,-0.05015964743394797,0.011906843756517446,-0.014468365253840433,-0.050010180707782764,0.028228832412545663,-0.04066825091608915,-0.007265223420753386,-0.016801127525898244,0.00432178533791193,0.044492967689303234,-0.031214358512272663,-0.00895703199260481,0.04328033713532231,0.013296325889707708,-0.0016504989603975209,-0.011210279141136127,-0.008874462569787913,-0.011420185259576703,0.0032510852810435317,-0.046828816834632137,-0.004108906372395094,0.0038312034263513245,0.005796816313908361,0.014802157431392654,-0.01574883785785311,0.009738342174558727,-0.013164492865103364,-0.028472459524364762,-0.031583810959555814,0.028982972775250946,-0.015303951057314644,0.033422333594421566,-0.03467153816350063,-0.020454359966260716,-0.00729269515837446,-0.04878705277527163,0.05268604651797993,0.002088578993547762,-0.03528208523892694,-0.01566536372183683,-0.05830504634589041,-0.0014384322386526015,-0.005215227481788833,0.024213260202119998,-0.005099486012539951,-0.005895086788348748,0.025146900920828164,0.05132393232895638,-0.05823760150314877,-0.0077719846184579324,-0.05437064855850295,0.03278046710900482,-0.014968381993878978,0.030485625886275507,0.009515718714202029,-0.026256401796077446,critical,6.263762426068925
1.0058351618107038,0.9433589789902107,0.8678114543502848,0.7656133596358186,0.6704107733766859,0.5438963111542399,0.46182627254004194,0.3382678825424876,0.31880539554255466,0.21682024113053242,0.1211869759831895,0.16094789714625612,0.12379220583843892,0.041163299943082564,0.03347986907981523,0.06700245603390215,-0.0025817627008542926,0.09025631657252006,0.03171332934120566,0.01254151850540331,-0.006819662385733701,-0.0019775162190291094,0.02250863502957342,-0.022879956397574137,0.005437315144405418,0.030829986347869723,-0.0518076668393143,0.017126565191862952,-0.02820962011727284,0.02914521726264804,-0.012716491688940665,-0.09664274928405883,0.06152369764370772,0.05482276082254053,-0.03986276896651169,-0.0489862793724072,-0.05877835728429608,-0.029774478699734184,-0.0031436919670842977,-0.006059754847394973,0.057358083582861916,-0.002302634146775395,0.015821740015684312,-0.010518162073125985,-0.051515170130762046,-0.006249204900150445,-0.04163039082583157,-0.027302553486336357,0.03099543493059935,-0.03812399669733712,0.052747155762098874,-0.02509902634174587,-0.021109041240702262,-0.0008320362025248328,0.025491987876296605,0.002084652692351381,-0.009150597024341492,-0.030568811397674794,0.07149496676296455,-0.010997108224181117,0.00023190017353763763,-0.036142247671037714,-0.056879880817248256,-0.02658105469568546,0.006218176622837266,0.018014738769373463,-0.004198380351240492,0.03634172813240558,-0.028252311822766614,-0.02459932838469058,0.006155292658664223,0.04798577306261875,0.0299247120183107,0.04449304231862463,-0.0315925320585881,-0.03364596381116422,0.06080735179418051,0.03724882608099718,0.005989608985006642,-0.013216187488142609,-0.024545765657722797,-0.0414108794909264,-0.0038564189829935415,-0.019414351613420346,-0.013368660968222474,-0.039035641855687433,0.009483995533346948,0.0537585722245226,-0.07197916186598258,-0.010220619638576947,-0.0031354294052455245,-0.04263615625990193,-0.017602368767434252,0.007485221023174526,-0.013010042387526235,0.04352549934116924,-0.07858128662130456,-0.01281912450827593,-0.021250213904230222,-0.003129490585279128,critical,6.280006487975302
0.9402195300109898,0.986401179286975,0.8799373098261821,0.7303313338260524,0.6493916213182982,0.5154177682473182,0.43319729394730355,0.3274047835145751,0.2484102845185486,0.22328424992663357,0.15976671827561947,0.14863022554059344,0.05244175581953647,0.12720534286474763,0.02520527249553367,0.07097910168040499,0.09661468693705813,0.026554644319135474,0.026297563800484744,0.003964017032000373,-0.02101596609336762,-0.007334647836202454,0.05611655412959322,0.023542733961760397,-0.0156667934523388,0.010322591662140218,-0.015964081932113024,-0.010172306215591424,0.015830362687362286,-0.01499002495481483,-0.054663886035548524,0.022034519739846024,-0.012056117081295194,-0.01846052040713047,0.0397215600635476,-0.05649833425728073,0.01797236650011264,-0.02881783182299757,0.008195326116577155,0.02292434054076004,-0.02651036837066801,-0.006224952982041343,0.01928994521426034,0.07221223199804051,-0.027038569440022236,-0.0034232759523597045,-0.0005518614901681525,-0.014218337873559531,-0.00544391641713914,-0.016085279727311358,-0.02579220766603232,-0.014294886852849045,-0.06701853668478042,-0.026684881057657716,-0.029940591323117997,-0.009807765587232176,-0.0072339541137967376,0.021881817796269593,0.004387913360929992,-0.014418041470030717,0.00022761064186154568,-0.020943935179208527,-0.01761830739880957,-0.0422691512412062,0.018824944738960514,-0.007007923520957597,0.03150783875227662,0.0048768078869549855,-0.002264627038830166,0.0820656216339956,-0.01903794415341279,-0.03131743244523898,0.010215756515231272,0.013653947162549735,-0.027745470557934866,0.046108457668239455,-0.03768913669103893,-0.003040344689375534,-0.04139333244363807,-0.055901542879975584,-0.026818758619607887,0.018432058548568664,0.004387678112744707,-0.0012735092769868336,0.041658237024968015,0.014791993371559528,-0.008126077270011658,-0.007950343027504872,0.012055930331211898,-0.04969809259554604,0.002186785955986282,-0.025023673730908153,-0.01586554501379682,-0.005653510095554904,0.015187145194262276,0.03223003448618557,0.06546997471680611,-0.004501323002120052,0.02523670855981674,-0.03438503667667862,critical,6.2861134468411235
0.9884112492869199,0.9862196574105279,0.8636910594412086,0.7294504924251539,0.6245703367970495,0.5813912267224391,0.38427646050110065,0.30968737088466763,0.32031034232938627,0.22160506106339206,0.1611784005278233,0.14886031889555812,0.10648158887235407,0.09710937683227142,0.042069530209515184,0.06806999139434414,0.08118846336154281,0.00909793860830839,0.006613101563692242,0.04941482492749362,0.02675738791811192,-0.0009307594735894521,-0.012717266899113996,0.027575608019401735,0.045162675390683055,0.0036657563845363533,-0.029501409406113302,0.002025263986974842,-0.021677188393813423,0.029015239386893786,0.0358960296516799,0.029046734704592014,0.023041905775408784,0.028195980829576254,0.026344107461049815,0.05510675238591664,0.03767311134034491,0.003112089617953114,-0.027242568306106222,-0.011787185006657533,-0.01246269728688434,-0.020999300486924492,-0.035375350599176986,-0.04169007083206681,0.04389542394064551,0.02147882429937335,0.007256017518397003,0.010835425849217133,-0.04214115111214326,0.016970743108817906,0.04468350932400469,0.027548136334998693,0.004074282009638798,-0.0011917069514311976,-0.026515531817590563,-0.0132385873619872,0.010317936454769649,0.02739980355731593,-0.010154488677187714,-0.029013422358477422,0.013217603190552204,-0.039717014083921205,0.05270339294447318,0.014944854021363443,-0.035741390058717945,-0.003075647058961752,0.012488861253143779,0.016452805515464724,-0.03582925199324941,0.02883657951410452,-2.5175803510529104e-05,-0.03207661207270999,-0.008943932853709521,0.013444022577359884,-0.03601493923321698,-0.01921550967706466,0.026604329274690395,0.006357836270350418,0.0007187644793941777,-0.029783493075745272,-0.035578828337265084,0.02841315421191734,-0.010145700904991582,-0.015860108532910446,-0.03310107236900404,-0.0036772443340941123,0.0265223596745456,-0.057960194537603996,0.018377950889543495,0.024307940836846263,-0.011050705671438819,0.04535711794241656,-0.022071788106165863,-0.012013685386566521,-0.046953511250040256,-0.001056481416356897,0.0452500406468554,0.011079918305327709,-0.002250727378749824,0.027122528897257945,critical,6.361534850926569
0.9790361812067796,0.9531602585132474,0.9277619887814281,0.7632336410299501,0.550974638117136,0.5028378318606501,0.4555797103221941,0.3394663847224877,0.26088638331723174,0.24685467530236316,0.20032325597475098,0.1295855799356818,0.064313834943917,0.10951066311631827,0.05596817352821732,0.017385638756486025,0.06604751586447724,0.035993818108926726,-0.030990772614436293,0.006014453035919633,0.030298250373883125,0.0410711764706604,0.03408972693030917,0.010836292213886468,0.023685630605022073,-0.009631235190063073,-0.00206162679531587,-0.037509733828605854,-0.033646781220672155,0.0020315851931359385,0.008027917448334233,-0.019927352294943693,-0.008969330940334306,0.01666718745618683,0.01878532524457674,0.034927093514334255,0.02733043915209495,0.028638697741511572,0.026904889532488794,-0.031098780564057415,-0.04044156498933842,0.003296687766086604,0.028499953744918247,0.009337519173430791,-0.013530462204132778,0.03869081488362329,0.0028303837478673034,-0.0303026373518257,-0.01740421097491387,0.02682032973460961,-0.010108951059923725,-0.006017352121919019,0.00874675525312627,-0.01832279746937404,0.0032291633829667514,0.007630152938984211,-0.026481964132136472,0.021373826595008964,0.031128939207083574,0.006887507587480776,-0.003061846089310731,0.04222301570385834,0.03175138835766457,-0.05219556141802353,-0.014557392910920688,0.0036128838606002303,0.06448525351224185,-0.04198226659663138,-0.0021412121600534913,-0.05032005731704855,0.034908810296734365,-0.0012302202246564757,0.018386434216399385,0.03592305688872259,0.033450910832484824,-0.008343125007518095,0.022585761775117057,0.025394965677560197,-0.013939736313886257,0.036457302425885206,-0.008106778930321476,0.06310009957795422,-0.06437844569101908,-0.017660335914850372,-0.04652330313459654,0.010945318556979612,0.04446922317890718,-0.011620745887339528,0.039290117373033465,0.034963127099873155,-0.02975303855508936,-0.04802882720445453,-0.03072075138083964,0.03882522670219201,0.00805388553962341,0.0027179290981369135,0.033299433736601415,0.009274782362429675,0.021962856125327182,-0.013881847632915688,critical,6.281252502609805
0.9869629039464112,0.9236031839459137,0.8272175307175249,0.7297407471301469,0.6450890068079511,0.4901260823777965,0.4175728192364071,0.3207354451218351,0.3117690643385928,0.20263503816743808,0.18188820693846902,0.13152532285822255,0.06757767929772064,0.09936455048051795,0.1084640907238838,0.03490542289461705,0.02261758543074091,0.01111686220475455,0.03884027718976264,0.016692970109094995,0.02228676710076894,-0.04401413991367553,0.010251624480338874,-0.021660812897579276,-0.017095772642760788,0.02183930250415156,-0.016413363898660972,0.030888923053519986,0.011333728277624721,0.012113973386762136,-0.05656000362508159,-0.06413594564149648,-0.023062648819904184,-0.02051159333347776,-0.0016321540930715449,-0.037707382962320866,-0.07300522874012713,0.00485136115426608,0.07266329813271333,-0.00039750559126327606,0.050420155655977614,-0.02273837103295781,-0.022024675708879612,-0.015026583085312673,-0.02361287341394109,-0.002760615311734586,-0.019382952706191853,-0.03562562680257813,0.054240910948752864,-0.02417003810846671,-0.008041466185809214,-0.02598590299934492,-0.007391184580668119,-0.04094495285779146,0.002824925477058841,0.020442999014532757,0.010641732620700674,-0.05907690561957941,-0.029441802406766766,-0.04086797062202264,0.006180278571362545,-0.000607156260017579,0.03406060003738508,-0.04833342274917828,0.01851408651912831,-0.019247264485908865,-0.00881410728347828,0.06044030794815453,-0.020071293988903702,-0.04777096442487446,-0.01122142433996148,-0.030473616731038804,0.039344534648518684,0.0048282107360654485,-0.01645378227454591,0.0007739346854544873,0.001415725150627996,-0.0004891237538545061,-0.057431845484064534,-0.006594646187736042,-0.013947511302166933,-0.018852198816633095,-0.004957302424827419,0.02721361494150558,0.03146986420441257,-0.02016820305495358,0.005317659446152222,-0.05983165304152261,-0.04160541594483351,-0.055584732611563326,-0.02193619650472755,-0.020830097587187218,0.017213673583068453,-5.314486470373701e-05,0.006927055107302639,-0.04355342723915344,-0.05885212270094622,-0.009180963998196994,-0.019366084782395633,0.003992618291249929,critical,6.233430261460753
1.0200934408688143,0.9352719330774192,0.8620722428590423,0.7818974738599856,0.657913745038235,0.5495624452315162,0.4858150845216549,0.3545526167977392,0.21617953652430127,0.20112012773234347,0.21503989461103085,0.18677578219132962,0.13519032283887178,0.09538240701695477,0.04689944363081149,0.062300440357280634,0.03009661653423153,0.049400215235917116,0.05626075809542702,0.0356874194806911,0.0010911567429312628,0.06793791480462351,-0.02074679719438645,-0.05542952365076574,-0.02229387492798677,-0.0009501997948858031,0.004376698967206078,0.027349994325456865,0.0339525006812591,-0.027827614168067193,0.015153902311160318,-0.029631385959862706,0.006619779681763889,-0.036703017274091164,0.0037613596273015372,0.012420194707598748,0.022463458798323104,0.026077117245205596,-0.011181048111367815,0.016230089833589548,0.07546151048006143,-0.031001900813174534,-0.041093118674916246,-0.0033461501861219143,0.03604557063128083,0.004655949542870452,0.0041812990974372105,-0.00917255214536674,0.0016150841445537211,0.05275037612239521,-0.008781564071852986,0.0003035469556066114,0.0025052130543486224,-0.0029990740303772467,-0.026785514317122346,0.010697493895171552,0.022700308046343865,0.002351853876622607,-0.004888648781280243,0.03699968911159763,-0.026771267083036135,-0.060525902441132345,-0.039612802274577134,-0.04754897911742478,0.03799837060956107,0.04492947274097836,0.05443916475890377,-0.009120909851712045,-0.02014947884829935,-0.035710777424488714,0.01750815293712658,-0.007844573824951337,-0.018710881031591582,-0.007931793806860335,0.0035896144523174865,-0.0053256911001657555,-0.002673935403913249,0.0031193965954341416,0.026375356103471064,-0.005278799861805726,0.010991587149731152,0.021099400352899138,0.0215678357237188,-0.039664745967911155,-0.046441377684711814,-0.02655236809231951,0.055490161342183014,-0.011636215985018397,-0.013831809686113684,-0.01088419756922124,-0.0535840588271435,-0.00025196612421384137,0.010787725836687348,-0.024083191847475767,0.009594507062906113,-0.009262179946728117,0.01997952705109426,0.0420364320752549,-0.012726710282970502,0.01040946387629895,critical,6.247051992581959
1.0294758335032916,0.9942416966103057,0.8418736487395908,0.7452328019899923,0.6223641550400232,0.524437058712853,0.42368072973895265,0.3715093506701458,0.230492678886934,0.21575835681204591,0.1845097922425225,0.1037306473178088,0.13551039177795496,0.09209774866680757,0.0897763144438694,0.041343521975477415,0.04827850588230926,0.03507578493303591,-0.027560287514850745,0.056379331071837444,-0.006429357068303165,0.006729072783452729,-0.02726250242168286,0.02554980257738683,0.03028942125947388,0.010392804236522975,0.03566354360654262,0.004022099456824881,0.023918965607489108,0.01769538045092453,-0.031936183132041565,0.0008251559577514772,0.03003422764296032,-0.007774192003603956,-0.0226875156317944,0.014830947138565363,0.017689722418306963,0.01217713072452412,-0.03550758644555886,0.030917909633472553,0.018326361248464738,0.010064826735287717,-0.0231301989168509,0.015634712748315207,0.046570169374119195,0.02366406791514704,-0.025969413363495935,-0.0923735848699083,-0.017103137493218568,0.039417873754788064,0.012592208051977161,-0.007948174853058545,-0.004689560314785699,-0.008340449528123881,0.030899535157789915,-0.018700493340438353,-0.0007790208633708541,0.0007101916586471152,-0.0020886813213134665,-0.028643085789233882,-0.027185680791203197,0.017685926592106722,0.022570736431701755,0.025559993407286315,-0.0734090958433941,0.0338017386930559,0.0018832839180490868,-0.0752544727984451,-0.050027454793350926,-0.019317041178640935,-0.03392227907813523,0.029211788395115856,0.011530549461133242,0.010102148834458468,0.0057637354227769826,-0.015505580053684022,0.02991078495152109,0.0004726226374902788,-0.040474759267364595,0.013233323641138451,0.00968798867728926,0.07244778280513817,-0.011155524132487145,0.0032448500720189495,0.013411646778168688,0.016397225699633953,0.005262770190132668,0.02845500106048021,-0.07522024311541037,0.015007986781628322,-0.018130822102936723,0.033080732561968494,0.003722532354361454,0.004527760400538483,0.0510089958868424,-0.02343511579338087,0.0368167695530104,-0.03050362920665254,-0.00668627428148311,-0.031105022658448736,critical,6.255575419778061
0.960173598385711,0.9471489952815336,0.8233570518005471,0.7068675734796503,0.6073512505773835,0.5544152676593849,0.4049696078184369,0.38521140680304583,0.24366379784741998,0.15926851344709042,0.10374794770214045,0.2070209226005022,0.14024143509733106,0.06943659267819405,0.054387704339948745,0.05101307439500898,0.009586395301368487,-0.01664600915369975,-0.0035743020834788433,-0.012093076365395972,0.028240590262895868,0.034038184979249195,0.011570188046608879,0.010465959916846995,0.04080502505682589,-0.0011993993675508598,-0.027167417857099894,-0.0022731981171481177,0.03203795678402768,-0.03203465421581517,0.008450627209291465,0.05183071269633363,-0.021788096132552847,0.013467911090649718,-0.04591119799879088,-0.014151045680922054,-0.04662749277150478,-0.009783375293060854,-0.004002380249147681,-0.06164411584788585,-0.03739019476098237,0.011976601320929602,0.015695637457165495,0.03631851779629345,0.053729906754641114,0.023783833652722988,0.01558116709962298,0.05240461701665518,0.012303441979592461,-0.021048079641153558,-0.02716306276353755,0.03377309248382212,0.008242913715523608,-0.00346599534719947,-0.05409025515986498,0.041213159971113744,-0.04116668192307445,0.02777157010871663,-0.01795752786481276,-0.006152467569679705,0.024044779689858197,0.03177293634037849,-0.018948102542716887,-0.011914067668170965,-0.0449678581224138,-0.05276691803247062,0.02094574381679706,-0.01483709885228581,0.003979964477832223,0.045800102294542844,-0.005780762543805684,-0.043592089863550405,0.009939114520242591,0.01125873837306103,0.013769370044833088,-0.013895924891594203,-0.02997229232466132,0.07649381564804679,-0.02854499276372077,0.03087569317086618,-0.045912380090716125,0.02256772346131597,0.04694867806653417,0.0448245162473384,-0.025770819868006462,0.03367965429447335,0.013136804162404307,0.01963639917169627,0.021373211210693778,-0.0005620687525063146,0.02034624552361265,-0.009356874179251486,0.023329875343213596,-0.01689457507219789,-0.004707719916461621,-0.006752620812746892,-0.035777152557269896,-0.008689029945077902,0.0008075257104483704,-0.002891624480857527,critical,6.229603996503244
1.0035144867134294,0.9041231692338646,0.8195332528722296,0.7150457835672854,0.6089076703736019,0.5571222394001297,0.41888819639005775,0.37796382496842484,0.2279569068984126,0.26427235283042405,0.1907247243796177,0.08831753745501492,0.09794384189281566,0.08579571750909581,0.0742538232352712,0.012475193644974354,0.03074142793786579,0.006498425462580778,-0.05758740585422537,0.037275108665312195,0.057397180892034445,-0.007694868031889696,-0.004415367331751017,0.009899598102868248,-0.016372466597164043,0.033940110480270944,-0.05030727368573274,-0.0022696922979878187,0.006879604998218163,0.030871415918182987,-0.007086912947223982,-0.02373706694760699,0.015077686372822282,0.035026017659301974,0.011834225498422276,-0.008242502065612757,-0.005819170188857664,-0.013260993622230198,0.016260841953647028,0.04198151492096859,-0.011131461351155721,-0.01608365177621308,-0.053206355683332,0.015430311086741234,-0.04802290375145708,0.02406704101890723,0.04452823573175937,-0.009907149593104594,-0.04059537428398864,-0.0003534214880314916,0.021652727709152778,-0.025280801394609607,0.02458310077174501,0.010375482618345004,0.01882041937443237,-0.04699570813418747,-0.01774052509141649,0.032155776509911395,-0.01793569748010743,-0.03893484720378956,-0.009444827521269692,-0.020602708862322402,-0.0027627338908736117,-0.037393464123997716,0.00013460977960086653,-0.023661347131905198,-0.0066112080873026455,-0.03572373440842053,0.015085437358489905,-0.021269534005843013,-0.0015970440616568057,-0.010303597313127072,-0.010483616567513183,-0.021627810879395064,-0.0070777509376922345,-0.029983332820766477,-0.0005647221467018769,0.009778778440303905,0.035905411470916054,0.006835114276905884,0.028606911595355267,0.05275570909250859,-0.00900825799947484,-0.030654706874817417,0.015953462643597937,-0.017127897746529296,-0.0023744411345033257,0.01601517201614957,0.008085225410604262,0.029616377036561524,-0.008460381694014285,0.000296473257466823,-0.025515136049964783,0.016209436330750008,-0.0002433553467042783,-0.021138355755691073,0.029582562451187306,-0.004113787857745992,0.052689478873684574,0.0216125580218605,critical,6.312414817844952
1.0102409567589319,0.9871342877059706,0.809558033334415,0.7678768439648952,0.6640326983749227,0.5754224736844505,0.42396311533670455,0.3399779059849984,0.3311825417324808,0.2536673872523181,0.15902973251469643,0.17602864520826098,0.0994508881826494,0.05768948174947003,0.10639655315992431,0.05333190470645771,0.020550454871086123,0.019627991054509547,0.06861783159005386,-0.026101735997514485,0.05106293975136532,0.020603330605404546,0.02739699787086706,0.045187917433412474,0.030790435844564076,0.054774927009723036,-0.014792130279001938,-0.043805043423473286,-0.030386118810101396,0.0614248386300647,0.046070444384087875,-0.0418941983481426,0.028095924314147938,-0.03344191473960903,0.046330974712867456,0.025657485922797967,-0.018864857181631736,-0.0275415986165686,0.05503630002622424,-0.016113138270022944,0.06270603253868433,0.014165826872192807,-0.01653148811194834,0.03442183689229463,-0.012529184722751786,0.013070778095176967,0.039794690132112245,-0.006995353155916458,-0.011590993472567979,0.016706328653071867,0.01227667612018218,-0.07701977841752024,0.02527347745748897,0.014563800469197578,-0.00026025177814250196,-0.016825634630628583,-0.014891695788639928,-0.008908349710806805,-0.07409027203989733,0.014565624004957865,-0.013931047808255844,-0.004210480011138729,0.016493506662928505,0.0414561550393174,-0.023734038136409324,-0.007218946573855261,0.04473017730618385,-0.015967769952536372,0.062195367713634826,0.003084743878786576,0.03447141400150608,0.043370772867980724,-0.015554552357257743,0.007899395983899968,-0.006161472928602081,-0.013486821325501249,0.0013590595064191641,-0.033197152958921027,0.006053185105794943,-0.029076864950587616,-0.0047525674803920205,-0.045011617240513786,-0.03880744377775988,0.015869848887078705,0.03938807413487848,0.015655622363881662,0.025766288527768653,-0.021910051264382023,-0.020789828787778214,-0.014990397860309791,-0.033331476744180966,-0.044239575490872304,0.02572232604220938,0.005226664612369504,-0.024253695584564205,0.019564404533971416,-0.027065051771727276,0.04819975214999472,0.030461663380230115,-0.09096369333282449,critical,6.413939933641185
0.9555435609552547,0.9453109978243733,0.8630682052535359,0.76957258320333,0.6872821647070412,0.46980991033536706,0.4327715609171868,0.3671481390718366,0.2861966251244577,0.20640183176389035,0.15524321167052116,0.15526625488514076,0.10288738961196604,0.10454543938846873,0.09356002395312876,0.028139070740843496,0.03684150661625832,-0.013114513915372612,-0.0032635179920309128,0.04001527575372778,0.023281897271613446,0.016714252964006634,0.006670789550175826,0.08301330834006362,-0.0258808638512093,0.02157157763725975,-0.028076156164465647,0.003862391332689111,-0.010976133448754873,-0.03487711661661688,-0.007337209448133558,0.06335596303427837,-0.019444438702866218,0.026458270738987117,-0.02606534380362504,0.03831337806329548,-0.022174909057144986,0.0029872111856004487,-0.05596984298278911,-0.001974155541060895,-0.03356414701802699,0.04336224082176712,0.03353935546677804,-0.016752662453161878,0.006473230445363947,-0.009876012930786772,-0.04151387314621352,0.05318013219062247,-0.0025131739548862136,-0.020578436541171564,-0.044019346688716036,-0.018912680868704037,0.026376227897480876,-0.01397173710598812,-0.03489602672302129,0.0367844508651158,-0.06329380340024443,-0.004940820276034737,0.012144229709640809,0.013170878649028214,-0.021564348301454563,-0.05484625681801806,0.0499813261495842,0.00043442825055871456,0.0014504392542497434,-0.0004653651772192643,-0.05382244597158693,0.011424550106199024,0.01582959949533696,0.030331787787774185,-0.04600712518219181,-0.04458217056074785,-0.037114260526799225,-0.025495426244827944,0.010748006362002953,-0.02493040421628523,-0.009132792189024028,0.016719623370417797,0.03884298920639264,0.008185732432616223,-0.021038039905807673,0.029715789791028166,0.014139161080378129,-0.049104363512664756,-0.025630209389909103,0.014436836233273919,0.04989890775889274,-0.018897825951761513,-0.03383495713289803,0.060825961360058405,-0.025025745145144558,0.07315520383300249,0.020522747849968884,0.04770112525061938,0.021557869749465268,0.031237167211961167,-0.04162113347936457,0.047446363760355874,-0.014803838382014888,0.02086904751112169,critical,6.24156063369887
0.9860702409839028,0.9905597296893468,0.9050998951460404,0.773796952226193,0.5858940701369177,0.5290339793502465,0.42032807312764153,0.3810344333920789,0.27280303796242533,0.16966503229674817,0.21131673500765405,0.13371206951065556,0.10011155308378437,0.05645345187548324,0.09435980837283751,0.06825423339251087,0.041864437755013174,0.011868912600410522,-0.003592483644653855,0.01917159568702904,0.021375011297686253,-0.013628599420460392,0.03724131377422854,0.03161110284643738,-0.04191722980511272,-0.006240137507157908,-0.01554155597767723,0.06266606790063695,0.029821339073646085,-0.04894139835767538,0.025026335029746438,-0.021341515891738633,0.010654679327572206,0.02904941271925421,0.05265100404214804,-0.053649104673124136,-0.02069005717652603,-0.008179639362327452,-0.02607730901627395,-0.015775518205985845,-0.024458416073919555,-0.001384760767935056,0.008219701219674129,-0.028957839761284365,-0.03169814630116785,0.03957278434285809,0.013535472858911931,0.051986426116028626,-0.008656855290787168,-0.017706634775945196,-0.01195135465174606,-0.023864897235152012,-0.014569695503060101,0.004629520051034744,-0.027457756030596317,0.025103684414471177,0.02211114442144418,-0.03512111279446967,-0.014489685451205199,0.02196407922700543,-0.013248743771524138,0.024196714734392697,0.0302329342015483,0.008937014077226147,0.004460857929874919,1.3724827803421125e-05,-0.027169734688026716,-0.03881481144614041,0.004805004042505475,0.0429066370106656,-0.008923161388857846,0.04432744701350607,-0.028213401904600335,-0.022341391473454642,0.0012921022957756072,0.03697511123658467,0.0022593878397465716,-0.04557489486087735,0.0432519723913242,0.03157047915742032,0.05305444089465465,0.01450509425028717,-0.0007016486778900151,0.0062175998511275685,-0.006077440430119763,-0.004655123828799158,-0.005353932317103779,-0.04055511755503871,0.009719848649757609,0.07867377050396293,0.02491828237916523,-0.04331258280027373,-0.00934767023925896,0.007111047302068614,0.06265825743667418,-0.010538340227061311,-0.025343739444861426,0.04228592051028332,-0.03999408858151983,0.015653753382946133,critical,6.330287432586174
0.9726068318511777,0.9776657006010654,0.8941958526515749,0.7590650206603455,0.6446636295117474,0.49436883544578025,0.4362363411730786,0.37232032787972896,0.28178968968414725,0.2365614774929556,0.13706728940000062,0.15195670510473078,0.12701445555099355,0.0705506232262859,0.08349051266799905,0.02547451287034337,0.08120878080980756,0.005584186386890226,-0.017695166837571625,-0.022373922341886433,0.04826360817849248,0.042095339275391754,-0.015034381937772144,0.0031356607825277693,-0.0133296320346274,0.02871242010536031,-0.0376074241730765,-0.018166822287534315,-0.005307386128965336,-0.017581579890100663,0.03877100552610612,-0.026470494285770987,0.005553766560429182,-0.027501000320349255,-0.004376115113961027,0.011765280858559114,0.04907457668515167,-0.03458768536646836,-0.002524788767581295,0.004950283274648494,-0.019481435899379985,-0.04657915182251226,0.043559316323100304,0.030642574687987773,-0.026224306995671035,0.05824200009758634,-0.00661607524871367,0.027462434156591053,-0.02670061588625561,0.0032540612397729814,-0.027453852371874476,-0.020334351377114108,0.040333223770785215,0.04324594056712199,-0.030009775887122166,-0.017917052593739893,0.0040558528229513125,-0.008073669327899833,-0.0005235598153698744,0.011077662149041021,-0.021046684731880108,0.016648705017520696,-0.04219070304650246,0.004101276766073298,-0.014870187775312195,-0.038223673402475115,-0.032731430269369734,-0.019895148465845443,-0.006756770402864272,0.024626037472535865,0.01781809801744424,-0.026183696434184174,-0.0006457149034402902,-0.07449284859380605,0.04850657712591577,0.00906454717663691,0.0016604629735497973,0.0036122666024862417,-0.01720288687603255,0.006772543349225186,-0.023353051491433206,-0.0036973750697598083,0.005648001857658268,0.01824805435976056,0.055040548019159495,0.035497649590878255,0.040888368557713814,-0.01934967940364226,-0.0006818336636950592,-0.046474633517627616,0.0491945305200328,-0.030417072844663634,0.03355159704002376,0.015124548138025152,-0.03351955266170338,-0.012761924242394553,0.014461541710915604,0.04122978857501745,-0.0362611841638509,0.07095031579206869,critical,6.366558094857794
0.9784373037295104,0.9550389043992125,0.8871855716017741,0.7592020639402792,0.6590993109873291,0.5214409954788469,0.40267126396713626,0.37919678965143827,0.22250694906150942,0.18776122053246844,0.1471472390571128,0.13304547023769828,0.10689565821288059,0.07111951170002402,0.05724177369851348,0.07347157898834106,-0.029591300144766644,0.0785334520151423,0.008557921924124908,0.028932275033013738,0.018713112851276446,0.05319123919608133,-0.014926076521076768,0.020507750509069778,-0.030185941557107007,-0.00426099929831877,0.03827380546976643,0.011242257184815757,0.008224244748093077,-0.05511573927855313,-0.02258520726683412,-0.028147669630762335,0.010531377882609824,0.02100376515661958,-0.0075161570687675636,-0.05477443230642595,0.03399119961064594,0.06584790288726756,0.06183873487584339,-0.04446595291814706,-0.013852485635879638,0.020916029787235984,-0.03953551781873869,-0.02919886357791217,-0.013241914982261498,-0.019697529738497987,0.02979436785836615,0.0218153927011254,0.04602638436446329,0.0359681673588949,0.02366942468795367,-0.056009794720355,-0.006840979926229287,-0.058701582671822836,0.015375166033859418,-0.0166499908913363,-0.014069189932794069,-0.01758334030418288,0.0008348758483004852,0.006026826925253411,-0.0013398343044091232,0.0016589784665244052,0.0007282274816876313,-0.03280370406219525,-0.043831699233255916,-0.014398285836104285,-0.028076592808914815,-0.07672682918616741,0.015579279395420267,0.010922085911974492,0.021263687807210913,-0.037413703053141005,-0.01536202736586521,-0.026533650130654007,-0.026977661967768244,0.010475022660854748,0.0016833837639814192,-0.006177100810807066,-0.007267442358740482,0.036699170400697895,-0.04847903460678551,0.01639826884167448,-0.02344410284800989,-0.06196387515853467,-0.03238255305686787,0.0016561698211680213,-0.004335245310906446,0.04233880296416077,-0.04710348130038515,0.008659742232488304,0.008400385640547571,0.0006343618979497934,0.013566386439687037,-0.05175410498686992,-0.004681369222433999,0.021168194494317467,0.00797690998964602,0.026208702116781193,0.002202279276688658,0.06676557400742038,critical,6.258669929328257
1.0218366115593496,0.9735103868605826,0.8839174661311765,0.721779116182356,0.6410433737693498,0.5287075371411204,0.4431710504045345,0.3221615674980456,0.3290756713509376,0.24870105647998034,0.2002136229662178,0.1151010071145605,0.10959845398871809,0.09780769295325402,0.08511018536205059,0.07197742791596205,0.0011107472081383213,0.042667378118841054,0.03248837488934053,-0.013635265973034317,0.05018272326090426,0.016109273568814593,-0.03448437831214052,0.015628033588832815,0.012360355985345808,0.02210906390211998,0.024467668429128057,-0.008004344788881585,0.03462184001068244,0.013556870102858807,-0.03568613226069739,-0.00020273638187686543,-0.014707853841843442,-0.0010036035616346624,-0.05485532537338729,-0.005159803336364992,0.014911158837107634,-0.023035863694394188,-0.06059333619276872,-0.008131885837472281,-0.025560303138451305,0.0005386995189928339,0.0021489641758220394,0.03663262243082477,0.024775037785480392,-0.022858902945366983,0.06873894363266564,0.015076987893359695,0.02541974124282992,-0.05423601921167327,0.0007617993891534484,0.010741203505103946,-0.05036697985240701,0.028943872637904166,-0.01068728394182274,0.005620126706578837,0.02573786103694216,0.017142412455540663,-0.015593162165607204,-0.008170028720248709,-0.029577681454265665,-0.02611861797147518,-0.017669288234259374,0.022795299539188362,-0.016936534845782336,-0.03215461057403507,-0.0035781675880864755,-0.007245397328402691,-0.04938359109352373,-0.0060884256906609665,0.03265667075551921,-0.0004409491397782976,-0.027847110746659326,-0.024279369150573493,0.018854542384446265,-0.03425264165517259,0.0030538287663392644,0.042691624632842345,-0.053900220139742924,0.05928593923311785,0.02031455535516288,-0.03090313924681362,0.0016466674282522497,-0.014149189074154488,0.006945551342532516,-0.018584041046035178,1.9400635413877534e-05,-0.04221566396352377,0.00040053114401800773,0.037039205824929713,0.0017121745705789334,-0.014534182875899146,-0.014824149754369978,-0.0463537868575501,-0.003253308212755633,-0.0028343808943710434,0.04034281915710317,-0.03141487796461062,0.0028737421551344217,0.03801278206615743,critical,6.388091680915123
1.000479912000741,1.0025732309439257,0.8548808260870668,0.6957135467605372,0.6377677507412027,0.5301675397078175,0.3702614792760376,0.35268454706337016,0.2890809695970455,0.24921735677391338,0.21194411416423886,0.10990488313442305,0.08770756860969467,0.06874433600845498,0.1286236767096434,0.040332869130355706,0.07743381188570297,0.058513405661556286,0.026926510346253745,-0.00259478930459461,0.07763114722440113,-0.017848785864568943,0.04129037204517482,-0.02746615514679765,0.014415215283061212,-0.009249423561847995,0.03011562749315811,-0.06395792212920627,-0.01671317567429764,0.0001449882073470462,-0.007775531232724831,-0.025366696265324604,0.007894971486947667,0.017191075737412808,-0.008408104732427243,0.012107088262807021,-0.03804701297659192,-0.02549061125686426,-0.04911403466294809,0.027141554592019605,0.010373656077529124,0.01544555704037165,0.025827987326626757,-0.022797693422394228,-0.02070182859155967,-0.03970948018542055,0.011226814933692,-0.03958911101137722,-0.00990982515708454,0.016559340742445874,-0.012049813378394614,0.06166930875473062,0.01260396236069278,-0.018556989759593148,-0.013333986280598165,-0.005672829635680473,0.013939014653023012,-0.0433976690351866,0.01948685206862249,0.004089780352040371,0.008379779945292811,0.051185045742150416,0.00276157579879952,-0.05425350570779874,0.011067962463437157,-0.03935328693334934,-0.019278380333822547,-0.009273161589064332,-0.09071832616135164,0.007409147242625495,-0.026753660718772693,0.006107520403546403,-0.055733832859799444,-0.03780870697051488,-0.01378233626687668,-0.05100036968391131,-0.01926938753778318,-0.048833371327856555,-0.025471286478397723,-0.03611532737305275,0.05543510167514484,0.00031972128092761046,-0.005532018511583101,0.01638410260094157,-0.027693250237697677,-0.011808020390153736,0.029051217665251764,-0.05116927889204946,-0.043779684459919144,-0.03166721596782514,0.04811877855362815,-0.04429434450707545,0.05177423208186094,-0.02098360233686636,0.012687006415369514,-0.04888618761843357,0.0020419600079980152,-0.02244800186622577,0.10658695873136136,-0.03762850244344456,critical,6.346764771201766
1.0138028621604906,0.9303513275405051,0.894287333104558,0.7435556879556983,0.5933594983415738,0.58349595288423,0.3537727472219204,0.33976420989605827,0.31190929030706366,0.19840844759561488,0.17102663308055144,0.07793118451725799,0.07270596601308474,0.10930016953807874,0.11396493376039649,0.0790808255253235,0.05164122591698343,0.028013009265702767,0.004503591037538841,0.018241015121442276,0.01270801154417923,0.051312024446700556,-0.003146193370268861,0.019705701988649734,-0.04122668393700676,-0.025975764324953868,0.04874492804127396,-0.023877505641962577,-0.005004500247642227,0.042820595586326005,0.050199411860564196,-0.012110104112338196,-0.021856453476478317,0.002796365523173182,0.009602654080437579,0.0007855343383793557,-0.01862970533215057,-0.052356900972305435,0.04323804375518425,-0.04119648772447523,0.06584468303024472,0.03230427705593643,0.01789471059650428,-0.013584625998220436,-0.036768491416819746,-0.0315364649220585,0.008767646281772788,-0.01986195959642672,-0.01129949205543519,-0.00465601539842435,0.012366077724079296,0.0444112770742265,0.024210854640279063,0.015092293509288259,-0.043346177784392224,-0.0012414534964561256,-0.016460756078483636,-0.011531867927654182,0.05299501546005689,0.003457902495249461,0.010702719622287209,-0.030939243520688,0.012945296097873026,-0.024702032082611704,0.039161175540281146,-0.027867643288828212,0.006708322071463999,0.06829464326372763,-0.00044584648129107683,-0.01846320509168248,-0.013003198296332362,0.01409394129431781,0.026734513001291538,0.01499126670448269,-0.03800518330918141,-0.013192394668980326,0.014834229537415686,-0.02518935674411492,0.014922415694298398,0.04140626886622197,0.0284089339327489,0.003760098057714761,0.0066711101533471285,0.005422612342920429,0.017244647508440264,-0.02028692661601335,0.0028311681997366532,-0.016446445579387396,0.015449572411551035,-0.05408969372406183,0.008846227781623948,0.03963907506589969,-0.006049665855321033,0.03351356775155938,-0.0034180569133758078,-0.0032240957396143916,-0.051567684199213544,-0.011079348556800019,-0.009514518911466381,0.022238529072780965,critical,6.35793764051765
1.014184853353155,0.9037827340679176,0.8257561272014937,0.7192662835668467,0.6578321497997844,0.5470131650054079,0.4116494052001135,0.3306428839810773,0.2589349476498558,0.221326204084141,0.131701110633988,0.16212626537083702,0.11438848501534482,0.05939028750145024,0.03573609957880418,0.08257282806441882,0.016654130551021967,0.05398233693867639,0.04036517976461183,0.01908665776005693,0.007364483647120193,-0.04475789999713771,0.04176568003079622,0.031085358287292995,0.009448942002882061,-0.0179077434504789,-0.034315352925185665,0.029920499439054896,0.01607291264324716,0.004899733380858553,0.029957640269454387,0.010835505984583427,0.0015598618584919451,-0.004504317231853782,-0.025284535752056764,0.0021240967964376066,0.0022727953584572654,-0.004265160049826834,-0.014641344832298637,-0.04043945434786975,0.0032854399958430224,0.015862115763556593,-0.02476940970984958,-0.024611722144638314,0.008282874533434402,-0.03777547099848284,0.013582781068224786,-0.019317168498052834,-0.00316187913843496,0.024545675225213268,0.030974806146936217,0.022877828802249905,-0.012103704442373183,-0.04899663981840511,0.023231667476207706,0.027824269542685746,-0.011003296313030859,0.014450272702623952,-0.0038377020093186783,-0.02037598589463771,0.011044172129933404,-0.022160613185222108,-0.026974269700661233,0.011027733191185099,-0.004201281144734716,-0.008575835531817396,0.011241134931602266,-0.01687098824879347,-0.012513119267988941,-0.015573303861187535,-0.008599257564942038,0.025105287401949884,0.053157604159946935,0.04497135968440332,0.016111353353109828,-0.0001307729002104935,-0.017399729808461287,-0.03298046316108164,-0.042215713617409965,-0.023706853890267103,0.01695245887488888,0.04823634047947212,-0.021329365766039877,-0.03273501554174868,-0.0052337114579496385,0.00963554104727736,-0.033164610212563665,0.018192518192889348,-0.02703833857285745,-0.020833245371878598,0.04130560560618244,0.043889287906086955,-0.02953820978759759,0.0024423753645119958,0.02914662543817818,0.029233050867738187,-0.0033747833891014344,0.033617295424528015,0.020853027779181046,-0.0013210782528093681,critical,6.293105341352912
1.0235212365784845,0.9614236025253067,0.8401065811081375,0.7842474740654434,0.6677075798866372,0.47651013171802403,0.401120741400957,0.3617453879092264,0.2926717734254408,0.20789154763470596,0.16819274563682224,0.09437835966118992,0.13517475167559012,0.0721103090466735,0.07749226001907263,0.023528544974997134,0.03253944130467414,0.018359515333488178,0.06715993511521778,0.019172221569833888,0.03075936422244055,-0.027969733164944194,-0.06248914141482586,-0.01856634776763718,-0.013742832469024318,0.054129498155121775,-0.050136625806732366,0.02022834293361837,-0.004927977716885204,0.019222249686847923,-0.002363738684124988,0.01404776648545562,-0.03747623423401129,-0.021301665119172433,-0.011481758395878375,0.008864903246457901,0.04167135371697797,0.019005827362279334,-0.036010346011322046,0.00651435728330368,0.051239378537779316,-0.00839355270335051,0.036033946818486096,0.02462899268494745,0.026483374354095972,-0.0038012717297710645,0.0028474601318726686,0.0247996585748167,-0.001442239480844443,0.002603232752980268,-0.04105805838748381,0.016923921384821475,-0.005339815320695281,0.03735886609409436,0.02092977998722519,-0.005239371158055226,-0.009903395822160129,0.015198858498789328,-0.05275549303184225,0.023459632517718623,0.04535486376892968,-0.03344152458543657,-0.008322290761936066,0.0014442210293178807,0.018343951535919435,-0.011879961253355959,0.021523751403195714,0.00032898985362038994,0.0119376976600257,-0.006489168782739283,-0.016269407046539928,-0.0012444485084418943,-0.03543086309210568,0.04114597980736435,-0.027958679575234922,0.008553999003413077,-0.028905802922828048,0.006746756229389773,-0.0008835264295981756,-0.042457471843134614,-0.02824463432982586,0.0022264872733833104,-0.012293229578725673,-0.01221275374815734,0.05882136249578896,0.02064639518744713,0.029893851956187514,0.008095134396070394,-0.021998620819520597,-0.036168503257440046,-0.009586433169741983,-0.02911148913857519,0.017010885206545572,-0.0008929624743151134,0.027330693965296096,-0.030445851324884494,0.0008925846408564412,-0.004973220084435522,-0.011281402224373866,0.011766228589589785,critical,6.243391549020524
1.0200941518369673,0.9161928846397023,0.8518355834518161,0.784380794349401,0.5731326239035178,0.4792233693167909,0.46246450136303663,0.2879119785418107,0.30303962194458944,0.1443839255531008,0.17822071551071292,0.12234205260213296,0.0555329403654488,0.1021550299911942,0.03942521825087487,0.016635056030879277,0.04496955163075863,-0.008455484415761112,0.013091442356284684,0.009293506782757088,0.011850573501475666,0.004920218227170501,0.01784708772819453,0.02459933437583068,0.00023872262932322702,0.0326387850913021,0.015979172585349685,-0.019935983420563356,-0.016488671129203998,0.006179790696663914,0.006796171330248662,0.007190095468467878,-0.02264734535013979,-0.02412984394940661,0.07086288068529846,0.014937051558939807,-0.0048546734129637096,0.02064684950319431,-0.02034425388350549,0.008785175041964058,0.05520763752691297,0.03120273996754102,-0.009553926235092715,-0.022461069596300495,0.0222600205188264,-0.018269641451953363,0.04127636380804497,0.034172462883153565,-0.003907238198805859,-0.006438077203404542,0.004496883901627937,-0.019875478722081487,-0.033626098105219285,0.03256228757190068,0.04111970280188049,-0.04299593986333189,0.03546959501300179,-0.019343694073767344,0.02710143133056447,5.367014776384846e-05,0.05821502208781675,-0.05091438908510348,-0.005834557335090986,0.004634559017192421,-0.0097584848909328,0.06744256088249102,-0.0102024021690803,0.028416500774960655,0.05738286238992348,-0.03770616535742704,-0.030322931366833762,-0.024508616664633182,0.015602489447664895,-0.0031449461920449624,-0.0005098707958786938,-0.0018020658706203404,-0.056678849923988875,-0.02262879264135999,-0.04937851526275991,0.001022963217048704,0.020485561761593347,-0.013455838699475227,0.007803466528117728,0.004423422715644202,0.02976246919837357,0.0569957471512479,-0.03975283614465283,0.02596577436592115,0.029540792368073648,-0.033572409553267464,-0.008265564413690349,0.02243244875146698,0.032577144232396146,-0.01765393812054086,-0.002424755505181729,-0.003353621080265407,-0.03478174424888475,0.038904549903860566,0.026336241407260756,-0.002086661563289539,critical,6.307571926956334
1.016153117254838,0.8648238748611109,0.8350880988775267,0.7483363054976832,0.646241201367328,0.5976502035412162,0.3742112719400305,0.36247679478092376,0.24005461767038844,0.19931241078670897,0.10257473514104956,0.15573456668583485,0.10706481397425442,0.12562735314264897,0.11627211644668844,0.03977242526510312,0.007599945176415934,0.03378401506579488,0.0003959794143148336,0.05254747766361498,0.01761696647196034,0.01997164395108847,0.030319717253923614,0.032189228080309815,0.008342482613048732,0.020999131213940703,-0.05375884132987345,0.006669694189425469,0.027330758863061095,0.001489932175634776,0.008809666375053937,-0.0028423712233136035,-0.013001567046160812,-0.009326820972765253,0.0326807004164626,-0.005013682085147153,-0.005388666535571442,-0.03423721576158231,0.04476901158762395,-0.013753294799944318,0.06309806612844181,0.0253997711530736,0.0173449664294247,0.0007208453413718539,0.013538524094470792,-0.014170620643967067,0.04794706908424448,0.06770104011914743,-0.04675060772448183,0.043971288752010645,-0.027248487564843823,0.004699276691872895,-0.040519024450685906,0.00752030105959062,-0.02004536113857181,0.05781435211828376,0.02357787102465807,-0.04056914168604759,-0.003415064374221998,-0.03901732431727297,-0.04187553909524044,0.019299536756417917,0.03343300499705161,0.02054386191878737,-0.02459828238724828,0.004946679981482203,-0.033420153087250375,0.008500035133677353,0.015733239722364328,0.03351612632298728,0.015276551754849974,0.006433361168510866,0.025270174469873095,0.002981661713007159,0.015188871607763667,0.062209048288507186,0.021754037649422308,-0.026017069801017454,0.061557277248648255,-0.02831597294788074,0.011813335530041193,0.008496898305287074,0.02216407375719374,0.0034350557548792327,-0.030716894200200698,-0.03893798998142022,-0.037168012224210685,0.03239859751165888,0.0489797949522382,-0.02830767670144808,-0.025534584027660925,-0.034646805940944485,0.005724267424946876,-0.017038361271454833,0.019315849057622094,-0.03411553737241625,0.018975890096354874,0.015493626248191944,-0.027467576480777797,0.02791637228362559,critical,6.29098494710996
1.0515394440893895,0.9472378027527982,0.830088766721014,0.7273065385735251,0.671165893774856,0.4862863726374603,0.3951725960894203,0.30762259569327743,0.273973963822111,0.2678769953928341,0.19270703452505053,0.07543983998587987,0.1362363840300141,0.093735159454732,0.05320251182019931,0.011457127565831886,0.04870489529345852,0.06404005366250318,0.03979153310952157,-0.012822234150024155,0.028039771346898352,-0.018773144064731802,-0.02476690535657966,0.02700107035244874,-0.020473421767835755,0.031838569747272116,0.019190663463238982,0.03888173933118863,0.024013342141860513,-0.02183993604886894,-0.01628966454129566,0.04071822057401195,-0.03718599212789961,0.0017309017869698217,0.06024102622702251,0.022388649277567143,0.006952870216744683,-0.052724644651076506,0.002070733643586381,0.03510186119493385,0.0012418627283890052,-0.021836672203900856,0.047238820310659686,-0.03494197074302783,-0.020646083718621356,0.005880189059841539,0.009963284572540204,-0.00407135974359618,-0.0009493991411132526,0.06340388055752721,-0.045263619011949315,-0.02740242080679088,0.0023469250950463568,0.0003189469057139063,-0.0376791369316675,0.017579752290355015,-0.02603740332660855,0.016738523795712834,0.03329263109751613,-0.007192483563718336,-0.05154516591440115,0.010957507794687649,-0.013397935850030573,0.051345752251344946,-0.05978213768224997,0.003586350424963786,0.02848520562370273,0.0074561070136593315,-0.04181013200027159,0.024663089164025903,-0.02774289520852285,0.018667274282892134,0.05736566445590348,-0.025032902828847063,-0.022585219096164125,0.0056342880071412315,0.04688667940361288,-0.02816714159603151,0.03746405147587728,-0.024410673373989583,-0.060563949862464536,0.001883788689286719,0.02583626482465843,-0.02663554165035801,0.08427121229807674,0.019257884856336928,0.0027504973716359123,0.029332530504578323,0.0022595844577528957,-0.024995132867081445,-0.028202437337649156,0.010285094460441959,0.024456457837473213,-0.0018468265403747425,-0.02684357356216845,-0.02417593714226958,0.023636595218912808,0.025080690615260626,0.02166853958003734,-0.04437438752217642,critical,6.38516360554333
1.0382450182086589,0.9707098011872687,0.9022685334496998,0.7464516457619244,0.6472011699268666,0.5622937124427596,0.39931122111413775,0.3757402533861831,0.2719748621601228,0.25220501559718583,0.1998382584897592,0.09392134493463168,0.08921321651771608,0.08538462550418262,0.09791031567051797,0.09896404118905684,0.08176315907891728,0.048026565469509,-0.018450904080891787,-0.024595813551188984,0.05818724416776665,-0.03563075741710546,-0.022200998012134703,0.048702612461152886,0.020472615762350366,0.04129493567315789,0.05561178766073535,-0.02362488019501801,0.0025344706427349517,-0.05672173539689977,0.014891314281412304,-0.007362640854853791,-0.02043619643392575,0.028725000520202514,-0.023823200458132677,0.04247337250089846,0.00835834803509768,-0.06927742652264686,0.008883802216131565,0.009047719962070362,0.03400468282933842,-0.015230276614649785,-0.052672735744292834,-0.009596216323735881,0.01544731633213686,-0.0007540525275278785,-0.026586544305569563,-0.06146252743129187,-3.963662410100834e-05,-0.04504936362964073,0.07720145622868795,0.012728528429926604,-0.013964436949552027,-0.007957469370704979,0.00492271570417963,-0.023262116376304372,-0.028147099013442776,9.085838423762824e-05,0.021997877965863756,-0.011300233699653892,0.008501366413820178,0.059296216939215024,-0.03202363408429956,0.00654650403040813,-0.01103748331874872,-0.005402832076383847,0.030852202988946333,-0.0003415528568572822,0.00500912924553011,0.0045296382521723515,0.04379162983613171,0.03503414632946595,-0.0050551692488643996,-0.03905662874220719,0.039371597325197634,-0.002271773475973463,0.031366425049191266,0.011808943812047923,0.02380853055336907,-0.025880369100973848,0.04027013762527284,0.014031830875994527,-0.02679473758439778,-0.02316036172212408,0.012829687420594964,-0.004823195012111,0.012862607478369686,-0.0238592702813545,-0.012246747630865178,0.01333047052743407,-0.01992716881981804,0.06649413412472974,0.017115301280722448,-0.01776902009490872,0.026276427563101768,-0.04226024046087633,-0.002795488181522449,0.003153056292560277,-0.026773199733315652,0.0335863746603059,critical,6.301086456071879
1.0483303094925616,0.9208785472885113,0.8360859845412549,0.7933442181877474,0.6655176818207942,0.5313850228000851,0.424674509364655,0.33217363778821546,0.29322848395259565,0.2669386917308733,0.15570449551056556,0.20727914333529007,0.1413191269789351,0.08256164355255473,0.0548015624790735,0.028529189109920996,-0.018976147809074015,-0.013756770268168766,0.01945846476757402,0.032086665888644436,0.02104776681732832,-0.003737782904160993,0.06843467916182905,0.010336126993591755,0.005849219700941134,0.020940343966059545,0.02943440419790921,0.038280387110219694,0.05605188839200644,0.036245063531985006,-0.0031435299738325428,-0.04509978766042797,-0.02881882245197158,0.026650509829460624,0.031940485524638594,0.0037207755809114205,-0.020852585021410675,0.008796736783365696,-0.04871881072277454,-0.005902357733049823,-0.02674935442838534,-0.0037348907153528814,-0.034089117142759334,0.0005357016705635168,-0.005591870911222379,0.018258862322725344,0.06812143945217997,0.009601820842040771,-0.008052842342309545,0.01746774224024266,0.034764812455596,0.013320819657543528,-0.041607519528049385,-0.0018126349265028749,0.007840566132319555,-0.024363203327992047,-0.043122465730120414,0.005464078321297763,0.04203520174510948,-0.06495104106528024,0.022437271688789326,-0.03254412112233699,-0.03264613645822868,0.029565941143110168,0.008335888307446788,-0.0002866868951625751,-0.038300436487241955,-0.020291104324986993,-0.007649580423198232,0.022739121009348662,0.013210321708214049,-0.03668659126737991,-0.0386897075938275,0.05316296707546455,-0.028483144823145637,-0.041200913506163485,0.01699629999375808,-0.028453735589085653,0.03674803627079271,0.011777346875282044,-0.025952742240352024,0.030440870473923742,-0.018213409777637576,-0.024859731985283587,-0.04021511670273343,-0.024468776920293592,-0.00010795245975333629,0.00917943525510196,-0.04940378238663177,0.0031028317463718115,0.01510131331802433,0.006826339798471024,0.01268576748057054,0.03871876875796105,0.02190307257484472,0.027830666170505912,0.050104823132110586,-0.07134424158141615,0.025112178176548337,0.015127460448714799,critical,6.295387931597869
1.0123137257882828,0.9350976230776409,0.9003480212206179,0.7430205170654944,0.694511646816294,0.5429205248421198,0.45028275424704267,0.2875371855742146,0.2930063963262886,0.23966645283127838,0.25940530451721444,0.11468290893603318,0.089931346706359,0.0754270734539815,0.028377747752941412,0.04562758133201291,0.09056234453282122,0.012232529099700722,0.030867865540673035,0.007454093780713869,0.019571262396001043,0.015738731273303733,0.02210548837878699,0.0010394845977168992,0.016083609154770407,0.031570294592438396,-0.040918368985770365,-0.028181305418108534,0.032641688904523534,0.008530450568549938,-0.03550420612324224,0.0036341480808722514,-0.035389078694569705,-0.02407385269383633,0.01158441691891348,-0.028925234897197002,-0.02221737896111223,-0.03315619391244676,-0.04276157810169695,-0.007352122465858188,-0.042576566962661704,-0.025556283339639566,0.017511555866252474,-0.035286568546072414,-0.04632835497050838,0.06625827275500712,0.003142009144387502,-0.02857316184706814,0.027295340186297343,-0.003275743254425233,-0.010004667818180716,0.028947460619235078,0.025206068824251582,-0.0009203372380737611,0.034193160181143614,-0.023987869432434906,-0.0007286932539760282,0.041407475352191074,0.03191105884195329,-0.04905150939675884,0.01687490278614235,-0.02364381356507157,0.00948072052733666,-0.05384073109556239,-0.0008605969698802515,0.08094767490954792,-0.00913047189388759,0.01654985647538825,-0.06696278871145404,-0.058360871793561135,0.02669025285395208,0.01565944278508661,-0.03827295748337276,-0.05402464149216902,-0.007119082279829159,-0.028672512733802422,0.04202235565017948,-0.001093845871980555,0.036341326264465006,-0.01714681300408644,-0.0057343197609818364,-0.00015184423861150186,-0.02079375938301353,-0.05207319176869044,-0.0006861502909847055,0.022667146712828753,-0.007966420195623056,-0.006632390780295897,-0.015036898512221047,-0.030225443540066874,0.02669996486329068,-0.04291392900010353,0.02312435927111416,-0.06525439924253956,0.011931455582450616,-0.005806050749401125,0.020606532045845373,-0.02485784540887588,-0.016635541457876376,0.004994195607675137,critical,6.281054925630212
0.9565180530211055,0.9437444638973037,0.8602102313966374,0.7479436038164549,0.6296426803963506,0.47569217482889553,0.43057767721290285,0.3565606603975953,0.2662852834638456,0.1744407430117324,0.12844157736270687,0.13811975337875593,0.05300968864196268,0.06600618115692353,0.025745918555016623,0.011384913009666237,0.03562050011997158,0.013132815203822487,0.06722847214631542,0.030487024035411075,-0.03460936105425304,-0.031354831558593046,0.0006005200701771655,-0.010681145328419558,0.06009580010355998,0.018986820705017154,0.0023962655638857986,0.00974544427866798,0.060259470809580155,-0.027939534971754196,-0.004558021242949245,-0.010522747715507303,-0.017952938559423787,0.015969978529965803,0.0014470259444031798,0.03461547307969382,0.006634031763131187,0.0044876495166826305,-0.0027120830663648786,-0.02218614705931963,-0.03795543265690063,0.013541202158778807,0.017034112804672746,-0.06746171935007911,-0.022512370224647044,-0.0064478856580154975,0.0388589064424732,-0.038905374767791136,0.04757886305217414,-0.010631876265936903,-0.015964851658084225,0.013291215553236852,0.07579166280333482,-0.023983008985981456,-0.003735540720855714,0.006626936411247795,-0.00047122264140399544,-0.0379989788348659,0.000789262457589912,-0.06801622037166598,-0.006466085844611314,0.014932164366443972,0.007215515789152078,-0.005545728025892336,-0.01959254640125551,0.03725258001819889,-0.021251040943742396,-0.047142524030413406,-0.010535012844088467,-0.00504215196228999,-0.028654198122142913,-0.012204692663692476,-0.007385594700733527,-0.028247556158655707,-0.07704194162360133,-0.0024522736164174644,0.040106582311939,-0.013822718550997327,0.01900046034487739,0.021380793812581667,0.04607771514997932,-0.015491962851401976,-0.02145924348117962,0.01476509609780032,0.0018988830412589705,0.026240223138998018,-0.005946531631992434,-0.04296140225872736,-0.012023392037495749,-0.0065345440929161,-0.03153865488977129,-0.023697705839922076,-0.04141909098715153,-0.02774352890637109,-0.0032391640153884927,-0.01607057738189972,0.006174099519019483,-0.03811772989222386,0.05429837945292222,-0.012597276341116454,critical,6.281898385141275
1.0208644712137005,0.9847321717791848,0.8895192459834799,0.7260817456273895,0.6156171902056135,0.5256472588246232,0.4451482179598293,0.41106649052224015,0.3037363031963362,0.17077315584211217,0.155716934974807,0.115999915890176,0.1055247914015843,0.06792439818332258,0.11822706584007912,0.07460783879521739,0.007548528039298029,0.06278419063306209,-0.009527852332163488,0.028730513571711025,0.03594310375412537,-0.010667003952894641,-0.0009958732525371244,0.027730339332063283,0.02905562987175918,0.01436109281121974,0.04518935410020198,-0.06265265855845828,0.005943349815454646,0.0472491752178623,0.014351054801998398,0.028736705587061373,0.026497006792178066,0.03489267838331306,-0.017429454830161867,0.03816544793449743,0.013140753503043147,0.03438128364188073,-0.04499090408925046,-0.020583503580183748,-0.003940317503075999,-0.02370534401845648,-0.02844130179427124,0.01160982589159531,0.02504784741589537,-0.03770231494588294,0.01605282634898707,0.02147923689978078,0.003500365199119808,0.0034546302082740323,0.006567705984477936,0.0391507024700941,-0.03817005048254491,0.0053900630893226695,-0.006536511612514192,0.006039336813477383,0.039381950461333054,0.023087478231671933,0.033058561477308145,-0.061481373732253194,0.05987737300259159,-0.009088178963397834,0.013282814609377105,-0.0054425257903367025,0.006368925501197279,0.03470476726999049,-0.015396283928399203,0.008317704033406498,0.05353773643311288,-0.023634513209423426,0.012424705811625041,0.038035689682720024,-0.033793803578667445,0.008236285062071016,0.0015802331374669986,0.05403153265992656,0.034574501485398146,0.008149258965343029,-0.014426782894391133,0.0014300856486731835,0.01801750055861376,-0.03666725825128334,0.013590998599305482,-0.049012047205272836,-0.05307283993684218,-0.013240956199705188,-0.017546006689223535,0.032691916843300965,-0.01645060451981955,-0.009227731288940989,0.002623897050976956,-0.036818087479934744,-0.004178131530739426,0.016215987503478056,-0.014492600297225046,0.030925250082084257,-0.037671070275267324,0.019611325650552236,-0.008046109377418642,0.042213057598789544,critical,6.410630330992969
1.0183144995690807,0.9837732766897022,0.8523378470853988,0.7691552550583067,0.6288468338911098,0.46085342498618687,0.41990981900566077,0.34448300547287786,0.28198932639242796,0.21095059214278714,0.1661715434785632,0.20205937777416244,0.1368640853195912,0.09390774539433977,0.04470251883056954,0.07857580177764598,0.040298175289683026,0.044213455296313806,0.09640796128332917,-0.0032509803446834767,0.05684118407569365,-0.0032407875231144252,-0.02408748744855759,-0.004461435608065938,0.012225159697590405,-0.03661048160688531,0.0030041038936651607,-0.010007353688736492,0.02011854348063498,-0.009350771589197676,0.06231659833463366,0.021413327165324812,-0.013738408672431437,0.011262381016676795,0.038482069194832914,0.03864065586722996,-0.003636613343456249,0.010853362057133057,0.0500314883376353,-0.019916212048318015,0.02187936407581371,0.05507583831461065,-0.021173949183555665,0.017890062354843483,-0.015545647522041075,-0.02285117476533231,-0.042642283211608414,0.02804477200243175,0.027078075690186963,-0.007312012793803088,-0.015312395094284632,0.05301066578272813,0.019902135712374414,-0.002351125437836738,-0.03435255320116846,-0.012700489562697998,-0.01686908851241886,0.01763156629522316,-0.03522362237675769,0.01711386197099988,-0.00135303299185588,0.0398080554272636,0.0105904441776731,-0.036443600719397916,0.02418141652669926,0.04067843815425088,-0.048160373699950805,-0.03300731001427872,0.022604247810466317,-0.04066624022441119,-0.047464021654622546,-0.023258325296276867,-0.014071092047318646,0.02624060750735151,0.005969063787372918,-0.0069648527779830535,-0.04094961710755679,0.03533696159331758,-0.0198709975033364,-0.018348905134664847,0.04507009480596381,-0.012145974560355755,-0.0013847002267428814,-0.004944496315409028,-0.025271018434931753,-0.02790616953046123,-0.023985233730117926,-0.06426333612626031,-0.06290983982945972,-0.018527253891576428,0.011785076616961411,-0.0009631786398770135,-0.03185941936405727,0.013731397251122412,0.002253380357341034,0.014329819388179819,-0.0038890900078232195,-0.009128010713830289,0.00032413849393031746,-0.01048224592778889,critical,6.384493994687105
1.0197646024375708,1.0133784198067302,0.8513046251920192,0.7701708649391725,0.5622983902380971,0.4880789068005917,0.4009585134732572,0.3646041830669932,0.2825573458463218,0.23708980452173856,0.17857149716893414,0.08694163185630818,0.14621229263891533,0.039593355829837806,0.05612044172295484,0.06626431974333599,0.08845202687433043,0.0032941879617194997,0.029612240321422248,1.3957710556046499e-05,-0.04192817442697797,0.007955273305630275,-0.07999220227938927,0.001043039407781911,0.02821042817949327,-0.03755276335732374,0.039244612686685276,-0.007707496969985648,-0.029919687853081054,0.00966538667983681,-0.020916956778620457,0.002460727230840607,-0.0164451103078366,0.0006637266785449855,-0.06359822207490017,-0.029822961418283847,-0.04039054613979103,-0.0018565285625036303,-0.057057739329422645,0.008243805025410767,-0.035706758237766825,0.028544902488460637,0.02221691222869128,0.017087632583498432,0.04384806295978894,0.04811501522743671,-0.02289668325243046,-0.00681386081908165,-0.025161451020847023,0.028385450746685574,0.01254682396224837,0.005649320160409619,-0.033452483533290715,-0.003127831069722215,-0.026776646211137217,-0.05218598770834335,0.0066309396862481666,0.027501729200216176,0.0027756833045564067,0.04829299217328066,-0.019533667672643164,-0.015065646874792645,-0.03082008146421561,0.015424748760406642,-0.003158337363140634,-0.0100832879739466,-0.04156911551139696,0.08326686750744132,-0.02458461510117372,0.052234080447841474,0.03463186497810845,0.0642598191416044,0.046152710916734785,0.04417465912165318,0.028362140062540314,-0.056037785234358144,-0.0197641874134402,-0.027169833075909335,-0.0025768390187204796,0.020958990025481725,-0.002199475819743808,-0.030528673281295757,-0.031150654648463137,0.010685500385821953,0.007346911971816031,-0.022048584592286324,0.018062223610005694,0.022114372894592466,-0.031499427403165796,0.043228997639180644,0.021862204959517448,-0.009183563739255161,-0.03495256284480867,0.004507571354867717,-0.005146399728754403,0.061447566574006116,0.017062036074166634,0.0013769605747684286,-0.022063016678290918,-0.04092179967906256,critical,6.2620065309130455
1.033829897920215,0.9222944069857391,0.8481616441314256,0.7959915248171038,0.6300805428837658,0.4405185481751821,0.4545996635545636,0.3561831105025629,0.22355540116852451,0.18708954182507645,0.15442625896602516,0.0915106643012584,0.06786270786321015,0.07908991820100615,0.05768175935143145,0.02607879104170236,0.04534940936159361,0.03795746098236642,0.050075243542978105,0.03750564165412258,-0.014858731246198001,0.005875113468591899,0.056505856584019645,-0.040325813339304906,0.0027092532610491155,0.03812129356672824,-0.020321102083492387,0.01582821976435434,-0.0012245421857264112,-0.018709673414790552,0.025114165531403557,0.05211696361280651,0.03494692309595312,0.003968931968325388,0.019474933837336388,-0.05344074785733827,0.010477738910973455,-0.056318861287528485,0.040171435329069784,0.020355771673240635,-0.04228626953799126,0.020390076457967494,-0.02516815002251326,-0.03997640759374378,0.0446531254550745,-0.0264349814776005,-0.05829889908368204,-0.01931878019342013,-0.01857612749076645,-0.030782802363428587,-0.0649823036130038,-0.013465902277348134,-0.05941231033288037,-0.013725919365419673,0.012637664355991667,-0.037110828922644806,0.003109067661201892,0.005782210194263901,0.043197232261199564,-0.03175766544556289,-0.011966068544122618,-0.008363772042213762,-0.004826865561039896,0.02158968890967517,-0.06998077399692938,0.01600494671082042,-0.0026478245285426845,-0.012029804638405058,-0.025204139552775343,0.047823145204732166,-0.011311004253947956,-0.03968037155158302,-0.008392197664982773,-0.02443126626591365,-0.002202346309035228,0.04684717862212059,0.015506262659516521,0.0027116497072276553,-0.019734314141605366,-0.024061289884862433,0.017549646066512714,-0.015848651973656445,0.00705369966950198,0.0057954594788437504,-0.006091790538904641,0.00234637177435398,-0.02586438516370259,-0.02033652438164538,-0.005236668549906513,0.025556167137392935,0.0354379333835647,0.03437545240762441,0.03972278594500734,-0.013141595890458744,0.01316513515025822,0.03139497780994029,0.003538723934661068,-0.007359723063830721,0.011549158827336318,-0.030750818012459318,critical,6.234936199372085
0.9419935376704898,1.0038821613682503,0.8358533499949677,0.7771843521417287,0.6895502529181586,0.5941105365738246,0.42866047034772825,0.3734709043283607,0.317187112836642,0.21901780216602226,0.14307751268093122,0.18612889222232612,0.09697519681724769,0.10241451371805677,0.10648159613175498,0.10011415526112882,0.0552729970503107,0.02063945482687788,0.034010982594329595,0.003498222290128271,0.013414818296641089,0.027560726311802793,0.013617463105310031,-0.04487147958476963,-0.00036027142541006536,-0.011935706214160622,0.013446172360206367,0.035885231083000665,-0.0010644440645707558,-0.0620975758320086,0.07661175598169717,-0.03853739775390103,-0.006538650040578707,-0.009213197817482015,0.014496785665518454,0.022503545336621515,0.022206725538501476,-0.029315079086502695,0.04688173485661963,-0.033245906265158554,0.03466469819664741,-0.04115656504498974,0.027566207007969305,-0.03150803398404578,0.007150677467467691,-0.03371660341607972,-0.017967134513918275,0.016876752234065182,-0.038778409852735424,-0.022028153792772214,0.05559988672004694,0.01732864780261678,-0.05316541205056496,-0.019937351675063587,0.024873491343981497,0.009854970476925693,0.0038172598101705057,0.012704887826277326,0.021263201667692237,0.03137608844980883,0.03062673142107349,0.023554018631702322,0.009973009364069507,-0.03962764544672612,-0.0342849120004784,-0.05050243418078066,-0.022169959842151806,-0.008886887300020645,0.012310046313831468,-0.039440346620384883,0.001613254888951059,-0.019271840337995883,-0.005022797220882237,-0.025197328331253495,0.00349127557800223,0.042904879950566556,0.03624327238193151,0.014610694825871233,-0.025343948056160456,0.057363393660754124,-0.042016989187707604,-0.038908007980264,-0.027237383433021182,0.011202630299803265,0.019750394749641815,0.0709045959840115,-0.02491951584371406,0.038531362727667634,-0.04653847531309991,-0.0029081367894051983,-0.004976707432922939,0.031291805913515235,-0.05846175359735708,0.044961530905366164,-0.020389337088453235,0.08262244250430886,-0.05503637895029689,-0.0371488556964578,-0.01334149099434254,-0.05267725838675941,critical,6.421747991390783
0.9522539484499583,0.9198419746726119,0.8527459727418141,0.6838272465694113,0.5952571210339654,0.4792780404685674,0.4427648945088664,0.32734276191583356,0.30471728553171357,0.22317568544111446,0.19226042859157833,0.1323671187102635,0.12166489621210871,0.07021793636751672,0.04106665830130321,0.08080968744189707,0.0062671616547370496,0.04240162855715912,-0.029580882071138466,-0.02728575477720271,0.008351331293180558,-0.01315751107177279,-0.012448717813876003,0.01845835892675357,0.01443321161527829,-0.0369460595174081,-0.027833814680516773,-0.010270213858704202,-0.01751893701521979,0.07296405324338204,0.0428018885425579,-0.024867225707887096,0.007848096844833877,0.001784471084776141,0.0040554268722251185,-0.005701770521981746,-0.08284463516749839,0.02047141888122982,0.006234330439725691,0.014896103815766497,0.017955367678724164,0.03843958786341897,0.021115687208155355,-0.041231237905779816,-0.02085220004643079,0.03150872282985712,0.048079759535111795,-0.03765497920644028,0.002243554030388149,0.002461479438082845,0.003925373519273776,-0.0009846664479196885,0.043802887496708104,0.008038917299513362,-0.03470631035108708,-0.018992198632859288,-0.008843380907433446,0.029729584584262607,0.031952344700051094,0.0037047827943954476,0.05249437855335201,-0.027584004124659396,-0.05290748057543117,-0.02600713021426448,0.004789064646391479,0.005932623687482369,-0.0238501278339407,-0.0205584528150848,0.0019630916000960186,-0.03881502201750574,0.04545797316020991,0.021249509094334058,-0.007082985643720067,-0.021074099326510196,-0.01708124812604285,-0.012146567009862363,-0.016133931419162157,-0.013907717206007909,0.031329136171772895,-0.016962765101735843,-0.03257545553845148,0.0050762400663603695,0.015507664554522741,0.026360271570955114,0.014121745371156645,-0.008717605579438455,0.06191386128037611,0.07846162416016504,-0.02702866004724754,-0.009337875651073578,-0.02382562336174657,0.016583625217165863,-0.036641365435447014,-0.016355788439767864,0.008293150693184852,-0.04999093236680389,0.0421981715683445,0.00539481623617983,0.04190263415587367,-0.02153675394783105,critical,6.264780412908352
0.968504074319814,0.9797280057897789,0.8481497081907785,0.7237027295504778,0.598789651411086,0.5277366020233433,0.3934601122948721,0.33619316202445626,0.26520990637892217,0.20638049268743514,0.17319235480047393,0.09952598724126248,0.11403824049305149,0.09954625985667838,0.014626624396322604,0.023966204779113445,-0.04862261349059675,0.051269958698736504,-0.0015523990013302097,0.016913036172173473,0.06408708056036201,0.014991802409508679,0.02169358542295756,0.0548353494261132,0.023188173909078826,0.030564132014442948,-0.03345152272608117,0.0001198911696690258,0.0037298074091900116,-0.04759685911689572,-0.06948735987548071,-0.0003484212074218165,0.029544015485959228,-0.008244198748265617,-0.0011992230188141656,0.003772624173796496,-0.028033329383730085,-0.04965538359895928,0.00759334952031735,-0.04841083823210195,-0.037964232556639055,-0.039670599129577676,-0.010230570460398773,0.012331567583955892,0.03732630978627653,0.014735442144517072,-0.028731874971255216,-0.025980447424923177,-0.020207730442158577,-0.030754829794276524,0.02429049624709583,0.02679149366638564,-0.04999891236712545,0.008499171827124325,-0.021037221454456616,-0.036157311037104144,-0.013911580818358768,-0.048529803499356775,-0.006535608166521808,-0.014026429732030075,0.01248104195398739,0.02067680324914095,-0.010720343226205156,-0.0202554162129713,0.009963285234365668,0.01577901218404812,0.02609366204626557,-0.004129415587229108,0.006761736002750153,-0.04348858785657355,0.005140901166715889,0.015643992810958456,0.017563659552774384,-0.00037701229427025625,0.008703086840676128,0.06312100838729673,0.02133512173885307,-0.06336742944942096,0.005125079564959652,-0.012166952058616426,0.04380633253642088,0.01542971132322935,-0.03603462941031476,0.03179287698185976,0.020944995611166174,-0.03689306588736433,0.0320289421754089,-0.018109905444852737,-0.038095422771727144,0.002778269340955657,-0.00851614179247241,-0.024808956671637305,-0.019179280777411416,0.04943777675268846,0.04262560188984672,0.027478414909260056,0.012201485637788993,0.003026890450593201,-0.021162955257224666,-0.01745478328426363,critical,6.421634478684205
0.9677780192343627,0.9506386393535428,0.90322462534167,0.7484031459094006,0.6692234420034466,0.5472412805718042,0.4148670271806433,0.39695072513414864,0.32010025626836325,0.21898771875575285,0.20611231011301245,0.1683514828700614,0.07599321383455511,0.07010165046309969,0.1149285866207781,0.026343463250304892,0.027126737671006797,0.028763455365332386,0.03658207044869503,0.027246977898600575,-0.0033572167078781256,0.03441727557772587,0.006856910325147496,0.01961359117925662,-0.013771856560669506,0.01322299638760471,-0.012689058433829897,0.011598008880377512,-0.031805948943352265,0.02054600602107588,-0.0012049229660988647,0.021453663152160175,-0.026025271792220844,0.015804144562354627,0.02470417784465203,0.0002262635563469698,-0.012709494818163847,0.019057670956053322,0.010548355730281699,-0.037012761439132034,0.026588591122004547,0.005365960691419371,0.02922713348732562,0.003748596113664203,0.008839513769244904,0.014295065804058598,-0.02734494038014182,-0.01700913707982884,0.015392375467979896,0.0387510016937739,0.0032634567100090716,0.011107286913588794,-0.05481430117027945,-0.03475409327052406,-0.02373109291151201,-0.0027871269232647984,-0.0003992827731605461,-0.030587254403595044,-0.0013732745411579681,-0.03981271708333217,-0.008933756497837116,-0.02945257787279536,0.04096292032009865,0.0506576010561291,-0.00526786855432568,0.025096562724356637,2.7792201371264147e-05,0.014345331224462765,-0.07796267134457642,-0.0017133240746118488,-0.039479092873742856,-0.005502004670249518,0.0008584748512051192,-0.006623398445125181,0.0040138998673609995,-0.004853647459323924,-0.0026846070037384964,-0.025025909705484253,-0.002083859022575392,-0.024813619590686547,0.0012002610297229882,-0.002860378955978236,-0.005417105650880502,-0.014491357133444582,-0.06165678216313988,0.04595592902153438,-0.005829036302093909,-0.028196043173341095,0.021979411481882937,0.00414314113135276,-0.044919676706585705,0.020849187213705343,0.018520265399630625,-0.008913263225840939,0.06950464448111883,0.05081230032842575,-0.025230557271650182,0.013978260837790885,-0.026761461728390248,-0.018825519542608356,critical,6.373147224755072
1.0859801490808934,0.9998944782675163,0.8413550173413026,0.7380993126172729,0.6202402144001927,0.5121408461945915,0.4638575089803391,0.34850573470181606,0.2782397893247865,0.17176083186910251,0.22767205729112833,0.1521635613926865,0.10993724699850356,0.06885051318387499,0.0477371290401581,0.023773344651343873,0.018567911974395685,0.01749158400559108,-0.0034249710933108198,-0.019523984570787547,0.049338258655642855,-0.011902927453561623,0.05742533707700263,0.03671880766957972,0.01983869185647409,-0.004920636050078672,0.06569772251871303,0.014383809291263691,0.0075834152237793245,-0.03575518354649594,0.0038024305789741233,0.06115312286995496,0.011988645089001757,-0.03901866992855189,0.04323650269398401,0.024552482566201256,0.00039896580204642324,0.019506285674222103,0.038176133636261135,-0.004310202745877392,0.04197258579064913,0.016814001001273324,0.02749812929876542,0.012712190406341755,-0.04915205391247918,0.022465077458414882,0.010441064179110254,0.000571090758112637,-0.02183390958383627,0.006567808605571612,-0.040363151461938036,0.01614713404698118,0.010176990348537465,0.027733932271418335,-0.026846919722050673,0.028753946164463886,0.006174585235265962,0.04980230201402778,-0.0028843778378955273,-0.02645834253595144,-0.0013987082956163257,-0.01728551956307062,-0.027523452515649863,-0.0438894353286985,0.0016358897737088888,-0.041044704191217155,0.002364772212501499,-0.01916235895514474,0.01767054221738579,0.02249312024309168,-0.010704481363579942,-0.028893454285016825,-0.004848491152007813,-0.018141377424822257,0.019119107316075183,-0.0013961659754837407,0.039158290783151604,0.005398522003221987,-0.005450797275561533,-0.024611366554673435,-0.02238741500244582,-0.0447654281613267,0.018465408556297636,-0.026723569280823294,-0.0027763363570489892,0.015330056674902092,-0.02946646118562728,0.021472467979671693,0.011291742772322724,-0.01282054601201733,-0.002928531867212106,0.002781420420820692,0.009180974097439433,-0.014360288069395917,0.038541634953260365,0.0016376643696820042,0.03967608223607324,0.04904576271172282,-0.018489544468129615,0.014385060593844892,critical,6.235721120633298
1.0110242821550481,0.953568837176078,0.8306197668885342,0.7784590754392737,0.6382061346968079,0.5177489104972679,0.4405952795051854,0.4056751867363604,0.26535505099718804,0.19830816334039622,0.20002540319959666,0.12044787448933658,0.09042447697596025,0.11554493024266185,0.11872059756414302,0.058705569230516036,0.012203449093535365,0.002200780961275999,0.016115252772068753,0.04059572193795019,0.07134228189637734,0.022189432026721023,0.01026682712843447,0.02178005717819597,0.011139196432456037,-0.035172556357224244,-0.025523566106907997,-0.004380307050015979,0.025503118438637683,0.0365641425722259,-0.036044905353749136,0.03828950499079127,0.0015937725457434307,-0.0291786761649086,0.025073229126737127,0.0331221744097944,-0.019311544734708516,0.01573242462512369,0.0018246563185425825,0.007380926439239011,0.029342060913651154,0.04457613865772796,-0.04459935014568811,-0.007263232405748668,-0.04042977794449801,-0.030862826628096973,0.03107967835276263,-0.05094544744932008,0.00877438659747488,-0.042780172503765486,0.0414888262156531,-0.03320259376432699,-0.008695336160902166,0.025176917454725122,-0.007275549721786202,-0.047218542570251036,0.03664913041130709,0.011222320332556525,-0.01308398620433265,-0.015629017814894876,0.054039342933215134,-0.014272979778115279,-0.00331392448409376,0.010636353098476598,-0.00035577325200904366,-0.02901320740874983,-0.01783814026251925,-0.02695798038520773,0.042079163659671334,-0.005425230705375311,-0.008082505154792316,-0.020116675244816636,0.030079968985848454,-0.011193609090703216,-0.016907345602217495,0.026895642219502955,-0.026685482199819085,-0.018131498984222647,0.029330238085890803,-0.027336537110257898,-0.020432331969975712,0.02496530145153159,-0.06656066462346152,-0.008490854243504,-0.013777550186412876,-0.02604381327812708,-0.002692585611609511,0.03472712687388996,-0.021481702925386578,-0.04180443125437642,-0.03838822672643193,0.02566363143871073,-0.014422679187912239,0.02932973267565345,0.004608577033179723,-0.03463185779514178,-0.004754110529520707,-0.059797926476041076,0.015842330980787956,-0.006780947857631319,critical,6.309197996085875
1.0109147662964733,0.9524079464884823,0.8698602115030232,0.7317959789167571,0.6211156923523604,0.5310573366649485,0.4265132109681933,0.326352122951421,0.2945227583130165,0.2056201210912637,0.21072786250092163,0.10904339008896721,0.15146400365510215,0.08373113990671055,0.10503491507836211,0.021190367819457483,0.06940157433858204,-0.004965944039631121,0.020568356285096002,0.008736745482765158,0.01191569735455178,-0.023018891223732033,0.003906586105539378,-0.020802819137349104,0.032949736627182286,0.015483154760280044,0.0046204808441963705,0.014520592071203434,-0.00655628323537435,0.022753027470673037,-0.010655441956874921,-0.060049896747223185,-0.03560335003553867,-0.004042325516674456,-0.003817161616757746,0.012973348510540005,0.009803474854252278,0.07209328044206119,0.000416605504548107,-0.01511956675057509,0.021898797690534537,-0.012110649124636769,-0.02214907517643517,0.03197029449717556,-0.008902890056675527,-0.018580240789093993,7.139228090856865e-05,0.006625549469634623,-0.04527696692720311,0.03440580014964768,0.01056520238762972,-0.009352901353273558,0.03418318000578414,0.003648569185044067,0.024759546886279526,0.09176486599877198,-0.04398209603165433,-0.02957033016750061,-0.01676208034187039,-0.03074391709787508,0.001718252684745549,-0.02307010139838394,0.03419073201314702,0.002691935122975621,-0.054318133679455705,0.0025150232370420604,-0.05590114225261699,0.028336413989054367,0.03672189727776225,-0.01704742571757467,0.0130274818600731,-0.048008806893587906,-0.009354603354842294,-0.047227241441288835,0.043118271430720896,0.012242857890887499,-0.013780924368201733,-0.005264553426765379,-0.020076039713817148,-0.032786741591456586,-0.015630580937212195,-0.02502009024877042,0.009446124887721803,-0.0017256339108645744,-0.00806790100597067,0.06119314960976609,-0.02313761029709287,0.041360247629072,-0.018853589951071045,0.0009923442233868468,0.013465620633052549,0.019939328000417922,0.006729271629545567,0.02322214932045804,-0.015969394652118527,0.02081741406217338,-0.027320178557242232,0.02688817728021692,-0.05228092724930763,-0.0697779906894111,critical,6.301932022554697
0.9861971902961408,0.9893766300311264,0.847208225888889,0.7567921555268426,0.5699644559969158,0.5766620863481087,0.45241827908342924,0.34365840787420787,0.31105674621872,0.21876629703162132,0.17089046361258903,0.14924272663361324,0.08817441224512686,0.07318051319169831,0.05668500073346215,0.04717564206445108,0.049359168960262614,0.021445173356024916,0.05560044971159689,0.023533635911092053,-0.0056368011943784165,0.024036073102230313,0.01460991525964607,-0.0626826542332354,0.05736489614875568,-0.01649065129117762,-0.027185402327032947,-0.010867748060750328,-0.0069928374279557975,0.03796762610074345,0.022372143494804018,-0.021912309310173864,-0.02687895198484497,0.02524546520328877,0.009208809992172284,0.011103894279739656,-0.016011701697589125,-0.012804597105573868,0.026624360032554237,0.057919405630772594,-0.010341177366278877,-0.05106047811359395,0.036031850296783775,-0.02462522324062418,-0.008034142235882643,-0.0637470423537885,-0.014552402163947544,0.061942620608961454,-0.003272307779976884,-0.00604741820545755,-0.00252828144728943,0.00766316941205427,-0.04152777132841923,0.009776780000030585,-0.040711086427254795,0.012778478489320014,0.048873817883183304,-0.04969803682995625,0.001961018388830426,0.0651901187604463,0.026290657612435226,-0.016556445211619843,0.0008229998559509994,-0.007355727967558184,0.057428105024353374,-0.036157322286828115,-0.0312829516641139,0.0032905766677459314,-0.04813871525723286,-0.03477409560166272,0.0171323804704517,0.01826005390562531,0.0034292753396978452,-0.0032060042019384457,0.0419505913985646,-0.02310900885835752,-0.03158190748566467,-0.017551277207934136,-0.0343223238134775,0.032004434715265435,-0.06415911626676293,0.04246988312404409,0.015010485037604724,0.03757653365760633,0.023973779114296982,-0.008885404174755336,-0.07528238592758897,0.0017944362494008593,0.024067937885699327,-0.06141032254553263,0.0015696032801336822,0.025225953148216747,-0.027913539687371106,0.008939997943540608,0.01233893391351597,-0.018756796502965235,-0.02362743630316971,0.018979244258009408,0.025644440942583547,-0.034609077186538946,critical,6.352673863874461
0.9681648940520186,0.9492692739673109,0.8869309412096982,0.7499992910117916,0.6657653103975122,0.5057838827458926,0.43168181890730484,0.3239611532181652,0.26066433744543216,0.20273952585804958,0.14082194657874653,0.1272593652061855,0.21617296303250694,0.029195668716169854,0.006368351768778299,0.06651342480468105,0.07417873891897853,0.06437169791342047,0.002455720946617588,-0.004782807280808021,0.01854114248427144,-0.03721933941342921,0.021465504536430594,-0.004214709637749133,0.05203025674668738,0.0013478485258170232,-0.038157445799960846,0.0018615344726823097,-0.007227209063957943,0.031600277834121455,0.03222295668641244,-0.014703285887845507,-0.07193139707355395,-0.007059521355121223,-0.018346206261501484,0.012439693176719316,0.027713675100900358,0.015369103999909867,0.007350635075321563,0.059881161320455394,0.026210123378692784,-0.0093028904867677,-0.0024998658196092685,0.0726454051380229,0.02505658483772628,0.02995811761081981,0.041436799996396434,0.01703765531928837,0.006716288435693999,-0.03836246832524126,0.031441171566048844,0.02946767430151134,-0.061389823146504166,0.017746107836173017,0.012553628375373006,-0.04448417369834815,-0.03592493619094718,-0.0067206182980156905,0.03328103408724109,0.0039622485931865015,-0.05516594613107649,-0.030202342847722826,-0.01377970409197075,-0.008927910442890933,0.0063067375547441185,-0.029337259377761365,-0.019128538589619708,-0.0038248344868868655,-0.04758512674975913,-0.01282468109925263,-0.045177880559464215,-0.037933790668584634,-0.025646270903098744,-0.04424356503609485,0.04081978623448777,-0.028206012448695767,-0.026274018828800667,-0.015507192226305809,-0.05841328706273757,-0.03422816417001198,0.018221971075595804,-0.0360712237979735,0.007404931318103351,0.03400341412081426,-0.014294231641420985,-0.011115649970661895,-0.02116936702585662,-0.0261464774619725,0.04064072102020877,-0.02188941291039078,0.016813612502220188,-0.08466742510080807,0.0052991569190420544,0.037531573619293,0.012481341967623318,0.020578317632408052,-0.03741362364956758,0.00829527087633673,-0.041044723775421274,0.02241101512311318,critical,6.252256886470012
0.9940348658576196,1.0009036062307344,0.9004612245416492,0.7772946877514793,0.6546160066707892,0.579857273107012,0.3860474246981804,0.31241968379482904,0.25531194371537536,0.16622538793315897,0.16079403777243992,0.13523246644452708,0.13068276284218736,0.10750742810992811,0.06151198947394741,0.006760526484118498,-0.0367818409388552,0.06463778778579868,-0.027491935444137864,0.012862985017269239,0.019985631434624024,-0.017867807552878506,-0.016160840812943222,0.030086561353007572,0.007329293918628696,0.011232386734537336,0.014775983012318765,0.03303356771057352,-0.012382856210453718,-0.011875840772851302,0.010046671794317296,-0.013205258366271054,-0.013133879338539892,0.03441529745032639,-0.011549838773506724,0.007418559849824889,0.01674592154107891,0.010087612525877641,0.07791826973622956,-0.024572236409206964,-0.0171257360744866,0.02225374567482234,-0.011634789328048277,-0.05786717609641104,-0.00060400877682397,-0.011496633643008743,-0.018544178993635356,-0.018405822931209796,-0.0336252950629518,-0.014792677740156393,0.009858656177042019,-0.027487497439621762,0.009163445395085446,-0.028121894482564896,0.011404184572039852,-0.04875738375618642,-0.015915633203455067,-0.03350203203587357,-0.019683478641483492,-0.001954724607647535,-0.01761110878856132,0.0520724438577582,-0.026290163593577585,0.016747827925373316,-0.033868698120251166,0.03879077830795754,0.013077723001489494,-0.0058624274063586645,-0.02185724917893754,0.0010587820259863865,0.025359613430148996,-0.017427803786002907,0.013851072708802871,-0.013908370894906284,-0.023207698479516876,0.018813709336322024,-0.04050884972774724,0.007886419661126288,-0.01656820773989172,0.004234597915911029,0.022137901303560453,-0.02577759535412912,0.024440202627374067,-0.03387384843745582,-0.050415734063027046,-0.01809786822094917,-0.011410886423354995,0.033116838754121775,0.019668636307826077,0.02372530270555702,-0.042573904181123966,-0.006347859217531819,0.007161443892311827,-0.00793611018712146,0.014172568884096851,-0.008660745072484769,-0.008129906612131484,-0.03503295124841607,0.025644816627043515,-0.009435110202524197,critical,6.304788284427459
0.9932300962853572,0.9964748872974728,0.8355268240191347,0.7100035506761775,0.664268945021975,0.5134841105087127,0.4062465305073766,0.3623875186036477,0.2741344359763224,0.18810462353358492,0.16996665271330624,0.11965378129854948,0.13861679519502135,0.07538107102776599,0.07676390770175923,0.038947306218981174,0.035241582327349516,-0.051270675793548146,-0.0009655507169450267,0.065605488402019,0.01666305689004087,0.01040487872446634,0.03676657908635958,-0.006224924176032732,-0.02065701157745934,0.034294174777224094,0.035092164037040234,-0.024305124576327698,-0.005121008883254667,0.06439107683367538,0.029352610018697937,-0.005999354417408809,0.1017819872531786,0.010017552272406595,-0.030173097694511607,-0.012436852629477952,0.023099371751063493,0.007267269560867678,0.08422217350543021,-0.031006288672095785,0.008599118477319352,-0.0018988918206032479,-0.03253547713534635,-0.025765721490462728,0.00029326383390138467,0.021983485881964696,0.027293874801003704,0.004074804154590492,-0.016092001382052933,0.026055782515861735,0.03572196344145523,0.032282338464800456,-0.0025122311874656304,-0.051468861461478776,0.04345394667024844,0.04026950986549438,0.01824014598828228,0.03833891694589104,-0.021561254400834902,-0.004621346240621931,-0.020760559153071276,0.015957369592866786,-0.006007020559356233,0.04657904938667616,0.010646668084887253,0.03232782507202568,0.018960277758088912,-0.02840086829136558,-0.019125409045267047,0.0005280642400348365,-0.03289561012178101,0.00897049168550356,-0.048353024122085586,-0.019668718261724654,0.0020982639433664864,0.003204984030040917,0.015583827697269003,-0.018767615206681732,-0.02046850902410458,0.012420307849040524,0.0224199376509584,-0.018996821419984773,-0.02761079681769527,0.011511748154119579,-0.011953322236578155,0.006342789860703357,-0.005715272792767038,0.06582159684452246,-0.009845125455172025,-0.04526374828259134,0.0072656560710326005,-0.014038788037689912,-0.0606275527243707,-0.015606826784928926,-0.0356636496705472,-0.017878508005632347,0.0020036301670688216,-0.03754538068492222,0.017658772583321845,0.010752437740466957,critical,6.269772370025497
1.0127680707921332,0.9841132402274195,0.8276864866091992,0.7361209442982906,0.6085451234236317,0.5175314516927052,0.409179133273658,0.3198150801073864,0.278224896446788,0.18149139949134233,0.15587309376985597,0.16194874218954208,0.0661565983304302,0.061268637463148326,0.021004995658828608,0.04515542074770399,0.05754513051483613,-0.01337777204793757,0.03616669500000312,0.012049653487669332,0.02032232658143166,-0.04683022258567143,0.012665374431763434,0.013331938673564124,-0.028458871576778243,-0.009743456604885728,0.041380142008785155,0.02235338889281791,-0.023615655390748627,-0.07057856606951039,-0.03362376170333687,0.03711395235700286,0.03337146898126637,-0.004254449302061259,-0.00610984575339517,0.009526195509101198,-0.013167013491099172,0.041227027685837185,0.021105516495996346,-0.03819977527869764,0.009515174098300095,-0.007299901302776076,-0.036265856650212445,0.003846593173995677,-0.014417307130955227,-0.00029369148936989184,0.001351682394781939,0.017177767938029387,0.03642416657573332,-0.020406274592267265,0.013931253273869345,-0.02856170303766295,0.03075602127191068,-0.04964173085336517,-0.021651710740811195,-0.034322698856878185,-0.05403215713212322,-0.013717933996598096,0.03137464634825024,0.023819756902661367,0.03132181607482601,0.005010528961529423,0.019000739949748616,0.024496255444172544,0.045779568614739134,-0.05069630851850254,0.0011789132277735068,-0.012145779442265244,-0.041711350063610916,-0.02033620662764917,-0.006126147122633264,0.0052325399784866715,0.043460241887978146,0.004300817047465239,-0.012565028771202419,-0.05803648006704198,0.029426496233861267,0.006777778932477709,0.01362892910029541,0.020665669389614127,3.427945915829768e-05,0.01353019324928812,-0.025842863018272526,-0.03564139479527667,-0.027334490922364122,0.006928181935793257,-0.01476306558959919,0.004957188867590156,-0.05535628167489035,0.016480018683477402,0.00935141749430305,-0.02250005120131719,-0.009180703356450944,0.04747124150213837,-0.016095947183169177,0.02260661450725571,-0.03415439393664972,-0.029740697016680126,-0.02261283614358113,0.036734941795782086,critical,6.321095396648943
1.0131190947526116,1.0014863141790102,0.8644452256399634,0.7151797093600466,0.6557664068869232,0.5205984928573033,0.42677344293021136,0.32763668804596824,0.2982187648935524,0.257560114299938,0.14804758665910558,0.049770439565829494,0.02616206393231485,0.08742498700978658,0.08202074054493357,0.06222022842951423,0.021201749643303715,-0.024512960702196676,-0.0831826178417788,-0.02355941761977748,-0.0159825032480206,-0.012126705039416635,0.023293141932876536,0.030786289411930526,0.00931539914242474,0.05178213141456467,-0.03519530882377389,0.026625248299516006,-0.031786879543207,-0.02505614870871912,0.0016802786555801682,-0.01553904142054358,0.0011526458310135137,-0.05309890442672069,0.03335248149833306,-0.0035379599198411154,0.00027346314082082,-0.07287668034441902,0.03267953287903076,-0.022621707482198015,-0.036482568451772245,0.06576383337616674,-0.016804774257261137,-0.013884201850165916,-0.08966738774707819,0.005488660762122376,-0.00861622817787427,0.02092934917848503,0.017321565060967003,-0.011971022527086933,0.003934549746662506,0.022072065912435133,0.007052506829478456,-0.012274088153413429,0.04786138732938566,0.027902393424484025,-0.036463753547973654,-0.012502228255742199,-0.05058450937310976,-0.031500017173483115,-0.017520323913166762,-0.001451439602248932,0.04083986606893908,0.041992505669063006,-0.029278485232909424,-0.020320617813846663,-0.008409550301859293,-0.041658530024436785,-0.03131537700555082,-0.005065429638177311,0.0364111429066065,0.053974000936944946,-0.004417927725369534,0.003240257845921079,-0.035236287096166996,-0.009911800639098587,-0.024776668656529794,0.046388762054663295,-0.028881004994699217,0.057256002242655715,0.0631273810023648,0.004092349899858182,0.022585558539511073,0.02149113264494284,0.0013059912004526983,-0.001980241714959235,-0.020021871991831485,0.017165340856590328,-0.039020393205422034,-0.010350339266778382,0.03107732588773903,-0.0142992187783817,-0.006833873205800128,0.01805299118239348,-0.01596055931419898,-0.008328255407413656,0.012865065494063629,-0.01051410870949366,0.03137347251465656,-0.0016704983491655527,critical,6.240456469756933
1.0255044141072558,1.0364686852401281,0.8330367125164992,0.8020380641008165,0.6390073618188313,0.5414858987111641,0.47633073818076155,0.33141358876871,0.3238752958913804,0.24578598003132643,0.13314222230873324,0.13713733988501184,0.11067546481333891,0.04076469412969404,0.06963900310838364,0.043343374346693456,0.017639686430127182,0.0442138804831754,0.02745930922988432,0.03182894330768076,-0.008657662804806147,-0.007602149885630278,0.030528620691600533,-0.031947737983392,0.03106038315301874,0.02164755201708758,0.045640427564424844,-0.0576154805324445,-0.015381388732127941,0.028158568990228568,0.0017328124080373006,0.011264841057183646,-0.033150617911562284,0.0772052094265569,0.020903966932877206,0.015447027030132853,-0.04956425413515069,-0.0604356673843385,0.020348041707441488,0.05165731426318432,-0.004764180628834179,-0.025093072271478493,-0.016614009136035383,0.01373719220058899,0.001866051076664789,0.008519012688732954,-0.011859385548015149,0.03803271226851655,-0.007592340677485611,-0.03863300812569568,-0.04645996553230414,0.03515258526420742,-0.04122179820669136,0.00012656281999405726,0.01232599957843863,0.03568480832946225,0.004516771810839111,0.030946320673578602,-0.02828993604665797,-0.0018045424975080006,0.01901248647774418,-0.008059874631257067,-0.008178588971745946,-0.0670905056976601,-0.026111094572767175,-0.0023008509892603543,0.046081759511435276,-0.001727134132966414,-0.018369619293970588,0.011866483331165046,-0.009082566525228819,0.03796384382582968,-0.016161553509092385,-0.012715511237476444,-0.022125889001376388,-0.010076191336748563,0.00973122278601179,-0.007430185657803045,0.021733679854809812,-0.061811666557480605,0.0032037084533627514,0.004841988115056111,0.04317500472253602,-0.055258879120150935,0.02980043662202414,-0.03749735164196064,0.01631222455377192,-0.049079098037617216,-0.007810539932835894,0.008115012159410838,-0.006043974420374144,0.015085444190077436,-0.006710806987212917,-0.0007839078411793441,0.005099453763224861,0.0043099404845046785,-0.005710745345330387,0.010049728263224712,0.004855799183173095,0.009434698943489805,critical,6.335423653519406
1.006402012574238,0.9603682895616639,0.8210976855461195,0.7163408159875221,0.6562693221671254,0.5358812248950084,0.4650947225733324,0.35217061042728165,0.2752968257673047,0.2317821587532944,0.15192642609169726,0.05995100559294944,0.13137341933206384,0.07014105291541356,0.04324710337005307,0.035965581234578756,0.002767721135232118,0.05698611682874468,0.028847255904264228,-0.0003871624885570281,0.02092844598563559,0.06859957780072168,0.00962703253140068,-0.010646781271514045,-0.005252828440101734,0.015072415404619358,0.030314504202770483,0.04311366885177428,0.012380923584333804,0.01695144603322365,-0.028989065711780705,-0.07232680660109696,0.006052842601233759,-0.002335700938568148,-0.02876787015045661,0.02390153414454833,0.0057412125957773865,-0.034700586765579994,-0.02054760951133385,0.045570960354157405,0.027089795011429312,0.011887636279247493,-0.06906993671399063,-0.006925205258092031,-0.02356952927715825,-0.049981158187326735,0.02406911348623237,0.04819544952510627,-0.052357461472850406,0.053846030451598276,-0.00982117962887912,0.022257692699598368,0.03699544969213586,-0.03719460882647305,-0.03709039006895316,-0.002945291964639245,-0.0007780467968023526,-0.02536621704542719,0.041413623286798734,-0.0467356467615246,0.03309403976627974,0.02354758665133933,0.023727983293634482,-0.0460255280116172,0.00921985568188593,0.024389118005941592,0.056244511201765594,0.04877648752154514,0.015807745089271023,0.060449444185199944,-0.01560922891161565,-0.015302245803850785,0.026056517563159944,-0.029711366016017995,-0.013335912203864056,-0.020452194161147005,0.010315447281729796,0.044439667057712275,0.01088220061428065,-0.012249162669275547,0.015325499174356282,0.015604341836011334,-0.0011816886244571782,0.021927010087979933,0.008987028693519,0.021342189525334974,0.005610364613927952,0.00710286833391396,-0.013269708724627807,0.012619305903722245,0.010635660015199035,0.0015653672912532232,-0.0003665096823571718,0.04714157389854389,0.005717668130902511,-0.013112797245398083,0.05439197851849841,0.0388664182068056,0.009868116758946657,-0.03484342997257373,critical,6.3080818929391205
0.9609986718657301,0.9968961320946348,0.8823382200328366,0.7643030136920289,0.6553986639442518,0.531115933888095,0.404051377122382,0.30981488811107244,0.24736744038171377,0.2379592872965267,0.15061174485591594,0.12285689286757971,0.10007991818158042,0.07816762794974844,0.03212843220635639,0.034624518899978717,0.0187402186167972,0.06049522541620586,0.018795583630796732,-0.025205079479559037,0.015768650270438757,0.05299469846641079,-0.014170377025154056,0.014853211560063986,0.012894001718190454,0.03096586015570789,-0.010161984351435824,0.004493520751416147,-0.05587893758769061,0.004128098459816487,0.00712726609690993,0.01630240808756107,0.04632400623678113,0.04994238549680104,-0.017440712619550405,0.0577609513267542,-0.012700400392815581,-0.0005746510421530516,-0.004602416815404518,0.052883435477112446,0.007509096155333317,0.01873192857308501,-0.03668098020855193,-0.040080278399927005,-0.06123751497364794,-0.02169013684807492,-0.04722685672173892,0.03685078095177482,0.02460904533714648,-0.011827516202446875,-0.05409437548870391,-0.033314325335312096,-0.04133428807206428,0.02434222192211293,0.04725129933685289,0.03283426666188494,0.038926374209408976,-0.029491919058606764,-0.062207681400528514,-0.009269466266830478,-0.015765812091627043,-0.02510887584532534,0.03717246528139017,-0.015585233558579858,0.008834935654967895,-0.045836085041578094,0.019358744987103525,-0.03703624156405622,-0.04019770335920067,0.0050808574609380736,-0.007197234072964376,-0.021418703576550725,-0.002787419732942633,0.027320157933983517,-0.03994568158579562,-0.014568845837319754,0.022580671460747218,0.004667799688414949,-0.03340715444788673,-0.04396708901811539,-0.04681572846495507,0.0046656738482024444,0.02731728857784106,-0.0348426939201139,0.02170659887386151,-0.06816166820399185,0.03678596782890574,-0.016331895334279485,0.019656124352190503,-0.0272513179513579,-0.005253278347625171,-0.024787162933405632,0.006970149393997555,0.016774315968712886,0.030648948071231474,0.017941690541523087,-0.01687822568353865,0.011872231345946772,-0.026433129661075316,0.003794017511738025,critical,6.375972360769895
1.024594251035328,0.9983291474390049,0.8380046765188752,0.7161290267321762,0.6149453867122704,0.5355687561346325,0.41240025416462567,0.271072779532661,0.2214008058004431,0.21700506222307275,0.15569515206356663,0.1726387258965641,0.08453156973437172,0.10061010594407856,0.047431746669596424,0.04643605875126144,0.042922915723087623,0.031238015583011647,0.027541694921492214,0.038274340788258004,0.021805827027084786,-0.036476468294093754,-0.012186117449777354,0.0030985863253159274,0.007239616638275662,0.06353805450553922,-0.010136891231208724,-0.017329863863431914,0.04432158123424646,0.009412830077573155,-0.035317279343638604,0.023799780856938898,-0.006624032113088962,0.014700143461182232,-0.06876338179441449,0.0076274111199161115,0.03643477866456992,0.044004003832848027,0.0007337065700493255,-0.02339694016576579,0.004801667587556262,0.04778826545423371,0.0035132512718393876,-0.04026971360402379,-0.05919387576444529,0.012684674399106878,0.010766508096455601,-0.01607113681974136,-0.05485869778244938,-0.002750990399906842,0.014039131439807942,-0.011408148990385948,0.004213277550225861,0.02122167361851865,0.01282734896333655,0.0029823678887921506,-0.00419197644482947,-0.015788328060715177,-0.013906887176050872,-0.02884276559517722,-0.006767296497376322,-0.018644820934492233,0.024094741995432795,0.04853843668513856,-0.0006529062721519238,-0.022000609457901995,-0.002330939914396059,-0.011738845948882094,-0.03754406575896357,0.017659748556676395,-0.0033144212491688784,-0.024207993019284113,0.03331766254386485,0.002881459275752147,0.03220573868450719,-0.03763588725836365,-0.0026143419702570996,0.001284480266974004,0.05675317003323996,0.042050722227935544,0.015268305070143618,-0.012986441297515345,-0.004905916904644751,-0.03604039971228664,0.03958055010421147,-0.00981055573929834,0.041267711827119184,-0.012760366771831266,-0.014685596289860237,0.012427986732177923,0.02470910201299636,0.010018856355056746,0.01233762364500211,-0.059796454092275526,0.024869752244449008,0.003213201163175004,-0.04926076240847606,-0.0020792221837266076,-0.014392854227334405,0.0036595539478859167,critical,6.242609362967206
0.9930751901310474,0.9404653941915072,0.8843556743777072,0.7698991917046258,0.6281948797808748,0.4968493567602442,0.43626383861418305,0.33480988016372076,0.3027744756524297,0.18760203794427,0.18749364963925794,0.14179950787481796,0.11937295692080128,0.1184649996521272,0.023859611793648157,0.03261737022141763,-0.0008220670484086201,0.017477921648963272,-0.052886896584940266,-0.04369575452396332,0.008708257323362792,0.004442234701822304,-0.002601302296585834,0.015074158821408685,-0.02536011802269407,-0.008712969940238686,0.0320704786568052,0.028772889659644547,-0.03427506788510349,0.010005474129294688,-0.002531793932141574,-0.009160307200409659,0.009841404114655962,0.0047924214292372706,0.0019111530792899135,0.020125528801278887,0.021630224882281925,0.03798066193076034,-0.03789597002795117,-0.0022729678009886234,-0.0025210188553913345,0.013488694280849948,0.02107663874199723,-0.0005673735238802532,0.03897969774593339,0.005047987491442129,-0.0017127436940410849,-0.06641201205355787,0.0016025030992374515,-0.015051514277904318,0.047295454420932456,-0.028432019099218223,-0.03852881924014231,0.005843143321285513,0.056451729602434865,-0.003699609033430733,-0.0062165373596865196,0.030578480489787563,-0.004009506931496622,0.00044919746080386975,-0.016317031280568398,0.024758499712496714,0.002523374545399628,-0.00940824884466594,0.029060836668032646,-0.014309841954954706,0.021137146333767936,-0.01985334547343032,-0.0014771394296842222,-0.07719880806968506,-0.042151134328428326,0.020142358795703152,-0.016204106021275085,-0.06935191625397533,0.03423916179506653,0.0036386697450053024,-0.0038724437733052026,-0.01420147702889828,0.01536445651062817,0.014085241045416051,0.015353266360435215,0.011960062076229759,-0.02778621288559742,0.00837549634874158,0.07918748821880912,-0.025517247196089846,0.007549126365943411,-0.027904150033968483,0.030111567745370063,0.007830102305703872,0.0009236657625626614,-0.012211712217177916,0.01984145424341266,0.0608663178772811,-0.03454314978725409,0.03161132620949518,-0.062183229508518956,-0.002113122671721372,-0.026911207555561593,-0.036664110757861815,critical,6.340753962552
1.0467018850934393,0.9870491961053922,0.8889004215120845,0.8018202125775906,0.6087246355979832,0.512286874661898,0.47561900705581217,0.32846255578928557,0.2665370796781805,0.1389876776033916,0.10118856987679128,0.16536021853255045,0.15718746323340876,0.06849437993248715,0.06866422873113467,0.017074611751926958,0.03151641137442948,0.00318344695165982,0.017110912100768212,0.03581855282121546,-0.02502620754658423,0.024622671019563107,0.014956573987466595,-0.02595928312633976,-0.015389099440526046,-0.014563618283384833,0.00496397996676598,0.00415485072154953,0.0011139249468785995,0.0015416810505621027,0.012775726427720038,0.036432816494956465,-0.053173866655372215,0.028222236929289515,0.009905444496604202,-0.04428074267961525,0.028896097263006633,0.000523811761216076,0.031209423802074875,-0.011729034308932901,-0.008385756266116453,-0.0060701752211067975,0.04062954541580188,0.0030688088014043328,-0.045457198407491024,0.00829155199429488,-0.007841126357218063,-0.03420323048025829,-0.025160627384715414,0.03079601480421629,0.0245191071714716,0.021526439288028564,-0.04427234691258985,-0.027016427931054358,-0.05463816362816871,0.015360683997512614,0.031091827855941705,-0.04568184920262202,0.039166493925981864,-0.008391375345755826,0.004721687478199583,-0.008478006143002509,0.007481706154000455,0.035958502132837154,0.033336629460546566,-0.004149776702865941,-0.06141117664780749,0.028684982873631158,0.011981077656535132,-0.01272414120545165,0.03525148272394254,-0.01648982559896373,0.012002798539884443,0.009614206469236325,0.0006730987781048204,0.023862427189763745,-0.002681136246764697,-0.02115692759289814,-0.027941854759067283,-0.0001569366859324176,0.004258492141071831,0.014589071739508717,-0.035227573672989516,0.07037805409705651,-0.015675094368247593,-0.014595811877511407,0.04751243882449827,0.030332672538085293,-0.007176669827120195,0.028116274901713194,0.0014117312383359105,-0.013550468808979576,-0.019239764468631633,0.018325074409131684,0.0419735351584604,0.0061580409407682715,-0.02752655491492358,-0.00897040391275558,-0.03715659795426425,-0.016025366299391948,critical,6.269486315256461
0.9955316385481106,0.9744201111014741,0.8862994085577806,0.7211893436231025,0.6384637027065664,0.5640385689425031,0.47881433917018107,0.30172493927341315,0.2912348094481797,0.23482653983182825,0.17326796914007989,0.0896169152520008,0.08203130830774576,0.11886537288384263,0.05761066412297244,-0.00081083023356502,0.060468837253754855,0.053216865083855265,0.03144261347999443,-0.02562212190872698,-0.0049137662837457526,-0.0002391851458730214,0.02479916412411367,-0.0423168838271666,0.04199567381896767,0.02797495030481923,-0.0016299469132096188,0.00920087191894841,0.05063310484779637,0.036784448331170005,-0.04451291428614572,0.020401459693233193,-0.04051146907294509,0.015321985553905293,-0.053538615114741055,-0.05329979124808029,-0.0016308131596773246,0.004775327408637248,0.013050793178422691,0.03233062217788337,-0.01807804127694711,0.01724663380523298,0.019801754422097386,-0.0320989054952095,-0.05756516879521647,-0.017006640618062962,0.017241816874880855,-0.05308780032322731,0.04487593598853367,0.0012200535525705614,-0.00475526474938851,0.00649073755431571,-0.0075440949775952395,0.005780230298558347,-0.010364294407873483,-0.03520661265034998,-0.016599686754443704,-0.012544220721773294,0.01799199639283038,0.052113231010146914,-0.006865880484005732,0.018866669456711456,0.007846600459490342,-0.020848034559222343,-0.009788949576308237,-0.026227301918092312,-0.008299658697952161,0.010165146043791522,-0.01387208737754156,-0.026372804190847983,-0.039374454260962914,0.021761726341960226,0.04046605000716271,-0.04189475197560104,-0.01854397309626338,0.06430683494961792,-0.015967509835319086,-0.0012689079513630735,0.005261985468264143,-0.0027376076757168375,0.030348448858459214,0.0025679358918686947,0.0448245127560582,-0.006130798652138684,-0.016260497302040492,0.015493859829695032,-0.018170022695671105,-0.007468825769017561,0.003975857986837731,0.005959153946878045,-0.009435179956297585,0.01523726248614996,-0.03979644614614155,-0.02222537573625924,0.010206829244488992,-0.014460922439469353,-0.03967221774233415,-0.014038898820540716,-0.00895117749711706,-0.025063381956939603,critical,6.247160037399817
1.0603666088053365,0.9318995649558578,0.9316552186759767,0.7746107736389731,0.5880175091121989,0.5303144610116065,0.4688235523032871,0.3439786969022366,0.24890580450671496,0.22693674836329317,0.21676564949052968,0.17910392100457032,0.07275861931186361,0.08853730506940088,0.06532844933521288,0.01773821415723766,0.10053472247318444,0.06981221458436472,0.03339187972115792,0.12073223108012886,-0.027797020209768798,0.007169619406679777,0.04012280728173338,-0.016265024172769184,-0.037047252545929624,-0.018554030638598867,0.014532925957515166,0.0015658080247214778,0.037072553865239895,-0.0017565626469443832,-0.03684159613429436,-0.046784230734521995,-0.006302510921695582,-0.06771183973311895,-0.05104838167094098,0.08955369024883893,0.019930423278196347,0.00427566093496419,-0.041131770005856376,-0.010107861447350446,0.02672847017231932,0.037306863353420386,0.027853569238164955,-0.03281952178164295,-0.06092752920124726,0.057445305707713834,-0.05533882718887326,0.0639847354086656,0.008093142308176314,-0.035903257943369724,0.03686232700838908,0.009961986919767865,-0.003510851660264238,0.010125972671334884,0.008944455661519225,0.01921920078045862,-0.00988436127664802,-0.017759289517941756,0.010374773830898859,-0.014810136758647988,-0.017897930473394986,0.03404081760938096,0.0003353882975074231,0.043348107052087304,-0.0009184972972937349,-0.00011648484852296132,0.024954523264162816,0.02946483901687567,-0.06892873457551223,0.0012372666787597588,0.0004187763059364497,-0.004147594066784887,-0.019054425766763774,0.004250970504642182,0.007819262835850799,0.03509821015717198,-0.03072233925814893,0.03620408735697113,-0.02071981310909564,-0.041412610994011854,-0.005699525583533526,-0.020323654684571812,-0.006189408154465258,0.026545934299840833,0.03852714374859931,-0.012295410259046865,0.02236379373013451,0.011060773793541624,0.028950785478816386,-0.04027158860837963,-0.022012399446017326,0.01562824208079637,-0.022445074533491354,-0.014093003576437845,0.0029067204110377934,-0.015316475288198876,-0.01954484304695987,-0.029701281422850643,0.025501407085422017,0.04792143452010834,critical,6.331464306942712
1.0352406372404892,0.9335617007389564,0.864229698549053,0.7392466759921311,0.6109334577649282,0.5159719711180765,0.47656630681162154,0.3595834632508462,0.23399226220577332,0.2539405671163774,0.2126502384894655,0.09413723503674185,0.08442020865753953,0.05372709676198829,0.09185067771006905,0.06758969193427633,0.0626130893665017,0.030273846918281264,0.03155926493221833,0.03949579304535667,0.03730655572492286,-0.005270207151279542,-0.07274513613620812,0.01211856602572683,0.0340399936870154,0.019763076212235733,0.03689571060855722,-0.004025369889926408,0.0057968039636449985,-0.0001208206470455209,0.0007315381952428852,0.028943998635634842,0.028760191102366273,-0.033097861048230114,-0.014352373232466102,-0.02683426881654652,0.03691914753454905,0.009158174303718526,-0.03931880778931739,0.03384498150542138,0.020933344019836275,0.029157100578495295,0.013853194749705696,-0.03348147494888158,-0.05914996020010818,-0.03400095150727653,-0.02015213393718982,-0.007820324279664316,-0.025749625486070588,-0.019031557696987427,0.023513834493924312,-0.028440167375172742,0.012918610237053681,0.036093247635409505,-0.01103326018314047,-0.0013762651941445264,0.04283209359407414,0.031400016892308216,-0.0037197217797196335,0.011072356292834257,-0.02024001548294622,0.006516766807068287,0.049351146660318576,0.017581071997155914,0.02574863078234635,-0.011886478540787232,-0.02340603011726642,0.028581449063073226,-0.018912355180148104,0.03094631425554401,0.01959820019799429,0.08338751727461348,-0.006464409855665482,-0.016395710918925045,0.013269372668113788,0.025744942186884494,0.03299826064998804,-0.011406872889137538,-0.015315901457079208,0.034066640361780566,-0.004605947007209548,0.00012460718073610514,-0.0007511599298700518,0.015602347661916068,0.02379106439666363,-0.017654603735075,-0.001569092885711036,0.023123666441883177,-0.053380920013303454,0.06419980364027338,0.009275657361677611,-0.02078971742196153,-0.04702757462868353,0.026777589057227595,0.02570167296016529,0.012137219622372174,-0.04412344081622402,0.026769951358208584,-0.019518251916377814,-0.0307463501418473,critical,6.372366870981778
1.0382264597810837,0.9751877300025364,0.8092144365764801,0.7591397313489028,0.6320232529051268,0.5224943403253288,0.4924695534417887,0.3220890458498068,0.31101915933434016,0.23932560170154263,0.21741620657042227,0.19622739612597137,0.10288804768211714,0.04796150443342563,0.12795812267779952,0.09487435181583012,0.02016772686299151,0.05225712090528241,0.041771851147096875,-0.002646914104010866,0.02185818328162048,0.029435949399056464,0.04539716214991138,0.0586072528223117,0.01862765129690072,0.027830911789394765,-0.004539976586576186,0.01946327858993087,0.008903055294926503,-0.016486110430368624,-0.04410867323175603,0.028362923463134657,-0.02131239309201133,-0.04173319681067487,-0.02030130372452654,-0.06758325554837187,-0.008745169573268435,0.005489288932036343,-0.011513814010427333,0.01473126777238555,0.054218822199134056,0.01600394527334348,0.01655678905732896,0.026028700836185466,0.01710592043065977,0.0176355453168136,-0.0015540837422280507,-0.018237350462330517,-0.04387015224962098,0.018885300248448034,-0.008078361522006723,-0.008122384100047177,-0.012034653384704764,-0.04324402604876607,-0.05849402964221771,-0.00790525195554952,-0.028983214156773473,0.03755244282439747,0.005851312089239356,0.03960113839186509,0.031033526255465512,-0.054234320302265486,0.019574337524447188,0.013765322155158785,0.008894307179202057,-0.05391434172160805,-0.03170973116505268,-0.03807093910743943,-0.024217273336106793,-0.009143518880920985,-0.018707425861433948,-0.006058290342161855,0.030815975139370882,0.0011522101840578298,-0.025231314600560505,0.029521992259654822,0.016069405348128882,-0.0017731938612292031,0.012860591143342846,-0.028862677234220018,0.024701320532973654,-0.012996829316629785,-0.019125470180725267,-0.0466647116861844,-0.005535393919609139,0.0547798997665163,-0.008790153486054534,0.031785955818437746,-0.015018878133781485,-0.026536762221110354,0.030104361857772276,-0.03780506999742103,0.04146963834494116,0.008806710809774817,0.02302851905025191,-0.01759499863546773,-0.03936414615025738,0.016622230283338455,-0.001588783659700259,-0.08467588109594969,critical,6.394247315883629
0.9910892590570803,0.9550354541035935,0.7856780596632851,0.7357662470565806,0.5969371934350011,0.5205153354037644,0.4420168586855309,0.3362344080126614,0.2791220694456535,0.23072749862456868,0.17332542239419144,0.10626559794529267,0.1128149670833504,0.09872555441109837,0.11193085500240718,0.10259176106091458,0.06578691660384114,-0.003992205466087119,0.0450079137407165,0.04731837206649227,0.0646389022743267,0.007212041517867192,-0.03592165163629931,0.016531602762004816,0.046397217880777886,-0.0218593224824883,0.02534927724329944,-0.021851837939824984,0.027424544461483888,0.0028320634580092617,-0.0644042262510422,0.011027899945148458,-0.026157122400605762,-0.01400531645435783,0.005697466144847604,-0.030247780038682094,0.011053395493385037,-0.0035778202293166145,0.04181208651309691,0.017057760037728364,0.018471193340847666,-0.013166125298476192,0.04455437849413092,0.044822333009796454,0.00536832644353142,-0.03865192451935444,-0.034098377408963244,0.01102174358729741,-0.0011176899211379372,0.02095203040846389,-0.018653635327180656,-0.02021188008153024,0.038375448167431415,0.010465497522608986,0.017055950434001193,-0.03692214580173719,-0.0016001766581168406,0.002120507519198341,0.03542841045979857,-0.003676295445463703,0.010183096027152352,-0.0555195962372702,0.006572972921511989,0.01651257621764382,0.006600019245674745,0.04206422263899822,-0.013244768356667417,0.0544461569298482,0.0009143708981935947,0.04956853658019833,-0.018423140091971834,-0.013445006939037194,-0.021954693898059832,-2.550897259172107e-05,-0.0018983039083109866,0.014985332289286998,-0.023660314600344616,0.02269802179903494,0.04853088188316623,0.04890938457182798,0.012751586595346748,-0.008858101342831687,-0.0016947937425479394,8.355435677700924e-06,0.012299073995523222,-0.03096716379808815,-0.024159398732685126,0.028893677158936648,0.023575558271178652,-0.03296437756702116,0.025008720969960454,0.044613125326319704,0.0057925052076229135,-0.001905978032385409,0.019461777670463913,0.007856952162175452,0.007850525545410904,-0.012356683281456716,0.008132222647915677,0.025838223580910355,critical,6.391024697136302
0.9936343557467165,0.9413533041656476,0.8480741569163348,0.7533247125560645,0.624067961399545,0.5405560498371625,0.3873091089362635,0.3910741835406704,0.21536365915085695,0.22232333091023349,0.1940167710401266,0.2104174918429243,0.06363619912140671,0.12028303174984463,0.011110697835401306,0.05340149167791161,0.0328312702727427,0.0638040091328976,0.008932903551309074,0.00398182354035205,0.013938128443129087,0.028772145046359797,-0.038285355028993995,-0.033618381152360266,0.034427528240460456,-0.027171460443243065,-0.040341325608982376,0.07305042992738674,-0.0002691145267211261,0.03281226965678195,-0.030397244679751245,-0.03520768300949139,0.01681793929922137,0.008040417461707082,0.014224790669126353,0.002585990862105412,0.026072526232607057,0.024905759319633125,0.013390387258151833,-0.014572025069640763,0.0445444761089242,-0.05302072209192056,0.0001404115508256565,-0.03202948737959104,0.005697743097307695,0.004655288529635301,-0.023935240823267295,-0.03931736883468648,0.05765985431176578,0.05398577664747699,0.05544123054286877,0.024202220219999706,-0.023505876763871808,-0.06200124653902797,-0.04685212187113393,0.007252740098795975,-0.008832200730815684,-0.016464890593216094,-0.010230675486545337,0.05924889235837249,-0.022730770993645705,0.019880320328781176,-0.07445331582975881,0.012571338176549832,0.010476306786786207,-0.030365017646567648,-0.004066828184181211,-0.09197815043995909,-0.01389670217298281,0.014405079352578279,0.0537249145724134,0.01685824135363809,-0.04948290525099665,-0.015670631421620885,-0.0028558024199034173,0.0014908539678272538,-0.03332982098424472,-0.003832085071781377,0.002532803622134537,-0.020761209365542106,-0.021737013332511133,-0.06102136126637196,-0.0319420848769177,0.04975944754752666,-0.03500084752914493,0.042988563283202386,0.040930662430838094,0.039965172097076763,0.003755576550694801,-0.048742948315797334,-0.02957006931442668,0.020093901806652107,0.03783557630676708,-0.0022434279094011482,-0.019710510974719545,-0.01077535136665665,-0.005246924241681583,0.029133702810527535,-0.07959189227498492,0.0010124266524044049,critical,6.360239314425573
0.9664747807650736,0.9858186117909029,0.8538443685840836,0.759215111257126,0.5890367112322145,0.5636559907716462,0.4028868683986723,0.347188628228394,0.30288134712984377,0.2161165809046703,0.17562761778691294,0.14527320074443664,0.09942544191576484,0.04531068242127101,0.046070482673725356,0.05620045590243149,0.05038872785847913,0.024282351862598067,0.11670739622152121,0.03100320862597246,-0.040207593210198504,-0.0008549696391251076,0.02855682155476077,-0.04639367841485138,-0.029568394514160243,0.031241109446635867,0.013692449940311532,0.018755818410223123,0.031274052006558466,0.029110351388309613,-0.013910972332550888,-0.0327356236332309,-0.006818793439405342,-0.043395786866850264,-0.028984768670465243,-0.020614204978483507,-0.0007586042581748439,-0.0955601253280958,0.008972421354558292,0.01599869238326395,0.045309473398262794,0.04697946277981306,0.03071621603610737,0.02095550403585734,0.021104735477852347,-0.03873423181241443,-0.026435180494418523,0.05036740295083556,0.006718109505217844,-0.02056960194344595,0.03108499813319789,0.027611384430512382,-0.0037741833075556155,0.020916265843672996,-0.05172868856807872,0.010298730322978062,-0.0449035162493723,-0.025935583706476792,-0.04239808613600833,-0.019079122755240544,-0.02510307005077132,0.025143477383522548,-0.02241777781807331,-0.02096124585054421,-0.0123773101143191,-0.012974115621678365,0.006200636389764398,0.036869686917579636,-0.031661938826695595,-0.0059294193577378185,0.00643981426092419,-0.04277592860931958,0.028092815926052075,0.026570917919188135,0.01114722194587084,0.04149095997072214,0.0455993648063465,0.09321595836774943,-0.0214816111754908,0.030919974264256536,0.04319615057327018,0.01891933540986167,0.06508166067269838,-0.010443879759209197,0.03710338458266559,0.03513749607245395,-0.012833004915449635,-0.02742586274345529,-0.008351665591346322,0.002528230110822567,-0.039874624226095695,-0.005157701688431689,0.016184407405489504,0.019694414070822345,-0.03781094518733411,-0.006711541723099729,0.03497179034442235,-0.010792354677165836,0.03604847898697637,-0.011065224882441316,critical,6.295114645766747
1.00326202754884,0.9490989202525569,0.8812335492564847,0.7890754773311514,0.6394232516888695,0.5072746169690309,0.4534430687254468,0.3893720591295414,0.29990158013510776,0.2652778785622726,0.1868660523999164,0.1290028722250944,0.10369640390855557,0.0848371185672504,0.09322202310102295,0.07745148198867698,0.01419202501402662,0.029290118747781986,0.03550672048013583,0.02584682977286966,-0.05979805644276197,0.03920030230867017,-0.010441770926997884,0.015274307800370365,0.014558830175604972,0.002273953194784094,0.01921636191337239,-0.03870916331085654,-0.01276607346156193,-0.0020131020451186073,0.019276131711642296,-0.029667356280636464,-0.00048514330408608606,-0.04315080315573366,0.042285358301540954,0.035398111127436516,-0.039363931453467504,0.004518858869133835,0.053234479325405766,-0.014034430453080842,-0.001212804136020922,0.01906457509324223,0.06791549982362871,0.012376454922207843,0.006407376971477701,0.04972536052609536,0.00015583388334777584,-0.05441078753470751,-0.006615606397489851,0.02558705570361369,0.012512367686287135,0.013657795706332392,-0.014576795520647435,-0.04641805875666213,0.03426835797506602,0.018837028094399744,-0.041670481316439204,0.04413550909230362,0.039486952344450946,0.01245191910092835,-0.05748644851812049,0.0009582104621526431,-0.03471257097665809,0.021955869009000456,-0.03217821412066824,0.02045882337743647,-0.0044961697821474765,0.06102251549265885,-0.022700394193306526,0.0008683022334628458,-0.026687653135507906,-0.023271345825645506,0.03414656790132232,-0.011859787875680637,-0.012741170040958361,-0.022041615990312208,-0.017660681562117194,0.04850267828947149,0.008255876150921307,-0.02296490538590791,-0.03852167410663312,-0.013137956865767172,-0.030856612759108726,-0.05996758619487808,-0.010980186401614843,-0.03161492859055315,-0.046342987873684356,-0.061120596113618746,0.04306342843014191,0.005614759318944024,0.04274868927968154,-0.011536155290502158,-0.016595624616089672,0.004846545576330833,0.032048989107493965,0.013493084792300325,0.002218678821260766,-0.024256259389311467,-0.018195199901018207,0.019695353084411293,critical,6.312902088036241
0.9933182052092338,0.9942904567074188,0.9129515447663525,0.6894613899155333,0.6694173428562055,0.5298511313682414,0.4047978484240967,0.30441137790721945,0.27091634330383224,0.23066892761239455,0.13557306995342877,0.13820753874535424,0.06625792966497793,0.012734177118529158,0.08545611340591727,0.040049129301236275,0.003212714555771032,-0.021982226011036318,0.018544216067921504,0.012107120305802393,-0.031147717484144133,0.000742066651080224,0.042455780585935125,-0.032389313526488786,-0.013083770128251116,-0.0029268569890692243,0.008890773189120894,0.007942405122372573,0.015151023290861527,-0.00026300173544968283,-0.03724258073483671,-0.023297547558527663,-0.05822878406858584,-0.0006734818789724045,-0.008047923368788481,-0.05761159159180544,-0.05552175382918882,-0.04569070848686587,0.08147675277288305,0.02814281127070591,0.016889253720953127,0.0007934553735849402,-0.0024876100696381302,-0.005479815200178119,0.04816858909744538,0.009090521880031179,0.01380994531541771,-0.024838248916635292,0.020964046117828115,-0.03940362363552747,-0.034730147325191564,-0.013179689564505756,0.00042180115259389035,0.0002781287773375016,0.0009285950775142271,-0.021421964509339107,0.04774743264893953,-0.006662511157800725,-0.02204022181457522,-0.017846334214323273,0.026248279225899018,0.0015362988342661223,0.04989163043793413,-0.023880923582767704,-0.004289619155290717,0.08942968286483662,-0.01257776294663266,0.06511905045351037,-0.002743026359014729,-0.002114935890046256,-0.011743084466912664,0.022270647211303257,0.0026372262169710044,0.03518416321501919,0.030884207723126923,0.038433249767770176,0.03284550533101334,0.024502922223771366,-0.04919632380187752,-0.04544059688918357,-0.023157448647646843,0.015080254724451023,0.0034086489824300074,-0.03073355137920566,-0.05597267602948521,0.03587453350697009,-0.0014951194762207762,0.04190048887471009,-0.031649215524540364,0.04871037830382382,-0.012706973145222988,0.02581039297400686,0.014348633572990386,0.014118406933703104,-0.006748923251982519,0.0050555845143906986,0.00039461234484435297,0.04286146987806903,0.0032402845939129075,0.011236973098636686,critical,6.319795811181182
1.0140226773170014,0.9325611771742189,0.8641449972771239,0.7344938025805439,0.650528572515455,0.5107288819971245,0.4260493395489578,0.3487302468072562,0.3350774498054764,0.22508872380098896,0.15747969486157795,0.12688486269335192,0.06615587748881774,0.10257037449928488,0.07535504201212526,0.03950949517573807,0.07088325005692346,0.05424226949107555,-0.001155355476745886,0.05639549533909963,0.02732637104735412,0.03516341418978639,0.030328196489298735,-0.00231976675987717,0.029412881173694914,-0.03498603392754523,0.019379017538022347,0.053890677250723246,-0.01691046967696751,-0.008939911078789234,0.001103056590754427,-0.028970738784665395,-0.01612177927322544,0.02421949158008247,0.015694705225205312,-0.007637582980621951,0.02153424043710962,-0.04590364910090422,-0.03534156645303173,0.010002808634745427,-0.018068102960964925,0.018211378006192786,-0.04335086368812842,0.08167937741196354,0.03142508314911592,0.007512609347575216,0.09557179020733814,0.014579015540973298,0.001501578821104147,0.002071314330655848,-0.01362129917560387,-0.0010706561137737531,-0.04830041148479781,-0.04295917896717558,-0.01847939571534466,-0.023602943495739832,0.03484514402907365,0.031976625528688046,0.016451809472274224,0.035817192271560626,-0.017037162709742773,-0.019226481051390694,-0.028382732128921964,0.004581153145905191,-0.02466547304651354,0.011797371833640479,-0.014045176425536777,0.018154706257188402,0.04230405422915795,-0.02742046565102448,-0.013111641042881969,-0.03759773466872924,0.04174928373521111,0.01559405445622777,0.06135204550948053,0.000899823446710104,0.005368395539051165,-0.009214167643029774,0.02023362412600478,-0.007298135087169143,0.004047914158425673,0.09131278038156074,-0.0020485946493531723,-0.005684520485776524,-0.0022137477783781105,-0.032451433794905726,-0.007638194307655663,-0.02156733262609414,-0.0059030469612625395,-0.06441860140154809,-0.025747238791751396,-0.003028683294013077,-0.00010699546140097271,-0.06204412559596455,0.025560869337467786,0.023112537166266107,-0.001090900339963354,0.0046048578080048535,-0.04879709570001441,0.03309636320865516,critical,6.246468064810923
1.0300124122970677,0.9259026841588235,0.8897864573441369,0.76766549413737,0.6052244991148942,0.4983943279450184,0.43314976302407815,0.31487260407905165,0.21253866610211575,0.19112460036427667,0.14034148835960264,0.07794077100383427,0.09441053617131713,0.013643601634361381,0.06531353425334457,0.03489203340576951,0.040649824482793175,0.017277708427084103,-0.01772915331804988,0.029665731560406937,-0.053325562869399976,0.013061859641114712,0.02226302902693326,0.013759618524635345,-0.0008551470175245414,0.0032591433080834454,0.008454616491973321,0.05186368126807358,0.02745105736835007,-0.010607555473645091,0.0032660932138186176,0.023722459159450503,0.0012264587231114335,-0.0009384124586602807,0.06387871727289732,-0.05327702221605814,0.0042111678503512035,-0.0077675603985089894,0.025333197604222625,-0.023254041020329415,0.015996257691481813,-0.0016103206318714748,-0.00655689525526158,0.0020474551047721767,0.006561563781889177,-0.0006703118232919121,-0.05971961415887239,0.012049881692490829,-0.006592417795952784,0.0023681118359861987,-0.0016108036913630099,-0.021403094789334817,-0.0009203052694781352,0.02214346484056145,-0.028576669286228554,0.0037681721029908066,-0.05578636323798335,-0.044440221243825635,-0.06558028437758234,0.06679900915302049,0.04237693000643967,-0.029574154059521546,-0.053345180881910155,-0.018792184575981735,0.031805797461485395,0.003014969237767805,-0.0346927703731245,-0.0071790025607173106,0.07219642064450237,0.0371064267908397,0.008324401386139916,0.02061156302564289,-0.0030536591377194806,0.008425178155345617,-0.0016238360181638999,-0.011831865789831773,0.04092153422153503,-0.005283100947866335,0.060213260579790005,-0.015236183217972677,0.008360254688076385,-0.032149695743971834,0.039840085108149716,0.04991867969618794,0.021438086210751408,0.044090697590572776,-0.02441150946055706,0.01495311857485009,0.034780799676275884,0.05380666959581843,0.011712256148804645,-0.051629686689898445,-0.04354923174926187,-0.014091027763962396,0.022051246306666987,-0.031942169569968364,0.030006981863733607,-0.02937048235589157,0.007022051086775971,0.00043821811860413794,critical,6.234124405302766
1.0111842229575059,0.9308873597082944,0.8924727156027292,0.7787183915244418,0.6117229570936118,0.5659606885979589,0.4190950745330266,0.3448784943700579,0.29030878616004335,0.23548318191757417,0.22817550072669637,0.1479856118512194,0.11668664792644354,0.11771027105256313,0.06385007793493461,0.018709789416677523,0.024029240362626964,0.03830183035624487,-0.020696680098365852,0.011256799070687794,0.03209128151529686,0.07318429511248223,0.03827516377293179,0.05427278194347995,-0.004116077527920696,0.019644358044679292,-0.037972649904636384,-0.025848502483269142,0.01563148089638745,-0.05720804421088671,0.01869902842142335,-0.01314997320212054,0.047050709695691195,0.01573628113652329,-0.0323028163635479,0.02125721068950554,-0.004396852602464464,-0.04437220947321027,-0.002532361434349718,-0.008688063064934111,0.0011485537523289301,0.015638165327511343,-0.007115110392329354,-0.043958306812181526,-0.010736983666035465,0.023555366699673397,0.0475651033061881,-0.05357500816040734,0.03858048218397603,0.0005787845577440801,0.011411493881786567,0.06339041090413663,0.0017138370346571695,0.017680958753165995,0.025345152486159095,0.007508966762725057,0.0008787842091845504,0.039433095093557226,0.03793458231436423,-0.02448009924553153,-0.004704680252329879,0.00014238323433540242,-0.02745103988941886,-0.034817544404821904,-0.03954056639746268,-0.005895941607858273,-0.014719550459575126,0.007503873355614752,0.026658509674285333,-0.023162498123301227,0.0007000288317376873,-0.028125322592920107,-0.03194266099265922,0.02798363380071675,0.010423022221851819,-0.023228725887187118,0.0028324073116613915,-0.0021342735778613303,-0.016766587424252327,0.01854758615337158,-0.0013105686624978428,0.00742814003492429,0.031819811698205344,0.01655760490841936,0.00023384020387951746,0.04991886980781179,-0.03786658462485982,0.021894886432225688,0.017328142261921618,-0.020827643997660607,-0.007481441150881093,-0.010027626554096699,0.010176430812376427,-0.028532026058813373,-0.04635264514863457,0.026661897150713768,-0.032991455460808415,0.0074099543167664185,-0.005884287628887484,0.022857552699778596,critical,6.417491955223735
0.9293742165151998,1.0342546938409194,0.9175822270193962,0.7339948565153883,0.6316036625524251,0.5184941445187946,0.4822958341099789,0.35719296926914823,0.2656705574326795,0.1930163701581077,0.19438898568319787,0.14438051158920956,0.12362241406596458,0.07041596724507614,0.029528026125840157,0.09849624471184462,0.03763603161385065,0.05318745360208044,-0.019230253677083337,-0.0009639616839759897,-0.006246123015996068,-0.004662142534918203,-0.02308407420683136,0.04747606592420076,-0.01065935245769925,0.025676162087444408,-0.014849307500310568,0.013302027921402343,0.021571788258540156,0.027294210748712865,-0.016715368457418955,-0.024786265763400737,-0.022490435151502303,0.0014056579175477707,-0.04219800744296397,0.007366397911499094,0.016719935219339656,0.026713196403546316,-0.046006398124778046,-0.02777342753651495,-0.04523653351000448,0.03526629785319972,0.004952546916608404,0.018325270737669225,0.030016710121030344,-0.011591918285759242,0.01539880683647064,-0.008944599258946962,-0.030604922727511093,0.060464817393997033,0.020128109462719656,-0.011638497828965137,-0.010595886310156009,0.060014169822068204,0.02279009926875777,-0.06738163212682262,-0.003908611916250913,-0.017057312898372524,-0.0312576853482896,0.006146112168684102,0.018788993005649544,-0.027997586360353065,-0.05125499436468487,0.028810615276376066,0.020448708111399115,0.015016908343958845,0.019603196421389586,0.00236142144306989,-0.001012837782447384,0.009751993497642266,0.02231256787982596,0.05953066541454227,0.03325608136420344,0.04895620587291862,-0.008871183888095263,0.011165870449061102,-0.029404011051580064,0.030219889077071533,-0.019968848861785585,0.021121861584489365,0.02012271143554523,0.01243672403764861,-0.011925662531612563,-0.010318223173223747,0.0030396803138218074,-0.028008092728905965,0.006322756493960318,0.013546298779069724,0.020367602157313418,-0.003812337383251079,-0.01520132462120562,0.06944802637609293,0.0013448320560232997,-0.020138966304707514,-0.006405928579475048,-0.010118974489585668,0.003720087663136939,-0.003549068571078112,0.045804931683880445,0.04160272266245184,critical,6.286861437293274
0.9869519787971238,1.0014530477958534,0.8469693626899986,0.7908129515248773,0.6257570673797535,0.6104183499663676,0.44745675527696743,0.3480389437107166,0.28798692248112395,0.23096540647005365,0.17716318288345034,0.1293789246624345,0.10550549032396177,0.04707261522830811,0.1205451496310983,0.0049691559008646705,0.046378680111805154,0.05064328321752782,0.0406407468488017,0.023479107560567532,0.023261520499343432,-0.013123463045565878,0.02642074040783255,-0.006575137591301918,-0.0181207447310034,0.009743075495810022,-0.0005557880803928354,0.009899013255588104,-0.024220900095040868,-0.051114785672995565,0.042525248440602854,0.0060909752307922805,-0.026700350167439386,-0.022507726323978586,-0.05538005189325717,-0.014406646412639914,0.0333860254535968,0.00800701827155874,-0.02193023898405342,-0.01605317776046667,0.03736424132907636,0.007811539172233046,0.002627350366322126,0.06438399725379124,-0.012860064458630492,0.04364177719827384,-0.019988332015247606,-0.0053049809650919455,0.035489731878456394,-0.03555885009657582,0.03700828351064156,-0.023970522991745433,-0.00790731702331707,-0.003484199884184934,-0.004138469728658911,0.030549624677911873,-0.03870156987216853,-0.02576064125193602,0.00027713522503279824,-0.016980308562942015,0.007603849190228606,0.004016886786995349,0.04988631565098707,-0.05174028082423846,-0.0009220450427503615,0.022569148980139286,-0.0109257280079236,0.0543457793158724,-0.05766181863302725,0.004239909224608836,-0.007855047662134724,-0.03506955934637695,0.029252453805651557,0.0035791188379352477,0.026321832478836724,0.013145582187948243,-0.027963063195968002,0.009335817680095528,-0.003799489221268465,0.007604555210384934,0.010796695703591699,-0.03044968268566436,0.04001810022083634,-0.022598208153691696,0.018899155085045995,0.05766841997125623,0.007793060762213756,0.024848597298639623,0.0036379751902576338,0.04030147025928713,0.027660797932095436,-0.004398744767060647,0.007061040329033077,-0.04329460797321877,0.022538163110077603,0.04631104348483746,0.058902176132695785,-0.0022364182403243815,-0.07291858779889018,0.03258236577885542,critical,6.335033010266687
0.9781312445160684,0.9544389308005772,0.9083912762680377,0.7394547583416899,0.6274185453665284,0.5207812527946132,0.415082416129842,0.37233763538163633,0.2966077228919123,0.2320340293176158,0.18485050481666496,0.09940908320867846,0.04039499018774208,0.08282889465615567,0.04582102370776456,0.06405827122703933,0.07179436082418783,0.03232908628339155,0.025240967092036874,-0.019225154244285246,0.020667652849629934,0.00034436213763031943,0.03871130053269263,-0.013998822491037288,0.0048812956577321326,0.05544058275831368,0.03873010901285478,-0.006974238709773433,0.06844253508841508,0.034758723281263136,0.05668889650833738,0.017932226418521616,-0.01458009531164907,-0.009491911738739716,-0.0241136761193551,0.010615724828618913,0.019364956575782074,0.0007123031351475401,-0.05554743239070108,0.04050954951137393,-0.03386045220026978,0.0024500264983251764,0.01910458382316257,0.01877632167451972,0.00411171737340253,-0.016192689724397517,0.010371033064102395,-0.018946495240442295,-0.07426520670630407,0.0163198847008712,0.04268144356495296,0.01227311314568672,-0.024449052434932637,0.00991828633391494,0.0410071076194357,-0.04720118384163564,0.0033295254604810256,-0.04545796963358732,-0.03379155620075159,-0.002817898999361379,0.07545834272585399,-0.006815795034111632,0.006591871815129913,0.0007557007248965249,0.023810802686594197,0.021863727894062684,0.023581859830821675,-0.028679260833887353,-0.0703511833612472,0.002741050683232612,0.01461901544400639,0.020094295411089168,0.03814109187580755,0.06066915589722869,-0.05305307521136159,0.04920340549687699,0.0019343661442265234,-0.017066133880164758,0.004276613535192369,0.012127055443480483,-0.0237100743302821,-0.04408083903276475,0.0006809975218266471,-0.0500600828624627,-0.023515513724948936,-0.013830382651316723,0.003388978746478874,0.05125507631697121,-0.005829027207102068,0.0235083536620499,-0.06406341494048241,0.016649620059513467,-0.0590867878471271,0.003949597666560368,0.05071877603280088,0.0018331921448081594,-0.026853218279440056,0.038852834587285695,-0.014707961100219168,0.0010610713773330142,critical,6.390811383770721
0.9844181109338532,0.9715752959388478,0.8877340737738652,0.7699433075396992,0.684162515076579,0.5248413909630799,0.4659567787029498,0.3608785838014905,0.21059532782683657,0.2023063795286718,0.1866483388081496,0.15624880616409945,0.09799933070072779,0.07257085203024786,0.051355083936704335,0.04646525741188717,0.033495591752820145,0.05173198372404751,0.013955168135494236,0.08044291306742604,0.001615881021436007,0.018906131724165262,0.01735094732945277,0.03838340049598057,0.018424544212186835,0.04837320916364557,-0.0021751220613323934,-0.02412373263569408,-0.026744463556196193,-0.0015333936492454658,0.01975879553954842,0.018809306198136564,-0.011887310125342106,0.02720196062990916,0.040652300766661924,-0.007645659626659647,0.012575562035716633,0.027211956000186315,0.006930897585632378,-0.022887109967621763,-0.011602638423262276,0.01449691112557986,0.016630708070627172,-0.046440611668973175,-0.03320695748438799,-0.021699307492941543,0.017970106229372708,0.03504922549988799,-0.019584490156849942,-0.026424525360412527,0.021669058776471715,0.02341926024467395,-0.024320836156876,0.044546415451661006,0.017030102979505624,-0.01659808561684475,-0.034696861042767944,0.04697532546029916,0.03149341557343688,0.042065281545600255,0.019255136661298616,0.03028976762951925,0.007434889985611495,-0.028285461368835595,0.004596760478775686,0.004994111260763239,0.019743527929883747,-0.05139365570930512,-0.005859011628194572,-0.027929923224633797,0.017578083826907908,-0.019945286216723947,-0.01126366367688009,-0.01327885260897857,-0.0023765919302422512,-0.013011303966888188,0.012274572960027364,-0.06206729300992753,-0.03162008923130539,-0.023517082368773572,0.0061939520275438795,0.0007789420626956435,0.0184894914776952,-0.01929501802044396,-0.035210963350485555,-0.0008961139382248215,0.041660310272194016,-0.0051847905970258,0.013859104550437436,-0.0003625859568596411,-0.05117169152881236,0.008097550982812642,-0.013170655966835233,-0.008278730346202006,-0.007962112457208077,-0.004901545531171424,-0.017050429296384985,0.005404408577176139,0.03238122664843241,0.04831197293706746,critical,6.277512832966214
1.001571146173034,0.9516640175915713,0.7863664175784714,0.7509070782726369,0.6542275623177519,0.5240107732096354,0.3966921446435093,0.33950434802045315,0.2690868860698412,0.1705088330440519,0.16284193437169178,0.10114266109888109,0.12491372771414187,0.020206929295716845,0.026981232001171106,0.01402323989017644,0.04201627728164975,0.02651318680420893,-0.01740858642667295,0.0012835533083287217,-0.010702931111834933,-0.01625159871985741,0.009834938708566561,-0.026254695755159825,0.011067971586159724,0.03891758441489015,0.06291715349828991,0.015405817254428668,-0.05232675401065866,-0.012321788177188472,-0.004111242417156345,0.06728807231933591,0.014165581427910688,0.012885489848703448,0.011974828196259365,0.012408386766767669,-0.010057118788258415,-0.024988472579289978,0.028598373898799507,0.023713418269495943,0.03517156436163806,0.002504608923273694,0.01880956023248188,-0.00557680417053674,0.010620967880714734,0.004271340408083833,-0.01219227940147164,-0.00980543518305003,0.03166793923592394,0.01929541966412873,0.04922465373116514,0.03204046586317929,0.011961252141174784,-0.040447989539989064,-0.035697361219480785,0.019478292140160246,-0.003952696500857131,0.0336986446452479,0.021013482178267325,0.014822487343541437,0.048279560791969656,0.006507232507618968,0.0014643875196561104,0.029910965271969948,-0.017166144257824253,0.0538008779397563,0.023505660077829206,-0.014616805768604272,-0.04541457209039702,0.014381203579145869,-0.029635308301153847,-0.026750973408015116,-0.021996738733031963,0.05033639204991747,0.021118451306162207,0.03802354391890465,0.03634386830384402,0.018156842595753415,0.02977439548631908,0.03838836801214305,-0.0013859078293821463,0.010945626756078804,-0.008553079576425258,-0.025415196228725664,-0.05337970233061382,0.02341111191857661,-0.03440886235458292,-0.0032883857018403636,0.06478263751163543,0.030375003389862338,-0.03425303092032457,0.004933164384530581,-0.02513847586407109,0.0016486265363020078,0.04477941357738496,0.007722587758069767,0.007700159774883593,-0.025749058618726735,0.06127155708405743,0.029996178353601133,critical,6.27591696714508
0.9823897121776531,0.9917571323925555,0.8780294001942993,0.7510095413329644,0.6439389190010436,0.5239024260681199,0.4262623980329127,0.35261165507565007,0.23458591654280597,0.21437779624264885,0.1445930983193254,0.07170573262404388,0.07400989093124875,0.0977007455581547,0.07810190012624137,0.036581349306118116,-0.01068395860523564,0.012541687583167505,-0.01594239076813817,0.021625713916236588,0.051448033177932666,-0.043888338187582365,0.02050519154097609,0.0032331037555523375,-0.0063898840790353705,0.0019610987901188784,-0.03232069515659689,0.03671002149402315,0.001158160783362844,0.06886232019981839,-0.0371035563241169,-0.050742751356315986,-0.05383412559423186,-0.020499394918134958,-0.02368226444967961,0.01600631483618418,-0.007652945432191708,-0.010879245726545373,0.005189964481580737,0.009990518150269656,0.011646250336349803,0.007604739149025082,0.017574110308147463,-0.006422488275641866,-0.0677058521919553,0.055744288079272376,-0.02090503654901113,0.035160399221890445,0.010736958086775088,-0.030545737522982508,-0.01920797400653832,0.08380977488940189,-0.05439105161819318,-0.0004196129381618613,0.011206426470940493,-0.0026268583690455213,-0.0355926164856834,-0.033525404249862965,0.021614194861093474,0.00961096451312585,0.01907743305621243,-0.029265668326375265,-0.04605927778714266,-0.025897280428957208,0.01630909692612514,0.02197042518447425,-0.0039774132388317235,0.05579796426187562,-0.04789246479308536,-0.0017429312536140868,-0.00683899652991826,0.04412397938154165,-0.04357738287429352,0.006944806267180098,0.02674185795105006,-0.010901458969337663,0.05701482443978785,0.0010957831999742942,-0.01949449908708256,-0.016390794916253722,-6.180691888572125e-05,-0.04933138730256071,-0.039659290035527366,0.008750111616172616,0.014256043242848336,0.03711461605121987,0.07946247148798491,-0.013439220623531258,0.00013461306376491837,0.04957676760815029,0.031484893636619514,-0.005728677064398419,0.0035833117953328105,0.037612070191991843,0.07357412991095641,-0.05815436285914012,-0.015107149714878853,0.08624683384585997,0.015489722683356565,0.004803683097835826,critical,6.282958072014561
0.993184123981921,0.9186795631142889,0.8768710131704969,0.6867216996565396,0.7102259511314492,0.5436056325935936,0.42064326269749647,0.34565813621003844,0.30288712067266327,0.26839459400232596,0.17121541210257474,0.13628023093075697,0.14091000787131003,0.08575769825574195,0.08386903758022274,0.0054465607316875955,0.04223638150818327,0.025117886334869107,0.03547636805365653,0.02565990001129878,-0.0057373151359000445,-0.025913303170604182,0.003770087054335623,0.014336712061087272,-0.006567713467606855,-0.015374724404129972,0.011995415647145541,-0.0423151163511527,0.007076067978761567,-0.0284388541954585,0.02833148453232811,0.02980443750059557,-0.015100231581562009,0.013010265458785324,-0.025504716456302763,-0.003429800487169657,0.005718997123539226,-0.020799033285563352,-0.015538649663063502,-0.07604822416616011,0.0014976094350497712,0.027099251634515632,0.05081384334633408,-0.01000753517077133,-0.01249105479623039,-0.11588122139970776,0.0536950963746476,0.02844265203943251,-0.0073014012789862585,-0.004072517362678625,0.058409130254686525,-0.008958848227899717,0.007354050275380363,0.005178322106349501,0.009434394917832807,0.015570286646180998,0.029261364743677215,0.029572489785969477,-0.0359565465099763,0.004449130615664238,0.05748832402576045,-0.03047134463836832,-0.030205327831680697,0.034055588689709475,-0.04715604690027151,-0.06295473573127995,-0.012325069506212578,-0.01347724547645013,0.014311325067330218,0.04188459567315046,0.01252288269811051,-0.008656215633708034,-0.08651130661623803,-0.015374294765411802,0.02501255068347027,-0.04528488770207911,-0.012516826392826882,-0.0012298681259469925,-0.0034331251288265002,0.03788803094160347,0.012014720212582703,0.008258832507810322,-0.006061488011471268,0.031777234649774166,-0.08940298527348382,0.007628214624742723,-0.010082381990516679,0.002882155046059367,-0.0015697207343350942,0.03469999780000172,0.035727449743356274,0.012856018486092921,0.013144881072304146,0.05677773354059809,0.027701994960526534,-0.029473888270069387,-0.005443506168137592,-0.005236736114323514,0.03006065120168635,-0.009669278541290264,critical,6.410219135429277
0.98737773004871,0.9335116673506343,0.8919924784975555,0.7859413584116152,0.701370236684638,0.7007375185193571,0.605969048648267,0.5424913129787409,0.4322961393872059,0.4630284374965642,0.3871117613503982,0.3945794013977089,0.29940281990423906,0.23075017892468802,0.2403159117745399,0.21052583195715266,0.21247905021540744,0.15835199556268514,0.14255862032636507,0.14571719812571765,0.11136714981760085,0.13990263163703906,0.1294606900173787,0.07976995637146185,0.04968261336970483,0.05481733443075047,0.08829365092296013,0.05185433468276331,0.06384762046563792,0.03536434330243196,0.050187956200466795,0.03814580747766731,0.06429327485974368,0.052216931942136766,-0.008774661851648529,0.0652787421765792,0.04817102822000924,-0.013814574414623072,0.08010893579804598,0.016543887159015884,-0.007704615752192574,-0.010322973390637553,0.017087338534652205,0.002757908648536909,-0.021752756518567125,0.02222734823369523,0.02698937812814504,-0.01768310271109391,0.051971624657841005,-0.02707474101508199,-0.032813865700646684,-0.025923170446474207,-0.024326116376570273,-0.050608092015031025,0.04222397526810708,-0.03074621106585897,-0.008717472640448766,0.02299555473198274,-0.013523905895313111,0.0028052331385035245,-0.022362063915457323,-0.022793554361438262,0.003388697512001866,0.007232480865845656,0.008753619725940206,-0.0320521794249281,0.0024710403729072752,0.014984790631192152,0.008432464578349735,0.020613733753876286,-0.02464148484647694,-0.014693488703406867,0.027538333004621735,-0.01407478345444968,-0.01646306840092226,-0.053052986320230144,0.021064936147654287,0.029372753047753438,-0.04509671080135924,0.007967280972862076,-0.019479498438259475,0.07234545955933422,0.00411715225243194,0.02953326376659361,-0.02077199065977767,-0.03576025819173695,-0.024604342161828874,0.02234556145214164,0.0055436832002032175,0.03340560229647879,-0.00787133752701041,0.025155260175523192,0.005548435819623188,0.027151058064235366,-0.0003316977339128062,-0.007658604219016297,0.05390037021235672,0.04037640147093421,-0.025985218724309186,0.06900939645519762,overdamped,10.077186434037868
1.0474573299984875,0.9730437939262054,0.8591168812510914,0.7913129698236344,0.661867814400505,0.5826916348217727,0.5092396198046015,0.40335327146375305,0.3495645429209084,0.2931717959731503,0.27933176969430684,0.18125681994884316,0.23498402173812444,0.1018140636199593,0.09873809394091468,0.10987514647141289,0.08483898812271001,0.0441624821317611,0.06178852479622018,0.03262128169868729,0.025494334382567194,-0.029456583174555136,0.028685044462204455,0.019041018438689616,0.029200572358495012,-0.04807340269702084,0.01867160851700797,0.012736553041508614,-0.019997689240414906,-0.0011127277681660967,0.025054383020122944,0.0065806003613681965,0.048278926930773264,0.026426448781460082,0.03999210688808723,-0.007124504646740602,-0.001231373024904384,0.017017132437162668,0.0027472087910644137,0.016318011041790363,-0.02089855378043769,-0.05465051294553449,0.011781480526874666,0.004752861746572497,0.03723095933737629,-0.046064847072449414,-0.035838275517328905,0.05526321278811532,-0.013126866826060762,-0.03906709287966158,0.048404592271769985,-0.01640514628730937,-0.03953448568969009,0.01194151099199065,0.033942700581684034,0.006125428609250673,0.045769233787083294,-0.026815058729978324,-0.03805667093091083,-0.009749109268662098,-0.0013401834832080458,0.026914257737389796,0.030954447396562237,-0.01570524079677009,0.024212637023331818,0.029165301053054846,0.05089241241167752,0.03279644616019205,0.022499295435755216,-0.011421401238354799,-0.0066746381820713095,-0.0267456295976277,0.010738661240615626,0.03459877277529613,-0.009370763175422344,0.0008515506560485888,0.005788883147227425,-0.0077937973615124344,-0.008687341485566748,-0.046344911639986504,0.05636637726221132,-0.01890440003683699,-0.03101465490290699,-0.03696497804317025,-0.046698158731188884,-0.02316191713095617,0.003033467845833944,0.031988138519340036,0.022421949673191787,0.02578193169311745,0.01045633821682528,-0.0011488870210487894,0.006759829096010822,-0.022555908754673278,-0.0012504605790818455,-0.031636188223518866,-0.021257743583978743,-0.028895690032202423,0.01361143090650771,-0.020532387332808003,overdamped,7.167700813114048
1.0074755146881296,0.9380530360505589,0.8785484757031736,0.759768698615514,0.7508192195377831,0.6619271309149881,0.5614946814054615,0.5167816700198653,0.4291755573320305,0.3833813970780571,0.37347430547021493,0.30734064576884235,0.2663821145922891,0.21948388377964723,0.23072013568219887,0.18920601239809037,0.22325344289565124,0.135024528585837,0.07282284784008754,0.10257018292724578,0.14067676272085267,0.12855143528290477,0.029347441546771755,0.09951455658550172,0.05130455076140504,0.10149500835813585,0.052306282749171866,0.07835721770382466,0.05655993131139744,-0.007604608859253591,0.013002451598410278,0.0015927463519934994,0.03478644241225912,0.019869118078180013,-0.027648183801084653,0.013599689393613008,0.0010207689502779935,-0.0032474928280326887,0.07166381903234303,0.015595293411127005,0.004498868645325865,0.02185669266352075,0.010534537590713919,-0.012602204602492059,-0.039864062710242745,0.04788728706301454,0.001684415899965425,0.06282328007113984,0.007218118267316508,0.012771240823106086,-0.02726043438620122,0.013470792704493563,-0.024531452221569713,-0.01789752881438887,0.04170265150587795,-0.008954826590783036,0.02397943028187109,-0.014468222544304613,-0.06064315792995723,0.019517028719494824,0.023710812680894835,-0.013568765016445043,-0.007348982379276165,0.020029483535929538,-0.04293952631696482,0.008436493391617648,-0.007953968418398658,0.07081357051996567,0.05368020139736754,-0.024599257487884024,-0.030018782894855763,0.023779037987839875,0.009965333698430993,0.012285793125505167,0.009632649512509037,0.01656544806101158,-0.03678882668805619,-0.01948608806680196,-0.049117821222012456,-0.022848012543842937,-0.01038792782323223,-0.02516447128937285,0.023865678268294555,0.021120330778355654,-0.03502813167768939,0.044303202585905796,0.016332413182988875,0.013081374971948237,-0.0020231301226224974,0.011898785722700278,0.008204054209158372,0.027856858497959703,0.05785484128629202,-0.0051476834759307775,-0.0033442140070895168,0.0001469019358159818,0.005288020818106556,0.01904127673658006,-0.058018189066595616,0.01001615192655987,overdamped,9.743963210488886
0.9990432757721486,0.9515289380976353,0.855600191121383,0.8069235759029525,0.6719145797114066,0.634374544950204,0.5567842662596134,0.45852050989983534,0.4033696139907961,0.3422300635399911,0.25710627020571397,0.17486300273633787,0.19608472363357574,0.21595322782605142,0.18109166548237152,0.15648009687724987,0.10596286223458455,0.1010992394709158,0.08624738412742874,0.05416562751989905,0.07035862585333821,0.026056450379723973,0.0619650108276501,0.09822161479957234,-0.005417369247427542,0.028545037828971116,-0.005168569396763627,0.02137458689448632,0.006332946619626656,0.06893588815726011,0.01821855619606091,0.010520969505799229,-0.002433847445322176,-0.00727605294996061,-0.03753402677634045,-0.024352109579224745,0.03087182755156878,0.0267050595296574,-0.0033388295405651757,-0.022581994198547364,0.00373483292767586,0.03320317873312673,0.04945154671406005,-0.008262380294800326,0.03892725825107333,0.020504680833805324,0.030924086897098208,0.0071490936195404975,0.0039025083970286433,0.0019797558283282685,0.035660721271681774,0.01620019342281628,-0.018525970051540906,-0.01687421864015269,-0.0425750082590954,-0.022940361406113705,-0.031226410584777084,-0.051940625746002535,0.013084863998916757,-0.034473081938888046,0.041000056659598466,0.009967435539129378,0.03295715069355623,0.010247068433906223,-0.011474474554431268,-0.012527784174374137,-0.021074884867675513,-0.0044406252505512726,-0.040787039421719525,0.01370538482590256,-0.02533279516564714,-0.005152289386645742,0.004672057089706662,0.03842870305423543,-0.06947538343067643,-0.02065843401032862,0.03765174821853589,0.005230661410081392,0.0383003894144501,0.0012429278573829864,-0.06410275694126118,0.03399551173734751,0.03113902593539479,-0.009059867216747038,0.034261726778262315,0.0011622023216538834,0.0011726122726995669,0.04154970247663227,0.00020987984633955841,0.043400074217215756,-0.036128834116410304,0.014764516767118048,0.016527141347217725,-0.026718081490694545,-0.027150649737005463,0.04432938516542896,0.0629195463396564,0.0007542973835780594,0.018830195625621972,0.018180212909921355,overdamped,8.233915051839297
0.966394565673101,1.003338883702419,0.8559787334923843,0.8122883742764764,0.6829804700080042,0.5505517231151982,0.5625486620235887,0.44503507787476754,0.33943425751238093,0.3174618020586863,0.25022925132364215,0.20011574333671872,0.1367783819646698,0.1790659811955938,0.10423920977369555,0.0898083946412781,0.09987314773590861,0.11072594124901995,0.09294371289814037,0.04131984518700714,0.006439706294012526,0.033690229486158144,-0.012557337899212692,0.030452854904845807,0.07437633362135689,-0.016864976217885803,0.03674119135492038,0.028481887321309164,0.00834363033362671,0.045263318462969965,-0.003733542879591399,-0.0018350353713594125,0.011591297025973274,-0.013073016262140935,0.05655495362465192,-0.008077978913518274,0.03450123153480788,-0.01433826774466758,-0.012773598167195487,0.05273392036655051,0.022803582239242722,-0.050531382003081195,-0.02512156603249969,0.019988373440503648,-0.006766426794813618,0.051585512296080535,0.006596407753933717,0.03043747464698393,-0.02454133688712648,-0.0008002706490278473,-0.03182188245182951,0.015876878618040144,0.013593075801391083,0.05643092775706823,0.009236015446189075,-0.034337798203093406,0.02157170472495112,0.006043353389688095,-0.07880208343319536,0.008885634017284346,0.016906997415046348,0.018417975930852027,0.03662566463635167,0.013668535288568992,0.03723902581832735,-0.04070242177092265,0.023015401327134234,0.018835908524197177,0.003352443895299131,-0.02009106113551847,-0.014399777762851798,-0.03968425329983825,-0.008558066159641824,0.031653918909912176,0.05015583519955244,0.0343494606938566,-0.01397330661923399,-0.0012080958648602476,0.016456363162570577,0.001703231506756997,0.0074508483186564705,-0.026383072620906844,0.05072937087547888,0.024748791295499076,0.009664875252192695,-0.011603926490184489,0.021002522627660555,0.027736723045622996,0.024225744117686677,-0.009806349330569996,-0.05416041741324403,0.027930296608316047,0.002311641580066447,0.0014082040991732817,0.04498000279499856,-0.06880027258192187,0.01328548003875569,-0.02245795452224956,-0.03192718846153743,-0.021392837031972912,overdamped,7.886459752065129
0.9837018422705094,1.0209767109945747,0.8946856213685985,0.8168388168712981,0.7187197743672293,0.6168519119919161,0.5337242960698905,0.473075232586038,0.40370932188794784,0.29719939878335605,0.27380840518728033,0.2846522635080445,0.2975013553543983,0.2963925762749659,0.17998089353174856,0.10905268320513659,0.14051125410032525,0.1426056205327684,0.1254945404593246,0.04651066576143411,0.0521773041888081,0.06341677872278903,0.060191913669840814,0.09425352188504728,0.06457731238683916,0.06811432117319577,0.03200090411510906,0.0016828265116331231,0.039637751693784085,-0.0025581287053184805,0.037932215303629196,0.028691640357468996,0.03134791695777184,-0.020513147823627106,-0.014489958024388076,-0.007097714368407181,-0.007279150338284765,-0.05559669172902022,0.01579143743120873,0.031344027182996725,0.013006802484156798,0.009740412324223256,0.015208679576705903,0.0407858111541813,0.009730636576754308,0.04371593688520821,-0.029790505071945,0.030990395538495603,-0.015040016334672736,-0.07172938108075659,-0.004724891706369813,0.003716597405965671,-0.013353831702039513,-0.021467119086615388,-0.019539227397822736,-0.015085677998211863,0.04698840562823142,0.00023833753902409492,0.01972392701811283,0.0007829645257104958,-0.043865198386678836,-0.012963728788670643,0.0018385032605014924,0.04883573045783179,0.04285200814223775,-0.003897052714618796,0.035393997789797856,-0.0033972458495441058,-0.05348170673697144,0.036871144255978476,0.043310358605148536,0.00951619490137596,-0.01280527802596947,0.04759886770289008,0.0231120828625632,0.009038473738278244,-0.03785522258470794,0.03242606190517723,0.002485851563933989,-0.026133963252399358,0.01114074049250428,-0.03396253362813479,-0.024904187473907966,0.058590888216634184,-0.03191114827445356,0.06156927328589248,0.0269667151933569,-0.07289808794107387,-0.02054070563726704,-0.013704646778788092,0.016912755637185282,-0.004073594486449103,-0.03570131455132279,0.002207182616285908,0.00265607185876018,2.3676879484442208e-05,-0.01643197785056469,0.01356028736803575,0.018625963899531483,0.004535979363312769,overdamped,9.076627431659174
1.0072536998478605,0.9679193467516043,0.9197725664137586,0.7694100849996149,0.5849201330995752,0.5682653082302216,0.4719298265503208,0.36065581909179495,0.3032795994234275,0.2733246073966419,0.2130946254507421,0.17236794430667166,0.10312927877769282,0.09563201513874695,0.10080472804058509,0.09451603972663751,0.05060326367437101,0.013541679409013511,0.0127326566712366,0.06157693335133725,0.07886391155115127,0.005341267830755152,0.03278650991005661,0.003470181720708886,-0.0073919184830810985,0.026829235374111096,-0.021827783574216927,0.00549999674533414,-0.0008057969145083685,0.04746121782337976,0.054273192995812264,-0.0046752444262814965,-0.0002697385335052368,-0.015752567951672725,-0.046925220840439825,0.007150738381716199,-0.03579968188764032,0.006358459028332695,0.022577093397172527,-0.019677352512749047,0.02190306843127367,0.00942965564298028,0.03754523189796033,0.018552372002471177,-0.048044064082027764,0.04103268944639326,-0.004592351936047328,-0.006491215161745026,0.04045388483918903,0.030095708058655163,0.0095223828449837,-0.04389303108354873,0.005438973493244223,-0.018148121702628462,-0.025663777629075388,0.04134691521404778,0.022761484258085617,-0.019570560492076165,-0.039760916281008515,-0.007738191301379837,0.006347017017934783,-0.061882783863706464,-0.015811491478251036,0.02703567133030045,0.02867635045170531,0.0023632799616616356,0.05853273050499239,-0.038586284148261964,0.04850356906490491,-0.0007146683231219492,-0.027901897184705128,0.001987202978591862,-0.0008746814378704089,0.03467488668813062,0.010520492750272161,-0.00470547345021414,0.006774354786426145,0.03117243353907502,0.060249253722856604,0.0327255289107555,-0.013777303601580387,0.009558466181127954,0.01120849749060312,-0.06393338956668432,0.027631414488864033,0.07930837801808319,0.03870348385091462,-0.008071416853545505,0.01239634032789611,0.03211930715019317,-0.024721196255483083,-0.007702429107059737,0.04793958520399111,0.016158316018738475,-0.010980028142424027,0.012361738655928269,-0.03583552817491269,-0.040080421412433676,0.04626454486699529,-0.0265464750714445,overdamped,6.932895492479325
0.9965354175490334,0.9408327901303082,0.8993312345358863,0.8335125832566399,0.6750950968961009,0.550264386871505,0.49580622970901544,0.4103365774315756,0.37545115205668306,0.2900429859175451,0.2790699409697215,0.22179320531171132,0.22805331983292235,0.13066063608897,0.13538465518096995,0.12170867857007792,0.17741748733072316,0.09907289392709726,0.029420350245219537,0.0650600195571189,0.06303104655261538,0.02901992191172651,0.04862360515445845,0.04375669099868701,0.0019120367667142084,0.016198707847412327,-0.014610483430750356,0.0020329683793337706,-0.006568564126907064,0.029765140409394958,-0.005901184783478213,0.017082703461789132,-0.01175983349277249,0.03386336721150647,-0.0012031438011127354,-0.008365842989209775,0.021366954840446442,-0.004754237445591354,0.04081939389778761,-0.011445094951715806,0.03901609369626421,0.04136213242765319,-0.030195804174370393,-0.008443797646465573,0.06966675314631872,-0.056613100351528965,0.0011322957514477696,0.0012709348926664087,0.02355674681486525,0.023728260335401503,-0.02202310170884853,0.05511183752941407,-0.02654220072487097,0.009997281113901123,0.018629553926875667,-0.03295640290291111,-0.014934265338172487,0.0027165480250504865,-0.04688528877279488,0.030618953373189626,0.031144887123963308,-0.004906521010246635,0.008499189008614523,-0.020486750173183944,0.010086878875770994,-0.014463664661229121,0.06149543614407362,0.030537484167746508,-0.05048260855006202,-0.08921015313806273,-0.06746191665049278,-0.028510834068927335,0.04574597989415358,-0.012446056962578082,-0.03711839353228556,-0.04856996922142912,0.05008624518724413,0.047129124193753744,0.005309711261998644,0.005928633842130902,0.03488844166617837,-0.01277452550899189,-0.01440931190201374,0.0702437284203274,-0.04437783166140967,0.03733101533138244,0.0020738033613964613,-0.020408801725084007,0.05274301767636979,-0.013751502131431519,-0.0011751047095646908,-0.05946171153472243,0.007253138853913345,0.03913063187776483,0.008162239047427104,0.0331634129248348,-0.043358702424886826,0.0059774405828770865,-0.06605824593918216,-0.02913490803194689,overdamped,7.879913049636659
0.9751565504341984,0.9689473473982361,0.8875139265195703,0.7665344499779424,0.7015903777971628,0.604756898057637,0.5028437831662627,0.47483069936879424,0.4566485158358741,0.39131492663440465,0.2771192972653676,0.30835705033699123,0.2645131105784796,0.271319173105109,0.17259153877477712,0.18193223527875937,0.14170564993134913,0.12362464644418975,0.10091097365514269,0.07281412656070074,0.09058931717816383,0.14915589297539913,0.09596069777255456,0.10973828552810783,0.044890888312824326,0.03161012550464627,0.04801802522368535,0.002433735050245321,0.0032357932348218883,0.018368233686918055,0.07012792109694345,0.033681684123902586,0.0473000332400973,0.016453514378283497,0.02314540064354631,0.00765084949489393,0.003886079704491361,-0.01249385738750278,0.03655875209301151,-0.025030726679372943,-0.010025186610632904,-0.04774006171533167,0.025213806087127998,-0.034421863091147954,0.004359840028099673,0.032116918565393386,-0.030205776437245806,0.008469344049163207,0.052702033539498004,0.024518827627896884,-0.016420158943286252,0.03640704322197058,0.05646561116483411,-0.013190961868582566,-0.002717678908234761,-0.05310620255460195,0.015653547595256986,0.012223012703671233,0.029075845696967476,0.022520461154221835,-0.014509899447187306,0.001514423814765767,0.015012095408008713,0.029848498253274555,0.04400582920156448,-7.372044076126488e-05,-0.0074428723480509966,0.028180835217833756,0.0016644011698789419,-0.006675459154001974,0.01084464887104048,0.035624207825646126,0.02384577689967667,0.04721091867234747,-0.02383566906539028,-0.018701388509255904,-0.02046682915443058,-0.07332086023223103,0.010233810121909232,-0.0813713111382822,0.033164043977956054,0.011306408957089082,-0.004560690177378305,-0.05634421373015559,0.019531498553354704,0.02757460843651691,-0.04192196282677377,0.02673097752813882,-0.02447553057254142,0.015167808547432835,0.03014940466720592,0.0220248703213164,0.05170605471725509,0.012569869816501114,0.007925990485586551,0.009834681476022799,0.0168420382246934,-0.042103262295590485,-0.04123048755411861,-0.009042506192756141,overdamped,9.081896620757423
1.0053422084060537,0.9618618607513136,0.909779996451248,0.794890599059022,0.7430606742186301,0.5693675732193373,0.49028662269251655,0.4830395564570059,0.4311628909349261,0.3408500569515068,0.3290960014153651,0.30023763919999386,0.2746031932468832,0.15990192846870796,0.16158760503982067,0.14386015457911291,0.16082444039206417,0.13855943604193627,0.12950807419268262,0.11362726656106377,0.08365339583043942,0.02475008412336304,0.07937306611333822,0.041623365435649186,0.04604763484502332,0.08820090094721039,0.005813106431779527,0.01627506870991839,0.017174682923168975,0.07118000831123852,0.02108643008424998,0.034690846450212455,-0.07434384219079487,0.026707115829923904,0.02530058113610848,0.0069771760702022085,0.03715030245559821,-0.007077894219733516,0.022095706835694187,0.021195556439348142,0.09664959696998876,-0.011914556985733602,-0.03241746861259849,-0.019948357615367875,-0.009541113316528894,-0.005616096380382759,0.023449329413851083,0.022027759249432823,-0.045840312322523835,0.000934501042717772,-0.027186593405882437,-0.03391473085689379,0.02421049244341005,0.06373781265627121,-0.011272584081693317,-0.002278921187010749,0.025859400148872752,-0.01590326033308489,-0.05161267590641212,0.00973292359130476,-0.016207367907774183,0.03438234353355479,-0.03955403436345474,0.09654642084632883,0.035448929930847535,0.01735819292891959,0.00912899353906241,0.036466762514090936,0.018899196857324333,-0.022609195280001954,-0.017909735207432914,-0.009085550422054825,0.02084799504380947,-0.012889922183553903,0.024066245235876985,0.019993465738411813,0.027529029690405903,-0.03138127978429686,-0.025945903881444084,0.009503833786468277,0.014590042290212489,0.04133383770082231,-0.025937558655116287,-0.01954091408855624,0.005062985497100223,0.06250475327863511,0.019527903844736846,0.017689588745063628,-0.027757093636258338,0.0270263012311602,-0.02623305786024238,0.02346067951913053,0.011434997322195066,0.024139853205988392,-0.038456876084351395,0.08896470509896744,0.006379620107919865,-0.010054007088463216,0.0006408677776091178,0.02868858647419153,overdamped,8.877870599807348
1.0072441838948978,0.9703608983080534,0.8920765655131925,0.8719682788103862,0.7454143210556927,0.675475287881317,0.565756925599342,0.5356866285873186,0.4785091042592662,0.3729900556742417,0.32096083983423346,0.36536970206259956,0.28996307289871354,0.2297580400171084,0.1825262899617368,0.23431462102616504,0.20069426042774527,0.20277512313275908,0.140594040721656,0.14293732059123773,0.11544878051795024,0.05586084016165868,0.11536078660897718,0.06485865128962652,0.09288650942712452,0.07687997132718125,0.10469361100501144,0.0337011226046417,0.006006683419054991,0.07479899737380696,0.06240014918594214,0.016613942947309786,-0.010132795542939124,0.055370701443888004,0.005128832406047286,0.06728515683912904,0.07118572975194497,-7.00587460920124e-05,0.06246427037088839,0.04316602528260604,0.011987797589201953,0.010230410233773187,-0.019651149701636575,-0.02523225085851631,-0.00896609576202964,0.04144050751583671,-0.016383615875514144,-0.01644177270866969,0.015803367344660833,0.0026528565865669923,-3.984020637245664e-06,-0.013869553103053604,-0.021178490801893102,-0.004144048404559973,0.06405213654168207,-0.0056213307526257646,0.004154757294977088,0.048302259021224016,0.02143274297880146,0.017779363772059874,-0.05273426277439105,-0.029525524282860635,0.02345701303748435,-0.04077249509218222,0.04460864261416915,-0.013288336527003503,0.024580075752160938,0.0033862951182024896,-0.011280444381608237,0.02910526516238185,0.04255371015142566,0.003344288555630408,-0.007312182574091556,-0.007162283061354793,0.008248056909001886,-0.020537374372423308,-0.019413317561968173,-0.039302806785129416,0.010690652146763704,0.007376193529729775,0.0030755514393541157,-0.050077796258065625,0.016058489921038303,0.007657054595895178,0.03165111699153473,0.051065759580359464,-0.012671402237132407,-0.024745774622960154,-0.022698358635713657,0.013492474860336978,0.018705708610957546,-0.0009141188055948447,-0.048215111645534686,0.017295715279469877,-0.00782749588056199,0.02026588087916693,0.025768046766779847,0.004902254723546003,0.008399080118929253,-0.05478837309294549,overdamped,10.186910963002227
0.9898923965112988,0.9270852899154,0.8788103831554679,0.7318516549045252,0.7129700469844704,0.6263722043161277,0.5309818269829191,0.426971034324101,0.4144018868196806,0.3231236546269718,0.2785450095192664,0.27120187567813075,0.2743727550467018,0.18060520278387712,0.172566639883151,0.09190714432140454,0.10823089243002175,0.08586207619409895,0.0899381247864856,0.09767716556707949,0.07904771434666134,0.06647087369284299,0.017564905279958506,0.05627180138361262,0.0450532915875618,0.10717942784504185,0.020760973692056935,0.046158720485280344,0.04979915783987523,0.04230938005587067,0.006463256392290673,0.020377742146724803,0.0148809650004713,0.06466114082017217,0.043586545821694675,0.04479447358233322,0.0010536969041884253,0.007169980682836376,0.013039406788832534,-0.012404831253477095,0.030402407156393845,0.03737911731024117,-0.05434865010731877,0.037951401267640246,-0.019084190542442266,-0.04780802768000662,0.010277197247835587,-0.0248558243616114,0.008925373765559273,-0.0022989416684209892,0.025243237518024424,0.01304553861725634,0.045912583665488095,0.039053006789147575,0.010788540962131745,0.015208417467061426,-0.01215777687450438,0.004884744693045367,-0.022376885997508585,0.04970536017229885,0.03332025609380725,0.0008112574031456303,-0.03415352122001798,0.020691788914639134,0.02365374259655105,-0.009543113910428884,-0.03789301404314755,0.03477479977924209,-0.015361865156758752,0.02097217787842749,-0.016342967285013766,0.01931570687037371,-0.006648306464537741,0.03937650479215619,-0.009456750663262266,0.006455896768951468,-0.018237877146762834,-0.02956551088852836,0.018750432354868323,-0.04581841357400259,0.006931572220769877,0.05357560293108137,0.024962066960977,0.020744556514280685,-0.0027720580512045193,0.03016064732296713,-0.04802349209059656,-0.024861841114439086,-0.04335872642044708,-0.008740573098572705,-0.049801642906239424,-0.005119552044638817,-0.022245765600994713,-0.003957899848257964,0.040754202215878346,-0.03100884071625453,0.003940988442595734,0.040946008576664916,0.022396882013768157,0.020836581883001665,overdamped,8.63818035311736
1.0042957563918586,0.9044722447193594,0.9068753647824161,0.7925046926651713,0.7040991472540248,0.6320661611765985,0.5374157255809895,0.4634496721791634,0.3919012583401771,0.28477317092177057,0.3445182785381979,0.2624681881949644,0.24236571889893616,0.2193935426012291,0.190663300433021,0.1465830313828856,0.1557397610786846,0.08202821242325076,0.09761636314591417,0.14307599892373377,0.0716470300305977,0.04597091160494418,0.09239263625683228,0.0029859722713874645,0.03772081583152141,0.07552504561466986,0.001426784839838352,0.07159110472739383,0.03451768910275392,-0.010405874345728074,0.03850131306320443,0.020420983873223726,0.043411059563511725,0.009897123101928473,-0.003299545789881222,0.016792886910814143,0.029496585485615245,0.04654267011749781,0.038252540738738204,0.02822851970910366,0.0018583285927709172,0.004507148578019204,0.01062278911244282,-0.03618678189546373,-0.0004493818106177695,-0.05028181812142683,0.03055661081651709,0.026443137872480094,-0.0264462722088908,-0.04938098821937966,-0.018638107790535176,-0.006989820746133418,-0.017498111504005803,-0.022081383588477495,-0.0345638066492395,0.019550872312074828,-0.020503888860916582,0.018638577269700782,0.06545398093525315,0.03948397381051709,-0.03159903706195639,0.02153839962358404,0.05623692172121085,0.007876661956983774,0.018793285297750574,-0.0009232948555722775,-0.0511782513186278,-0.02487412846748328,-0.016026551572755076,-0.014844942280088489,-0.03313029244968536,-0.0482902385833993,-0.01620828686041349,-0.006390167163369002,0.04734377477211071,-0.009527274243446068,-0.02760750452325564,-0.01066939079765549,-0.023925432170207674,-0.041650725908746265,-0.042207898028853295,-0.04636796440747652,-0.017256574441854224,-0.03542136864864304,-0.008693437973188275,0.0168754332598269,0.015915029225583705,0.0012412202841069922,-0.009532399843382396,0.006290134138484453,0.013254364562336684,-0.011827098168015047,-0.02765272524129611,0.024490484568815127,-0.03804631071443675,-0.0063138533281091825,0.04169153618831656,-0.0033905872938753178,-0.013606383642843601,0.013167706710147373,overdamped,8.681683793007904
0.9500438375271547,0.9704759102560371,0.870807041548258,0.7451906740718821,0.7463398764250021,0.6554343890219583,0.5325076299177924,0.4684578199664906,0.5019298945057775,0.3895598871480593,0.3215499784991812,0.28650011275000664,0.24734220574151133,0.22056410894286305,0.20507427973889336,0.1624991333637411,0.23735702520847196,0.0969408588631859,0.09980752629926196,0.08327610544248734,0.054454075872471544,0.0716395454875921,0.07369955852263955,0.09458930375406449,0.07524218235064033,0.04344541812587322,0.052918592820289045,0.01944084880443149,0.03710342802936535,0.03419646771061237,0.06846310862538062,0.07767632507113131,0.041603428159152606,0.038340845394748704,-0.000883489902256198,0.032881478276872614,-0.01595461912957199,0.022945305255449425,0.02633853442984696,0.023395502736587272,0.021224009552291596,-0.04910652229135358,-0.027062859238925034,-0.02471955372005057,0.05163333258608574,0.013455998028643744,-0.003453768068723638,-0.038660713571094386,-0.04770570453975746,-0.03096575972023779,0.012939427554200283,0.000767642748017472,-0.016898609062242585,0.001837302458142914,0.03126183018458415,0.052867240172557575,-0.02578577189336775,0.02264231229348975,-0.026585813815676238,-0.03440593013589302,-0.040550339737705374,0.051330696321204,0.038857294378373625,-0.008183544215756323,0.004667778403734083,-0.008875014860905339,0.016884345299641407,-0.01583961634321317,0.03824143960378559,0.019981132455851248,-0.03975605210358047,-0.006137715335432039,0.006110972210527242,0.021297525835242543,0.04748071736933849,0.01071472613813815,-0.00356805502619112,0.03301426584818883,-0.0018964408268457977,0.011546279132301471,-0.0028220608516076806,-0.04580647226727326,0.0070794510213705395,-0.05519393440156709,0.011616205625014695,0.048182828140157195,-0.011769095775164443,0.018046313540471936,-0.008194161557471895,0.015643547472161158,-0.018168905209233137,-0.0038453890994906304,0.02021942748039049,-0.006152581455168245,-0.0173074777927417,-0.041103892762748735,-0.02166542767229241,-0.00336138208357999,0.032762124032756565,0.04621569368537544,overdamped,9.472594531901358
1.051063519421901,0.9803561336521714,0.8579777074018646,0.7639717995833961,0.7007423143229323,0.6252013089964465,0.5489738231752532,0.48825122358674916,0.40725719204044825,0.3470976951263373,0.3347271666464131,0.2985313608096681,0.19652620101650495,0.19678354467265569,0.17393972655921236,0.15286243971992286,0.12750471410574576,0.12219324653802395,0.05025531801149669,0.12163545209163032,0.06972885592915712,0.0681683715477095,0.07763834272280587,0.05631945474478933,0.0851116806417013,0.06185976213581786,0.047624082770749344,-0.005344916354862613,0.01638849155554211,0.04503746262075654,-0.03523958713023592,-0.01844228261855963,-0.023495429258306312,-0.00456787325738266,0.009603628875641897,0.07193034506341398,0.05503692666631563,-0.0018342438539327936,0.034516334652525696,0.07541944991352928,-0.028467864950791226,0.004627130439239475,-0.02092909320010362,-0.010287613521786112,-0.0319481014823351,-0.034807323764192225,0.020927800596196065,-0.018286284939560103,0.0058331610923520365,0.0069471667638992965,0.029093440433645583,-0.027825265488510883,0.005827577524605429,-0.010345877584267018,0.009622344019166519,0.02848475171798946,0.013691859757779874,-0.01632256477392081,0.02081580869144413,0.05459106325421294,-0.006190470479545776,0.001461785336376726,-0.025793822115733243,0.006758096662700627,-0.04246497888213809,0.014097845206647027,-0.037969053272409896,-0.01864046075404829,-0.006371579449698613,-0.021808342543264202,0.0009447450886269825,-0.022948996946787065,0.008218894988649837,-0.010231633730523864,-0.03122080365346587,-0.00865006732705962,-0.047063268385701774,-0.013381673357667904,-0.03968389901256798,-0.004312094756036103,-0.004708548248575567,0.029085400575911045,0.0583591330586221,-0.011992421561413598,0.002851109065759014,0.04091939013000233,-0.03599885766279179,-0.014852689372843493,-0.04018981843724079,0.0021767818771991953,0.002856300321289084,-0.011606714469517502,-0.0067175852842417,-0.012633519284662161,-0.05471186345540628,0.018815397140741586,-0.04106885555325679,0.03758633190298529,-0.029631066253728817,0.022045275540441493,overdamped,8.6740949811834
0.9448465865106896,1.0134360889025655,0.8248903196396953,0.8307347993062798,0.6295517316806125,0.5691833863333073,0.49390652620906433,0.4148089410260538,0.4037981743965437,0.3330425256123346,0.2972892563359061,0.2650719125593863,0.1901266468236666,0.07440653685007106,0.13198822277099506,0.06750177349331177,0.0995982104536384,0.11383076796410223,0.048785726733569866,0.09264596836491237,0.06853908701053117,0.014247375371442508,0.04959529666642376,0.001194270580214131,0.028801355679185542,0.01685787448499785,-0.028756269907072828,0.013942160160120093,0.04586377786501862,0.04740731051711854,-0.017320591557579167,0.04090529012093552,0.02106381498049322,-0.02566529393785754,0.040687623016329416,0.008156166468210846,-0.034165326047671356,0.038240126306356696,-0.03770920240633348,-0.015645539416875198,-0.046113745435603544,0.012335231139148623,0.046356607847382075,0.020503102863919657,-0.0077435719424389475,0.016176148818252894,0.04499641298149045,-0.02156268146814678,-0.024670008899599177,-0.02573835020693032,-0.014680094115343587,-0.024267464068265795,-0.034274790747118616,0.010004189216137457,0.014361784074817608,-0.012778656984501674,0.015956788174751494,-0.016223942795650436,-0.03445751935021262,0.040106239139531576,-0.028510002567880503,-0.008611613248733453,-0.03127312342805027,-0.015028635944289234,0.00938058424454551,-0.02660853610791327,0.007532638947360862,-0.010373873931493995,0.01563031920069991,0.007829902498279535,0.023783012069721,-0.030775880536803843,0.02101803970488095,0.0009438556282878845,0.021688646885589486,0.020801033280229114,-0.003067500324152552,0.03188814570442726,0.011540972111814747,-0.014504401072142443,-0.017966969902154996,0.06596624010424804,-0.028966395983152364,0.0129640551087947,-0.03206407007599228,-0.0188336709209415,0.0018956415645695324,0.004126434408899562,0.024204782531840646,0.004952041000291479,-0.002184971961118839,-0.035331793186074746,0.015787753396999428,-0.016693140025829098,-0.045824907989855654,-0.016780093742543307,0.03439403106033525,-0.0025145618891600787,0.03701971942119549,0.045621315160148015,overdamped,7.9461365671879545
0.999698172327259,0.9408907440068848,0.9200136315142394,0.8029629140672389,0.6958689012097775,0.6750503187741137,0.5592129758050108,0.4670361839540197,0.44143786692504106,0.4158391717439056,0.34329301109620386,0.3094759556738661,0.29922118204704096,0.28122811344731774,0.21119060853087696,0.17718074442325502,0.15629766134413103,0.2072278628297345,0.12591505400638744,0.133986372129868,0.12532756518874638,0.07681072739294975,0.07517619008166891,0.10311378878869328,0.09224188151922365,0.07848766274605616,0.024907862968325898,0.06627328865309229,0.08426599721077696,0.015444463359095138,0.05537307230939498,0.052717339563500186,0.0311536871204404,0.018043935850228267,0.0173555027971761,0.03503084289517837,-0.023242829053835436,0.025494015315832706,0.020200964282740166,-0.0622188608364664,0.018762464306051767,0.04132925259689077,-0.03652704844559605,-0.022335239381340743,-0.028806175198993905,-0.019089112579974962,-0.015442205200608678,-0.007163488707452417,0.014555684990270486,0.027396590795495886,0.0027550362198775716,0.012984144883940035,0.06242378297597286,0.0012532485110066803,0.017686073401786098,-0.006857402817192102,-0.012047724553521238,-0.05349710240479863,-0.03459070758770439,-0.023030254227621748,0.02969314757073351,-0.05138250390741041,0.010524901101058711,0.03860378049728916,0.006052596130020929,-0.007421012371751016,-0.008019848910115604,0.0017554166686137218,-0.037442853080539594,-0.049283565901931635,0.02609235525113046,0.01435743100066156,-0.06538615539036152,0.008653468205670315,0.0018302548161348868,0.04079856440151147,0.020534719543809445,-0.015849243028248344,-0.0445246781375202,0.004156618498259045,0.005942505203008867,-0.04086010766052867,-0.023833778702312486,-0.010878534916536764,-0.005156232175815352,0.023513509057968087,-0.025106013281069987,0.016852309389185506,0.05028599184208617,0.04675654276075666,0.024158916924335232,0.013165684534876147,-0.03265065150546821,0.04798096452744914,0.03285347233130912,0.0446144387499448,0.031089212116461425,-0.0027837427609073697,-0.02603769727451954,-0.012532638571376573,overdamped,9.7795785310039
1.0382774636713576,0.9936321750783377,0.8961438879131469,0.8152359705863867,0.7279866610406603,0.6433675538676782,0.5869275953876808,0.49930542408584616,0.4675856869193117,0.3839000632566817,0.37951646071896233,0.30833372288344035,0.3214346711194933,0.259917055983881,0.24168958499801454,0.1840294586027346,0.22674236381295065,0.18204481979857884,0.14275948570243296,0.11193685676292857,0.15722783014096645,0.20669799155358282,0.10296022386534542,0.07376248437299511,0.08996147984098411,0.1353085795208443,0.04331215924696377,0.05060837686793168,0.038572042747338345,0.02051693862537437,-0.0033900931008044033,0.044757347834142674,-0.02478742652532097,0.0065442529233916795,0.012658907683811704,0.0045959828259804075,0.0077607460839176825,0.019073297563298935,-0.03776105449413272,0.009634801191405196,0.019979322032415373,0.014162893618067617,0.02861676518419065,-0.020937341968214222,0.006769173226892573,0.0611925829420356,0.01943925078274247,0.02291241457021738,0.004602094398614794,-0.029567107374868312,0.01586413572966272,-0.04926494573428172,0.017904342080548964,-0.05823261171980757,0.048379631528899146,0.061064688676170695,0.04108783642915988,-0.044225164574651955,-0.014535007419866018,0.04425526879490027,-0.027106410705496343,-0.03511394834785693,0.03769982392548521,0.002289039478315858,0.056142934885899894,-0.020729491720945556,-0.004782210870174607,0.012579274504443667,-0.03576377605197694,-0.007882946493696917,0.04456822673783586,0.00887521747440495,-0.007353246814677249,0.03834747484785705,-0.023657208880561716,0.028743297563872925,-0.021067629753701644,0.059844883600466796,-0.013696774908816146,-0.03152785836720661,0.025961825167405826,0.0136920280821069,0.04639436650102447,-0.002522265843310088,0.005228122891881746,-0.03625863851638755,-0.00383021943903789,0.047124057677840975,0.04227999255624026,-0.043828002048156976,0.007881927938966481,-0.040168380780034665,0.025816724440399164,0.005644326568913669,-0.021151588715425416,0.00848118462857379,-0.047392238412303465,0.007881736256417755,0.006253470634400171,0.019015699244977317,overdamped,10.154768489121519
1.0073956640644148,0.9558593522569134,0.893186614918239,0.741612910108308,0.666463006244975,0.5555484011377799,0.5271844936531784,0.3724533213596257,0.3496903121342552,0.3165592345676736,0.3252292775600311,0.21290510030219773,0.1728188584021747,0.13579358780006123,0.1632317167491369,0.11963727104437066,0.12188722735045115,0.14615306897669564,0.030028074338383032,0.14412300266743278,0.052184683106881756,0.10150146530029305,0.04030885742071401,0.04527026386120793,0.019399871358486163,-0.013124854372508307,0.026469776229016088,0.008888668829815056,-0.021164416736153262,0.019476836835217736,0.04960326043965649,0.03562292466263578,-0.0007154768060039056,-0.012322485449559441,-0.02905966450406711,-0.03249393733400438,0.07171944593692449,-0.013252004544228929,-0.008503459433062853,-0.02821301956506564,0.035225939430436816,0.002597887982957894,0.025464579018273936,0.01079929992670637,-0.027116603547649092,0.044020057666462796,-0.015786391894405057,0.030405285456799352,-0.017367200601521846,-0.017226533339246394,0.022560111847770507,0.01147051230010971,-0.006553777884030535,0.02350164590855071,0.008560218605762532,-0.027778376579175413,0.0019512172315734838,-0.004226829473443509,-0.018766543996566236,-0.04259122803865507,0.05945405667901928,-0.035189113728379115,-0.0425105343202944,-0.012645456877826379,0.007860262948204178,0.050748359514433766,0.014798010881278446,-0.02537622253562495,0.01491892573229389,-0.01612218827815579,-0.025641768855548648,0.015699603980889494,0.04815181286081024,-0.007458318515180484,0.013368114190597967,0.029914379907122552,-0.032824193183855245,0.0240360430136838,-0.015741674536522345,0.04055370780583194,0.03284496580261372,0.05858888333907774,0.020114723150748134,0.0014811854597180424,0.026377668478356636,-0.027345313115667427,0.015497984764679354,-0.042523370307411275,0.03096764514402512,0.017677112305782266,0.003519729404425561,-0.02901119881985372,-0.029157123991299147,0.0003048832205145318,-0.03732144073146598,-0.026335185225480066,0.021349349981183777,-0.03442114004714889,-0.07885853712085224,-0.026375341123350403,overdamped,7.935001537442556
0.9665169664934695,0.9393652083039719,0.89468520678482,0.7405945260188275,0.7237692380800284,0.6522597981370929,0.5259579032916071,0.5061269129039868,0.46463733310445454,0.3481998504755976,0.2997115159439498,0.2540095156325238,0.19361634047142168,0.18794438234045086,0.2010918480740901,0.13927273469105284,0.2214512151197494,0.07395861859368055,0.09594438139679692,0.05476801804206699,0.11661260059670998,0.08933886676156434,0.07163560573129236,0.062319930957364114,0.045365966257612425,0.07207289775617215,0.09314566929342158,0.04453746387400361,0.01390885112052071,0.0985282381185051,0.06744794955428267,-0.015138075246971,0.021329797495606935,-0.0006252992872519472,0.027476219852454804,0.018543247426094332,-0.05443990408196618,-0.019228971926737108,0.02538987613952899,-0.024856623369300175,-0.016045874119208534,0.037911776250337446,0.0006981343551505184,-0.0346004288191183,-0.04217414814280142,0.01081393475196614,-0.012707727336791331,0.06935892719999076,0.049429699253535124,-0.021798326811391294,0.051180334441807675,-0.004850687827307165,0.005926005417989825,0.004546908881063494,0.029153059636826982,0.027774705118752165,0.04102841519797085,-0.037898256803262274,-0.00023752189605801,-0.029300789490118332,-0.08178278375525216,0.006239435014107568,0.005584157166590936,0.010360376599241423,0.003174633509595466,-0.022623076773166124,-0.02827128837588515,-0.025946077341813752,-0.005974708253682483,0.05398167281156881,0.020232407848498373,-0.02040082097976865,0.030925868918617476,0.007029085017830457,-0.04936416350663512,-0.014581838988961484,-0.00901132165448067,-0.030264222422756143,0.015069376373991864,0.005755777531508369,-0.038361271450460324,0.011165751606099526,-0.002599968628786654,0.054930291383472184,0.007116479512289031,-0.004065635891869383,0.012509329860412383,-0.005166213564422248,0.014486413042959013,-0.05752177123618936,-0.021134437741498775,-0.049722907208977575,-0.031942252661699394,-0.020444720285026224,-0.008912972343212346,-0.030490729662719516,0.002457130187524228,-0.009354583826031713,0.00986416914650535,0.006036353744142126,overdamped,8.909751980648553
0.9673625020972454,0.9405839225754569,0.8437228060375606,0.8164002592179495,0.6668804929385181,0.6291107416514379,0.5129871496271157,0.4760704924282163,0.4324356088269785,0.31140498214069157,0.2977483577110346,0.2970929779545952,0.22882218085878495,0.19444746871680949,0.1905028834457046,0.2053444338012608,0.08806174839333741,0.13918468981770202,0.1570786376239175,0.061174730836073624,0.1048128934817079,0.10337577258509731,0.03316821600198634,0.07953159825830737,0.007344873226798575,0.07863438806961595,0.055201750463492676,0.019404120285989524,0.07520857562107273,0.024679159606239013,0.03698665035379953,-0.01130834133931043,-0.03997002369061763,0.028163641131630567,-0.01743672237775975,-0.006873128952484809,0.022203333377771563,0.03006202057055965,0.06515172855869959,-0.02758864196130957,-0.01334523979063416,0.036778633182144846,-0.02047580494191586,-0.012195752045593216,0.03448547034663522,-0.02148758849812328,-0.0068944599052428645,0.024665249518001246,-0.019552994866340996,0.005088142328116536,-0.03429039699486648,-0.03513500711644827,-0.0008537490914656286,-0.008558750324227964,0.023822624751332375,0.028576367514763074,-0.009316750928478145,0.006817562306244472,-0.014687368052361545,-0.04162646233190619,-0.018998512408353038,-0.04716006760745698,0.0368238387873369,-0.00659334546564485,0.06102910254449816,0.025194092034750058,0.0035071145582319355,0.037419412663285606,-0.0034619795726753217,-0.025471387574553018,-0.03833407926837144,-0.022521226729321754,0.0019516997474529395,-0.041093802939789134,0.03676847125250637,-0.018533855947127673,0.012296110735006943,-0.012594829996395638,0.04411718965073902,0.051774901190252284,-0.0031282816897323096,0.00028338970237333044,-0.04797360717384268,-0.035692203915058444,-0.00010819749586438178,-0.0011733864580443717,0.03981340889260795,-0.03445012824438563,-0.04587282433575225,0.016077283532071697,-0.036588036985932465,-0.031041812430843422,-0.04474753414584057,0.06467731936605775,0.04600463458656461,-0.028836808104112436,0.009802687826682293,0.015964092589303792,0.03741346082209212,0.021906089168031072,overdamped,8.621677495668637
1.0509024973867906,0.9982312492829275,0.8510917596451365,0.7857913887876652,0.6754924838046473,0.520852331752327,0.5306961432353708,0.49821961165221207,0.424604309569326,0.3470001637209708,0.32279117190297,0.2387338728028853,0.25905830785295486,0.17641262319681478,0.1921515307320173,0.16126826977850284,0.12517457304062735,0.11929283375358754,0.0907773823566881,0.06651777524790677,0.07209339374181564,0.07003937684784364,0.13456543896328382,0.05699662044007459,0.0018908266440677973,0.017217308845570295,0.07227015411911572,0.02505699261235414,-0.0022649076303509937,0.03333842904302466,-0.014858745589589169,0.057881216372546736,0.030498774635016705,0.05961391649051402,0.06707306736944584,0.003983636081533025,0.0385195645046031,0.0024998291473672385,-0.014271901319237223,-0.02650416612001421,0.01830778300780561,0.02536041874140772,-0.04325469644779389,0.010264394811504,0.01347691847796953,0.021653570753256426,0.021541386991455094,0.007424055600986164,0.027084546310106778,-0.02699418827412507,-0.04459768678757087,-0.01557615365283151,-0.0012388141168809636,0.045192793096967214,0.051168125423305434,-0.006188457453765799,-0.0010657871185923698,0.0269918477804674,0.06186404892854127,-0.022814531712925926,0.030950647469546257,-0.020379294564996108,0.04359125384787298,-0.007514978248453548,0.001712641242019381,0.03237291941908802,0.008058044626330559,-0.01699457072452525,0.02399422482678682,-0.016311128710193253,-0.02636134223161761,-0.010661313113961868,-0.02246706156506416,-0.002817923812263572,-0.00933120680768437,0.02655313227454922,-0.026260754908320832,-0.039227895665638765,-0.026559061889059474,-0.019415231934944332,-0.030780454350239957,0.02277409833112381,-0.008302542128456455,-0.041404711082406176,0.06017399235470758,-0.036391004613565286,-0.011799396380759598,0.02118335963386117,-0.01990587778077886,-0.04134800985308147,-0.020514682902651217,0.02125031449731353,0.019046516357153622,-0.03903398612090561,-0.031404353261922036,-0.009870693424424608,-0.02049654421413218,-0.0521640181968072,0.0014849688989287985,-0.03778518578901638,overdamped,8.943787675431661
0.9787007650346288,0.9460395898619199,0.8774995558772932,0.7788455767594408,0.7148968126313052,0.660923244519032,0.579833526992026,0.49465700937990736,0.39799747872313707,0.3752197879462234,0.3769421272608635,0.32198372428631333,0.29332601377099177,0.2259158498081295,0.20688297351623547,0.2093888863386841,0.18281266235777813,0.1557799646870445,0.11975676814843651,0.10969309088824336,0.10759192345175707,0.005062274093612734,0.053330021343601076,0.08593901150914018,0.04802228242008964,0.12974567931431763,0.060688993235886265,0.08183497959368577,0.07481639682938188,0.01896508816619325,0.0004882263799733076,-0.026204939174985904,-0.005716014992516217,0.036280126430284027,0.03453076987087378,-0.01433101776356363,0.08210283145284525,0.007190355651716036,0.017377637247574983,-0.03316384598323034,-0.012414199041528337,0.00770162529828995,-0.013862242811434269,-0.015193780633975008,-0.015421889495354498,0.02134368796076539,0.06736020791545615,-0.049767805000165026,0.031897399836599935,-0.025920861964793623,0.008040800564608269,0.006926805826460036,0.02918481388402729,-0.01929456708618712,0.024778072399367447,-0.029542572739847416,0.03096818565628746,0.012564255877336639,-0.016843860413607192,0.03095536570150215,-0.03713496207808882,0.04118699118713124,0.04953388829336305,0.01998086487162361,-0.003496513895150796,0.028138169121554125,0.007280101344978015,0.007591388169516308,0.011697688266124665,0.03313137083652232,-0.06283817557923807,-0.019454871276203968,-0.03731685916413596,0.011454254559275673,0.03531095798771566,-0.01636385874110871,-0.03721636850881785,-0.01699331446369588,0.0401649828322705,-0.028478470992519014,-0.05282669267919445,0.02014102929790259,-0.004468881184803892,-0.019183578612879035,0.024690461583772375,-0.015268135810061454,0.025839360227580807,0.03082209239749541,-0.0093464689386432,0.011214606356093405,-0.043872134135886316,-0.014762692412317239,0.0277013512951625,-0.03334547072363056,0.004735960147827705,0.04780789496812889,0.044704054300754116,-0.01389029388418683,-0.00795957837647942,0.026071382070454712,overdamped,9.438626934910133
1.0253038530848166,0.9267928058239794,0.8999567356946688,0.6949271077732517,0.6502878869679002,0.6423827025996123,0.5144931955865844,0.3750385265226952,0.34666172699333675,0.2981674340962287,0.26827628709465107,0.2566960364937505,0.2176795843612198,0.1458281549762238,0.1926127212997898,0.11786063612671446,0.13400199040550032,0.15306088213083613,0.04023360380942885,0.0557802998308412,0.0182690741542254,0.06294031105836885,0.023141752689791205,0.04733453424579561,0.05175666691832029,0.08816615265550197,0.08590562594458208,0.01602656114792657,0.08471884912696032,-0.004533674145389861,0.03068970660489169,0.05532347479799012,0.005213504692184514,0.014852525293620508,0.05926999285037779,0.011229791513259913,-0.02550293056343147,0.025045680505456736,0.07172226425781586,-0.006196266320033884,-0.0010286056699770432,-0.025998868254929357,-0.0015895155403168315,0.00948016692842502,0.008191484758236743,-0.023838031350638896,-0.009137679260560175,0.04928878143995892,-0.042045989898906413,-0.002078275783814533,-0.05589647123427678,-0.01944022037590362,0.04400813818163524,0.024945992272140963,-0.020695308295536258,0.02104127467629291,-0.019932737672924333,-0.02342052678021741,0.018154581350104896,0.007921913643777726,0.03221886148087626,0.0617267579384924,-0.01977654516366189,-0.04730432802940949,-0.010772432528186186,0.01941944094609729,-0.0519728641266925,0.03515877782887954,0.04075841898085364,-0.014672966759520708,0.02309313136745035,-0.03157485176479873,0.005471813836637227,0.03645515441728399,-0.00014636868440762003,-0.015256169172800451,-0.06017951502483343,-0.04831966359330804,0.017805856426870423,-0.014684477524804448,-0.030525339382419,0.06753369008459634,-0.026715717802523544,0.01480500878322211,-0.03975269177851256,-0.027625652609405634,-0.015240301991259768,0.05796355964219752,-0.054953599437688926,0.012044825851553692,0.03376363309483871,0.0036347017210991285,-0.005497227823638301,0.046293816011400674,0.026649154085856636,0.03542637589959791,0.014616779997854962,-0.017570248556102425,-0.026969687113473872,0.0008458297886416418,overdamped,7.99119453995111
0.9799443845106133,0.9258668859643155,0.8787422309523747,0.7703178805883902,0.7196360202910016,0.5593976687035833,0.46342821251023114,0.42550793582884733,0.3459384065867551,0.2624886750808346,0.22556790009378888,0.1732966479139944,0.17887702360033775,0.15131581802957544,0.12337166445992577,0.06456446330286468,0.038389753589746015,0.048887267959203506,-0.001961714957122461,0.025344903173949204,0.0857324207690757,0.07033903111616302,-0.0036454921874262726,-0.01826153061628281,0.0003140012129709078,-0.02285612110718158,-0.012308272238567095,0.017941123141446323,-0.02642272046838072,-0.03248828953365107,-0.014952899345506837,-0.03737848114439165,-0.010388922475214238,-0.0137129276026302,-0.004758381312066688,-0.010420143728598346,0.017420298111182952,-0.01748072797019125,0.08054808508506164,0.10383109073222398,-0.013730800970224052,0.023853770703503457,0.003394012004704112,-0.031148365446596948,-0.02018668303724414,0.00832039531228465,0.01835381952281189,0.06659809525942485,-0.017175509282129537,-0.006170800485604257,-0.001221715375129819,0.007349155311045272,-0.013159537996407166,-0.03981351942176776,0.009516152530166097,0.004138765784435254,-0.013972934968198805,0.03648606641962132,-0.006580935935922085,-0.0036090473624412127,0.030619930395591865,0.014475053701141227,-0.01217777163827415,-0.022177640957884694,0.02665601226461849,0.06471418928545963,0.009491758462531358,0.006631014111259891,0.028370617822774027,0.0031648849968246356,0.010755487152178713,0.0545524042000517,0.010037548269099722,-0.04416598415780397,0.029982412677333207,0.00824805306420364,0.012939201614511687,0.032182921348469416,-0.01604831692099273,-0.026931225116665843,0.0024719863607579108,0.00847162946292938,-0.041655964867491034,-0.06489831393592502,0.010933316983107932,0.018947078320918895,-0.02428080676173598,-0.045695148226610444,-0.01822779378141459,-0.01988025587526494,0.011458130167306535,0.03366794710122499,-0.05128806682845222,0.01955377818206191,-0.012593933206441088,0.020982064816130446,-0.03760955719024176,-0.008995909638754197,-0.022535612160258442,-0.023307230145713655,overdamped,7.023602931118784
1.0043159009413343,0.9455688344531306,0.804225402405246,0.7565435543060833,0.6715990033698049,0.6074290176528563,0.5474263870927826,0.43520479299394993,0.4013676064215982,0.297768340138689,0.3016954191128758,0.2736592766925186,0.21463986190279408,0.17341752970546823,0.15268596021715303,0.14656846578544128,0.12135771762844733,0.04690088395131726,0.11233730310102781,0.09090250504101308,0.06810745559624927,0.06859454158938925,0.06067079768019393,0.06208068140662483,0.03596911043579549,0.05619358237333421,0.023055000857481165,0.0028763244038987404,0.03035978248670249,0.012740529845451602,-0.039929899573295735,0.027878867654550568,0.039640034666208225,0.009329035562441156,0.057957907232667284,0.01912148327501356,-0.014855088144874597,-0.013071888301688494,-0.02813322872055435,-0.020159905689038984,-0.038754366015380286,0.011155048134979178,-0.04766952371756858,0.03678494276932246,-0.009717180998565183,-0.017299591234478044,-0.017698174641821936,0.030537003834469372,0.00496593978204417,-0.020321085898046515,-0.0033916903537512507,0.033236362179200896,-0.03164365942078367,-0.01554055029671456,0.021668793267846976,0.029214281735707913,-0.04015196621790603,0.006004949371229758,-0.028143324263770187,0.025077884923145548,-0.02377946590718653,-0.0025348695660022597,-0.001857042205019983,-0.04915418654756436,-0.037301861474761194,-0.047551063316091775,-0.020698368708898986,0.04674388615310084,0.0068450158401468396,-0.028218720184362247,0.0006585092142669933,-0.03816124822998099,-0.0381436881390424,-0.06941027078490326,0.03257743317163772,-0.004145032597826849,-0.014978180002534862,-0.01636212143064547,0.03529837825479646,0.024058978173382362,0.022034071229341003,-0.05963940354430217,-0.026366859471893368,0.022081392017336738,-0.08621138981491222,-0.04462947682441722,0.007161020049139122,-0.03076017750064032,-0.026266859139612533,-0.004109481326046092,-0.02796250127769033,0.0656094739289878,0.005817440715293571,-0.01926080625286013,0.061259482055376624,-0.009027831871108245,-0.011254182782573317,-0.034694659424168245,-0.012339005700289415,-0.039765177896671826,overdamped,8.297626665481559
0.9701870234574618,0.981654006369078,0.8661842699657356,0.7472369931341794,0.6450147693423682,0.6033654368052506,0.4942422734125983,0.431605789387075,0.3180061857553821,0.27914114197795603,0.20378584824651008,0.2366607448985768,0.15606199780441193,0.1100314741687162,0.06045460007719285,0.08448856340056039,0.06596439014764431,0.05673657316646227,0.008980444202049381,0.044274308493462214,0.003741847382201121,0.039271477498696084,0.04952661539806641,0.0910097087517159,0.04027027186977242,-0.010580818707355362,0.03883106873809744,0.02758627186732891,0.01824940933162007,0.008949178020038615,-0.030641208598183842,0.021450047699774582,-0.0039145069040343854,-0.022011896895807286,0.06289806605279047,-0.026979366535020734,0.007341984753127935,-0.005118479468593448,0.017364116727904912,0.04710373069544642,0.00721459072337925,0.0202245855040035,0.024918294204319884,-0.00969688700067851,0.004140536879275314,-0.01258748069200321,0.021343333061140626,-0.03328864218711345,0.010641178158141836,-0.006916237735769096,-0.019656533661746876,-0.0018820493480399705,0.02865859611547181,0.029499759822182087,0.018704595907333036,0.03205911002488665,0.002598684881866255,0.01948530615900484,-0.01855404081750538,-0.02032315238653707,0.03519774553678632,0.015339164831043608,-0.009840799965038116,0.05464681377340862,0.016682073208315884,0.02545082185935724,0.01780033535073934,-0.06968582204971484,-0.03650357887874579,0.00336310098069779,-0.005981291804499953,-0.010424660427564139,0.0068455279598605145,-0.003335265050359674,0.017760943836182957,-0.012038520423849605,-0.0745883628363555,-0.009118177266651045,-0.05453873676273334,-0.008705953268208659,0.016928667886801366,-0.011366183374893634,0.009357269078154018,0.0029930824624621014,-0.0322130629499714,0.02597889317421524,0.013311719273914077,-0.04170304491919731,-0.0026504225861531524,0.008824093995550146,-0.0311664873752456,-0.054348109289631075,-0.06252523233011927,0.0028695077832447853,-0.011413540619885445,-0.044930762156032734,-0.01246410294330484,-0.039821046196366366,0.024231462642563557,-0.012853374118649726,overdamped,7.130852486911885
1.045434392744419,0.9720400356036503,0.9276766917249066,0.792264943189789,0.7216485454149698,0.626926292250008,0.6130044629354205,0.49877339528717735,0.4629118284391972,0.4808912239792512,0.41199430302080725,0.32307209441424223,0.23866255051699156,0.2812909657429831,0.2578364265449363,0.14585876297385914,0.2434805158983756,0.18572486494562596,0.22024868563880323,0.1157141048483518,0.10804144222422246,0.04576423324543778,0.018333807646837036,0.07691228377267291,0.09132573291046085,0.09099074176538646,0.04711336039000531,0.03233024646265896,0.0873975319058086,0.05595989499417543,0.036532650390737116,0.00013036064028532773,0.0038951688193702393,0.033466799121934794,-0.05436743958716095,0.07732781065706637,0.03771207782098368,-0.010776161205975895,0.006104208094638417,0.014357200699413552,0.0008452251899950542,0.05465869708348269,0.02816909631699147,0.007064847683021594,-0.004022271498291626,-0.011631644694933555,-0.015312965317368685,0.04882875233958063,0.006453554024332715,0.004093188743746315,0.012414628793382468,-0.013257448172355827,0.005838829529056698,0.039465208269157816,0.027615908085939847,-0.022272220770978752,0.010233339822691569,0.005902324172132396,0.018915288517312945,-0.008187845794593068,-0.012066426863360602,-0.0033488581160215753,-0.003325239863501088,-0.04556627269711738,0.02667423981651426,-0.026699256484396885,0.04213367873281177,0.015618969134856539,-0.03657160386991095,-0.005165231023667202,0.0018093451128391586,-0.01663784014548714,-0.01166755324049222,-0.0016955538430905557,-0.008716739657019084,-0.0576453930094469,0.022355560423753917,-0.016288641252707847,-0.01077562545359596,0.007221126460980183,-0.00926688084738379,0.014491350532298247,-0.003147241531309742,0.008424461005094194,-0.008438331199645599,-0.04036545862959504,0.007872435206141256,0.009772167050024896,0.03642450595044196,0.03797226476016555,0.012396833674539857,0.012454859236920588,-0.00832739257081707,-0.015781734458361982,-0.016582933385430713,0.04149764734882112,-0.005312308926445532,-0.06221034019058602,-0.0008367217347885308,-0.05403535671741793,overdamped,10.177626087897659
1.0162815046637501,0.9823524197911349,0.9221978242297629,0.7661009770766352,0.7071988408333989,0.5625078618709651,0.49178201102130165,0.4853652789038706,0.3660134863120108,0.3481052218028001,0.2733052291900083,0.24935332570528976,0.19685367343773108,0.21584454186540847,0.1626236102442924,0.22828872399895317,0.07634804012467478,0.11269022288301259,0.12660362108366058,0.04832254331600708,0.09405735886293475,0.046682718719221146,0.07783597856176225,0.04131546942506001,0.01816922286232994,0.03158145620963213,0.05066752390664986,0.03821967727220717,0.011811550133311543,0.06158122340298013,0.02249987477414205,0.03366048264673438,0.026025696111133492,0.03577989628387013,-0.013639762423269178,-0.0009984193409187051,0.013660731293049039,-0.06048932684478775,0.044087683278717246,0.050663225928714244,0.036865733560458254,-0.03649499833618707,-0.032683651323210244,0.0602910978928832,0.00712846710317445,-0.046369124383483486,0.040998927494830285,-0.04107360093166271,0.0064315503196734364,0.02957729285980352,-0.032133378642887934,-0.010699958956088294,0.007606596763665447,-0.01174584394793158,-0.03571279104590071,-0.0049482250749696135,0.04384878645116048,0.03608182191880512,0.007611404801447678,-0.017015050088458213,0.057690434992788996,0.007647190306355461,0.013117523755811347,0.04072739924256153,-0.018723639068983958,0.017311952710777657,-0.029369214809623158,-0.02213547119360592,0.028897886240262623,-0.05995236722506651,-0.019491766578425513,-0.001780837390061945,-0.037567270821081314,-0.006123875413590733,0.04523847203745706,-0.011740772108253725,-0.03385796900469964,0.0146195825016473,0.031360912731508865,0.024228099260815136,-0.010741175763589085,-0.030752304889154772,-0.02738698258103496,-0.03832770751738565,0.01733943122145462,0.02949079218741265,0.05918478372897639,0.015532575117510668,-0.015988434127773444,-0.010076856042586306,0.007401596838626597,-0.007739557801642951,-0.01137027110233648,-0.022986596065777617,0.027286720768922575,-0.021163957296516524,-0.003660075028510627,-0.04240806583525146,0.00587368345726545,0.04079262297381459,overdamped,8.221026497877173
0.9931556775393325,1.0319501817203502,0.913877165808113,0.7824398562889379,0.7425921009820092,0.6081698992545821,0.5867987002551818,0.4440091729131101,0.39117432048487594,0.34975455155164603,0.316381393685091,0.31509136328180515,0.24331712928770363,0.28402132137026626,0.17125516441296448,0.2224464221380558,0.13569975092965106,0.10324884254874174,0.07535000590089402,0.06337657721696044,0.04757408604415567,0.08482619290843751,0.0565831089716842,0.04245788064311225,0.043578703095282306,0.06995379364684856,0.0471015042113025,0.0656837960947027,0.05801228814274365,0.03781421235214997,0.006720916955889552,-0.0005294194830864907,0.021283808763133783,0.07147382206220032,0.006516384247343099,0.059393019407221505,0.015036647291771062,0.010005513785173427,-0.03804777153440177,0.014905662865314478,0.013690725456219997,-0.007612730546669026,0.028147987606611302,0.02945528230199862,-0.0061422178370485435,-0.004834462717261568,0.011772143561396931,0.013602783864291831,0.07030310955317429,-0.010937277233568455,0.05572075973883735,-0.026650635698565524,0.009480070756642037,-0.054015062741676986,0.0029569527009347583,-0.09680203639806409,-0.007002229166208663,0.01429124762103486,0.014347057880023585,-0.0032701421679450443,-0.020223250326240495,-0.00011199063322866478,0.028519661292407888,-0.029729849102250204,0.02143826990764335,-0.030601247784853076,0.01135043047237486,0.021265482942087525,-0.02360674644497808,0.009262492647006805,-0.018559274752747563,0.008956152438186342,-0.025879562658775588,-0.012241051646358626,0.01703723508455063,0.03395811828107975,-0.00745153806983478,0.018869801777627336,-0.052740451324286494,0.024926537845475893,0.06056817891754281,0.0012250115007043725,-0.033573289286912306,0.014277350661402299,0.026047814647782042,-0.005756441381070926,-0.004578282837393082,0.06053786255091647,0.01330633703005602,0.06658641533800345,-0.012647271589056505,-0.044239552731752674,0.0252606662153599,0.04666418344468712,-0.009873534256303685,0.03716367823997466,0.022819668643736263,0.029229132109733102,0.007830192017647498,0.028108022352336778,overdamped,8.962488768094257
0.9826512000503803,0.9266506848940951,0.8832661300637307,0.7766135706121065,0.6559639898741962,0.5062271137754613,0.4530843560099587,0.4021396193350064,0.2493131053967083,0.26742833425978074,0.19801145383833532,0.12068312990950637,0.1670441259267247,0.08050021620124874,0.07322057682407515,0.02322333402273944,0.0736127753480937,0.01275171510269791,0.04407200395519824,0.04507998518517356,0.07365897050094104,0.014376263230470995,0.03849349900663446,0.00844459330883033,0.02345520249978039,-0.015397924138913765,0.04486817921973014,0.017426194216810575,-0.0012129228491900073,0.044913032143721984,0.008143564095619544,0.019032880928408276,-0.023344967350582887,-0.016802787863185904,-0.02472203703081657,9.489652521482293e-05,0.06053609692395516,0.030059904476430366,-0.02528262410584656,-0.01390781956226771,0.006298293062585559,-0.03846136369627025,0.044615327155192654,0.0026837890856024386,-0.020599475431838155,-0.01839120599790602,-0.052061272928769164,0.022080372580606442,0.004907499809213067,-0.06062343856517125,0.0061683783624614285,0.01280555642505972,-0.018924357183057777,-0.0001800034076401326,0.021004858260889565,0.016212639193004877,0.028244073751617013,-0.043298081651159614,0.023690685429420464,-0.0017633472271823302,-0.0041604418531547725,-0.022880594907630676,-0.019210587051433605,0.0011096324567021292,0.0027092883418176343,-0.017395872011428903,-0.01306396318908083,0.010371698540722335,0.042081222974724504,0.03558367436617406,-0.03949185383180659,-0.01940688168614425,0.007297619552836744,0.04619100064993033,-0.012403885206042563,0.062261683140912585,0.05731604799880132,0.028647303436021718,-0.00773495149248515,0.055981138232380795,-0.010432918631478551,0.046516546330946394,0.020471977948721323,-0.05915102218973913,0.004051903549658435,-0.012526737628688462,-0.01799913974285603,0.018682195815770127,0.021322568801209984,0.007828110757754936,0.01539030979869199,-0.039197050293587984,0.029687382085715138,-0.013278552478415084,0.0027795506631995114,0.019213497371560737,0.019857823103971176,-0.033469641410117226,-0.051431508991341184,-0.010573075877933796,overdamped,6.949874443197903
1.0152804584188095,0.9711554423742966,0.8627880114884773,0.7972450492845623,0.6690440595428272,0.5100698912221022,0.49890404852743614,0.38249641768011267,0.38038303945414037,0.29365146451475094,0.2817469012194721,0.2398676830581279,0.2572143321197365,0.16489521013459127,0.1963496449957261,0.1603629850032916,0.1711902300387989,0.10120215140586741,0.050586455509896475,0.06016754466333331,0.07670985297565117,0.013776779644877536,0.03170366666848838,0.022328970746454128,0.01468121087690956,0.06694593738447932,0.02898453769293679,-0.043586649124602736,0.05880828477572661,0.014495059793896276,-0.009541955025173252,-0.019594231223647004,0.07729255515064874,-0.004976015069868315,0.00046767660508011035,0.005723137405317265,0.047196591649112864,0.01592277694548672,-0.03549920661756683,0.0182828696665957,0.0574110663056429,0.02597654409895258,-0.022013509447795464,0.0021375673790842366,-0.03588767101310317,0.022226999511548273,-0.03903033109271199,0.002005817827701418,-0.0232038142296619,0.03273257303949706,0.006719810955563478,-0.06573964340806687,-0.007573656885860645,-0.013415809066181452,0.027239608964336706,0.016335972160912357,-0.004095509264022921,-0.01678870182065915,-0.017309999029044405,0.026003173647458282,0.05223623167150545,0.04956960377174386,0.029401949424887445,0.002111910546542792,-0.0063556931736720515,0.020902905764845645,0.022770866572813207,0.026291533644893388,-0.024750206671407052,-0.022944738610332988,0.04478568931638996,-0.0048323453456409395,-0.0316248677147982,0.02697041279639957,0.015459235272806423,0.02658750205640167,0.02811556801994487,-0.0064357678865228874,0.00018238593668288536,0.030214816263297518,-0.012244451067465637,-0.009414374381405934,0.0038923037391602393,-0.006895477817525202,-0.031016999766358622,-0.0003990724303632024,-0.0360754449322532,0.05076804016250886,-0.029591255822833982,0.001222628759436065,0.04751434991127243,0.04178532737587956,-0.004975248119187456,-0.0054631440311323776,0.03212402328043361,-0.011692774957213664,0.010961597940664678,0.03378848334951071,0.045616460179651715,0.0002371441952073062,overdamped,7.959794885732062
1.015176192841036,0.9593066769994253,0.8685522199331505,0.8119468019991892,0.7132554026856265,0.6465684247088312,0.5439658506313769,0.4889021088956578,0.3653161968488158,0.38502560784290407,0.4167229511934637,0.3583440349568022,0.31304147475101013,0.2901967933869562,0.19530662687572686,0.17176626878172693,0.17082388883457705,0.17966697046775731,0.09522655880739336,0.082773875013293,0.08311642560088306,0.1575220857185443,0.01875180556683513,0.05751856401976689,0.04317855640469251,0.003251103315397033,0.07271563294225267,0.0729627884235971,0.029801937763285553,0.022268268820543585,0.03469275916205691,0.004080750724349692,0.05459333122706163,0.0598280137425666,0.0024357777035462873,0.04762165190284627,0.008378360606582765,0.005420076756744734,0.002610867045183979,0.0489458033274823,0.016398968384080153,0.0242266902439632,0.0040586133147542235,-0.02219074190425362,0.01745610883447541,0.0806312615676268,0.04506211266181542,-0.012410609760875043,-0.023792569761195145,0.0206221749977065,0.0664656549909984,-0.08156249300939229,-0.026521195339062713,0.01253176109562256,-0.03935066856198932,-0.01037903906520317,-0.026080216784252982,0.06860776527987644,-0.03959587180822368,0.06319348547475302,-0.07033033691100417,0.0015346340098276658,0.016013132735512633,-0.014739456889101905,-0.0012523528344581376,0.02024976274716998,-0.05015977611577456,0.03546404185876856,-0.01702381701863058,0.0014271993731251361,-0.04110851524740227,0.025761427400827503,-0.0329403872470317,0.0010040632836820712,0.04981902811987538,0.03667811803116244,-0.0436276461660879,0.00741230980379141,0.04631276237818018,-0.007427637495364429,0.02349009569005054,0.004104459626459094,-0.0013871602903937931,0.014116278953842385,-0.03557623987871416,-0.015470615024367296,0.022405976744085787,-0.04837854202850711,-0.04686292675953759,-0.017716834724605595,-0.015005361256826652,-0.018863594168298456,0.04860402866157377,-0.026249486538653593,0.04467874080447106,-0.004164187689804528,-0.0309675677855003,-0.03802329783867758,-0.04783429992545733,0.029104066599671685,overdamped,9.673360837846484
0.9553823798130551,0.9190181542796335,0.8738195415808978,0.8201546372322549,0.7475336514792008,0.6723288001956709,0.5888171227086852,0.4450669570362513,0.44497094723085184,0.4043763731808194,0.3244920025296622,0.3203685799912436,0.2523486182120195,0.2067954827623763,0.24301249770461722,0.16653699350091766,0.134634549124492,0.12399453219913106,0.13408118972201571,0.11448309853276156,0.07912339139814685,0.09947029697749046,0.10175078046583205,0.03798116810234883,0.02848539719440154,0.036497798114175556,0.10497729322815391,0.03579366248217297,0.012621825713748085,0.007754415909556268,0.014522630400641735,0.04259971132113663,0.08259817853778359,0.06169291739527633,0.0043043615079451526,0.02722433603624752,0.03505771224063738,-0.032718617945916795,0.007239941905042652,0.0448880097214389,-0.037579487892647936,0.017221730650697264,-0.007748248762917056,-0.01948362354094227,-0.0017965088380029696,-0.0525676482672144,0.030770396331963382,0.017840024004661108,-0.018363570132038865,0.006416437602395599,0.03176054639824091,0.00021111335286039755,-0.004491666011213333,0.10545611551789726,-0.017426817502471034,-0.01283688493488375,0.04740573252625452,0.011113652073605814,-0.0056826522362501295,0.00899464282301782,0.0040092516927277356,0.006033210462406349,-0.05413806649961489,-0.023401005142327565,0.02079124562667723,0.013227482922773216,0.0034516427981899286,-0.03378860476197967,-0.07646479558689889,0.012778584180311258,-0.0636949651512771,-0.03161827085037817,0.00031922988440776184,-0.02673753698227256,-0.06212631041584147,0.002932495982367251,-0.0363271468623254,-0.03133024205567538,-0.02820451713569208,-0.023986093170336384,-0.04351194641449067,0.05058897376131724,0.0048729120691891675,0.02689572836899263,-0.002053035689367361,-0.004792231944337475,-0.0037216134364409107,-0.004038886531944252,-0.01550476566570691,-0.06635835650889013,0.009360626508760959,0.00044751589882556975,-0.03969377825496663,-0.034023037940285175,-0.016034225282063736,0.010685901900224339,0.006787496116109962,0.031319057018050545,-0.016027621196277368,-0.016878671746356,overdamped,9.396714389416287
1.0069022657510958,0.9961089446288265,0.9043931949961472,0.8037354856083471,0.6824007653058245,0.5831644265880958,0.5248104492576174,0.48065535077234217,0.38673105300371663,0.3278720139830428,0.3231233596847402,0.24646704152854126,0.1553972157280154,0.16654133390327353,0.13690963397618902,0.1625906850682404,0.1097582373722844,0.08143579909045456,0.09546921016036147,0.06885479986064874,0.07734851240418154,0.10373010039489006,0.03353638449398724,0.0578218191781974,0.006528614735848787,0.05299373395093855,0.05584646803822789,-0.018429450721655034,0.07770400491074976,0.06222641360472802,0.03320380606592076,0.03409842214440037,0.05024993616269275,0.03715609248453783,0.030939662327303337,0.008714924011815655,0.03237299579263647,0.01572293803602847,0.030049703928429684,-0.053594361553463116,-0.0012916777659539363,0.005914855728626546,0.005418734850376829,-0.008031089745514391,0.04920103991381015,0.032258696058413694,-0.010656750478674624,0.03284994270054675,-0.01802936346501948,0.026260164150995562,-0.0038588134312288894,0.007165056449794785,-0.03169896970059509,-0.045376803442571605,0.022285838344452545,-0.05118672715534375,0.03871732175169964,-0.006379912216696497,0.02896458531624204,0.011643386778566033,-0.007413917438791907,-0.08816244814643606,0.04211312441933891,-0.036563202646088526,0.00590586243811071,0.01833448335225605,-0.04507329135890893,0.047810265539061536,0.028480544556556457,0.00475539893464693,-0.018757546579746695,-0.010434427825388127,0.0003282603795775699,-0.059542723841495955,0.03679985159548583,-0.010100245636947704,0.06422055698728703,-0.007032869402146094,-0.03587320738386097,-0.013461937256313202,0.01841276231620012,-0.010018182035341145,-0.020945473183911777,-0.02098914480119669,-0.0035883095826582966,0.0009553415683701974,-0.01146486092035924,0.013693549303716907,-0.006781723066926687,-0.01078622078862709,-0.02855842484979423,0.015591323340326814,-0.03032672807393174,0.0426084719015121,-0.03498958900941184,0.04030615832593513,-0.003827269439434952,0.0036885205187166593,-0.02088891953489912,0.021158870816739353,overdamped,8.571952237132926
0.9604745201144054,0.9640399619942407,0.882237109448554,0.7019185237298751,0.7286944272001512,0.53763578192105,0.5306335708837189,0.463976213089745,0.34657861362786724,0.2972468872844515,0.2784239686303392,0.26767232288081655,0.17440196504852884,0.196566059614679,0.1816795576629106,0.18181984415983138,0.0780596347113105,0.1285052266576805,0.057076659714017465,0.06655583460959452,0.034322795493846814,0.08395995776120224,0.03696391389315465,0.06850968000372701,0.012405387696083452,0.024510844842877084,0.05071643980068048,0.013714136278748727,0.016176474626915575,-0.013711568038200068,-0.03353878042988049,0.011979301668699904,-0.02648450296157083,0.005121477655009334,0.0045151639093101836,0.01307572088820953,-0.020697432965776048,-0.00938090454153225,-0.010821584191684754,0.04244092907801639,0.02757154136854849,-0.03261793312463976,0.05831047433007643,0.023484249352215793,0.01677891421926287,0.004526280275245675,0.0041094957792580915,-0.037212805824505035,0.014111320120368396,0.012559525334045881,-0.036602150629904635,-0.000494073037891783,0.00875290280921955,0.025342166486268056,0.015401108803790208,0.02721381596183138,0.008135391227867111,-0.037446659222071924,-0.005813676486174556,-0.006329142048994544,0.004024434567168002,-0.03502307009115183,0.009782172403988236,0.03892016919863272,-0.017269095542914042,0.031091067882941328,0.018674160537176604,-0.0300979124588721,0.022401613232695045,0.026191172440885976,0.0054365140386769695,0.029899387839103998,-0.0169615350918226,0.03160402436309393,0.0030567784622599604,0.03520571128083742,-0.016548277516722797,0.004048504739398546,-0.008873555534477863,-0.05503796885431917,-0.03635510609709167,0.011803218272280314,-0.026295786563680534,0.031370858447361996,0.027496574081682757,-0.022793191838795232,0.03249313670525034,0.006989735503521206,-0.0034654113988950392,-0.016385978997163785,-0.06495869911966756,0.015569835260841802,-0.04249582877692375,-0.01823123288991138,0.04111655215675107,-0.05738947972862082,0.002876385825925446,0.06709810637174113,-0.004795683947428078,-0.04867508716152738,overdamped,7.836049464053573
1.0231322919945491,0.9469300269147062,0.8633027126537617,0.7876704643902507,0.6903989551583241,0.6484888356483781,0.553488115207678,0.4688801054677066,0.4414122098088052,0.317521354732221,0.39651800130684356,0.360110472888092,0.2890525734340019,0.3371390701595564,0.20788690741468002,0.19941755353109492,0.22437836170423264,0.19800799957072548,0.12515059184602104,0.10563119482935199,0.08614629959455539,0.07148424580035331,0.041712136435183546,0.10399834251630857,0.050692992625310164,0.006078163187858712,0.0490905606140937,-0.04238439413310746,0.045735810412028136,0.09705150259941328,0.028658137109016647,0.0056637257927826395,0.034058596537381844,0.004371492552889971,0.043647085637567175,0.043964938188432306,0.03099705979582703,0.04198292497181828,0.03954822013923946,0.01740130815428316,0.009870451243321579,-0.01822276840535534,-0.023934776552858587,-0.014072996910653194,-0.07039841737454065,-0.01743068175770085,-0.0097902136760301,0.005136695560250809,0.005418837854514278,0.0017419373247314902,-0.027749746986242486,0.025843849471458888,0.03254627063318674,-0.0035183091119880116,-0.02031748449523827,-0.033823438890670056,-0.04382390126319064,0.0033184978875789566,-0.006623593571507491,-0.0007734241361651601,0.001844646767603591,-0.01877202768196573,-0.009049450792464112,0.00832928606241224,-0.01897919647436295,-0.01664778209706843,-0.008256916747859704,0.02729735234041859,-0.011039670432809592,-0.02653924348356261,0.04556948329228595,0.03151773669917727,0.003772894155894887,0.00500336468536313,-0.0287684001462346,0.024362462107170323,-0.028942879364898647,0.018867328223770147,-0.027601553980645864,-0.006251099171706358,-0.04462044790167725,-0.02352977633418515,-0.005839104252056604,-0.06940602263113828,-0.012248611108255711,0.01900398734165816,-0.0008343891696949237,0.0033720041367230934,-0.01727394072289312,0.0014953935349617377,0.030878654729727048,0.002932142696129123,-0.00772799521980125,-0.033297747755578776,-0.017050192130646062,-0.02913129435927,0.03771364485163531,-0.01063008075399828,0.052563084054048304,-0.042614477886890316,overdamped,9.880050586879193
0.9958416861713226,0.9414701947771427,0.8808793736885249,0.7798876502894987,0.7333265297345486,0.6114766046770733,0.5632702470465623,0.5083924874270384,0.42208504605523745,0.3736081610319262,0.30162042582012966,0.24492960272723915,0.2985188355359015,0.23799171829851257,0.22583420965514298,0.1436173456212412,0.14064132774454688,0.14150313224167999,0.06987275975479293,0.07324689941404956,0.06317891821991174,0.10302677164761283,0.05360913691787248,0.06722744981854645,0.05833800800914923,0.05726750875591561,0.07117132822726824,0.03751314644664539,-0.0050424735578896325,-0.024884350944318668,0.017988603640007254,0.016100961877674173,-0.02012430068408688,0.04155303170001699,0.005637390328235912,0.03141249575727391,-0.003170836796965318,0.018102784191296482,0.005282956426482894,-0.014631422102758012,-0.0395723634052815,0.04835098771184583,-0.01920095063218811,0.009641814918403475,0.008936945185224867,-0.025961970803490365,0.04959377137439662,0.033726650262007406,0.0035917524237424826,-0.012831137559185243,-0.017743838593903064,0.021747736661115603,-0.03498181943347545,0.01966876759109491,-0.0026018688062968884,-0.026685978403742826,-0.02242016632498019,-0.009479318643862283,0.06539364514632452,0.014311561795602369,0.030520550091790558,-0.026159791654395595,-0.00532327732111032,0.05706045324258516,0.012806111843702023,-0.0012650162704844344,0.008752582507132558,-0.01589717662921536,0.0294642159156937,-0.024040555418154648,0.02047342301473508,0.009108089004821414,-0.03983931966836403,0.004105171807221107,-0.04674476078554994,0.043953085239935775,0.0033272086111495363,0.004116628987130836,-0.027352965939353154,0.013127823828243295,0.014275066738776121,0.004754224982249207,-0.01850970288793991,0.000892829378134006,-0.034212559388756815,0.0259710514783298,0.024819490433399125,-0.04117155780233181,-0.03448106798286248,-0.022691919602716347,0.0058521302901657826,0.03641735254567335,0.03749994938138775,-0.05513850469881021,-0.010257500473016334,0.020887573193990858,-0.019239464591528796,-0.018884247282376976,0.0520171587259219,0.011740058193929754,overdamped,8.797926722389661
0.982649686507459,0.8994470671810669,0.9099068020586573,0.7283430084628038,0.7118336211482078,0.676934434738353,0.5483642779434367,0.5026025097131145,0.44954615627922484,0.38963942401090734,0.34906044963403626,0.32648407176457606,0.2855865666467656,0.19736188821093073,0.25596706850217354,0.15132723318918617,0.18411412729814955,0.11577589635719146,0.11871648128075979,0.156328006160253,0.1009697738825265,0.12264566177166047,0.06847446054881925,0.07808051801811815,0.08857499415511512,0.05988478341423179,0.048703784211233656,0.04715600914595824,0.032377848311819196,0.0243998423385442,0.05631620405555324,0.04154238690100828,-0.014575403487120747,-0.004539762456293509,-0.024468228487297655,0.02898011030257836,0.08747964024501945,-0.014094162185883483,0.02469556149662511,-0.05445517018898056,0.038908557565535906,-0.053550481074372,0.0219662081781145,0.031799257818323,0.006742758064712907,-0.022820807718742744,0.03771774208455821,-0.03308616312724964,-0.044260733884046145,0.06202379219812979,-0.013462397961301165,0.03147359151008113,-0.03847296954315803,-0.0053952906334701015,0.007288026873830477,0.05858792216130163,-0.0084175200863682,0.019930969373494103,-0.028104060668781777,0.03897866228828461,0.037662700055134765,0.0016599494062902618,0.016341131922902718,-0.014590282964754337,-0.06932649429560259,-0.008760986698555951,0.07018733958396424,0.01424730495114349,-0.009117950393777512,0.04320765334937504,0.027923657009097002,0.02990875422268399,0.008372244292906965,-0.02543646209569768,-0.035471425920137856,-0.01498278033445421,-0.011790692540209854,-0.01799361735154733,-0.02162085153282545,-0.0485862413185634,0.009058552398732307,0.007978931770004236,0.044325372043601416,0.003981238762023634,-0.05558570755974757,0.026895157470912787,-0.0021612604896507942,-0.02725351504152601,0.015085014418047639,0.037588408189949,0.04620217748352078,0.055289492958919884,0.06332728507247964,-0.0041258000743767155,0.04167236574090786,0.0022344514749044913,-0.01860746523112989,-0.0034214509965122685,-0.006285942322167282,0.018945018144352153,overdamped,9.414786309500885
1.0050389550618573,0.9226896139269278,0.8604817196823091,0.7386911445620565,0.6905321406312157,0.6098732899125089,0.49339397693922915,0.42958615949881007,0.35522750053297836,0.31622025955535,0.1689888992914138,0.26149040879184504,0.20335390428475317,0.12386831302377085,0.09458787957597012,0.13712701439584088,0.0972862726761307,0.08326605704497843,0.07828920814075566,0.0940224682135791,0.10118900920372148,0.024926566955443326,0.05169683326020668,-0.019595756525824723,0.031208938746616195,0.010828213436111676,0.013301133887523891,0.00701763921732655,-0.022982182276021175,0.022744949161477176,0.02229325091898452,0.004765344638051682,0.013948643915935121,0.005579969360755424,-0.01812749804664022,-0.02461465945608898,0.01365878262705776,0.01442999974852359,0.022475999625486222,-0.016381032022301224,0.0005152323980673473,-0.041676656779717616,-0.03164597878719816,0.02148951360656886,0.008669132202009914,0.0009093286521006539,0.0045593438743458045,0.013582926495475895,-0.03118845139915616,0.0003402523992413146,0.00692261318370495,0.002817957602592512,-0.041462656486179014,0.0006195369928668709,-0.007642201037641129,0.04452266082290303,0.019231375514817083,0.020059589509339597,-0.04606842449591165,0.016108456122286414,6.637785992211193e-05,-0.0427420226691096,-0.008046405382346994,-0.011515238644269591,-0.02202397158046295,-0.024199967938185293,-0.007066104991333739,-0.005440177665552525,-0.01613325419154968,0.020257166997256163,0.01502206201311805,0.04509893041101178,-0.01715209811126842,0.0525025536588162,0.022755758301185456,0.033185536447021616,-0.041061863472318196,-0.012894737761185838,0.04629819687573819,0.00868506198755707,0.008469650818931437,-0.010034654228512482,0.04266021067600865,0.03119838847442548,0.017242390103621358,0.018154312861803624,0.034761601571670714,-0.05068224208026779,-0.03127192685530807,-0.00609757301847776,-0.058144172449012994,-0.015125470157765506,0.02248996398968072,-0.008656906352697672,-0.04139367399265249,-0.0004030915128848373,-0.02880082199753686,0.08059110568179936,-0.029379493983727897,-0.037516205212338026,overdamped,7.7493191908973715
0.9829446524260783,0.978833927602789,0.8291891570338134,0.7945604840385064,0.6411863182082854,0.5522537909546441,0.4976784235351811,0.30645804482097855,0.32989915633679534,0.22343104573916142,0.20576238419893345,0.19455375726113672,0.1267281008238642,0.09026772969192745,0.1200687921215205,0.063272614468714,0.0830253745750847,0.04540617231779702,0.07744513847428619,-0.032274293100800724,0.026132657948894245,0.057373022143229396,-0.012350896487652446,0.012289743424744351,-0.004363772831891512,-0.00014337842683620136,0.02795207791087443,-0.0007750810065505851,0.011899429024464024,-0.025424948784925353,-0.033348141331494434,0.010259329949707244,-0.05776240820380536,-0.01943452869482414,-0.007972485959435813,0.01745802685949549,-0.043198076562881646,-0.01300732972697508,0.04318775989240497,0.03843676393872911,-0.023740224004052596,0.015938594746626424,0.038630505430411126,-0.019526193144708014,-0.011631432889460497,-0.0494007745735879,-0.008327623243707848,-0.007368275660066882,0.015581160651838363,0.05273646381999805,-0.05168771091399567,0.011916838206978702,-0.004582720417953235,0.005902081316371762,0.010907127089709688,-0.05083259394387685,-0.035589116643445,0.009993310733795875,-0.009339180365746432,-0.04052139569518294,-0.01897490812214261,-0.01361689426941881,-0.01079195022411772,0.019805436376129,0.023727733610612377,-0.018082541411876176,-0.002923305877218552,-0.02745400591717599,0.05920892123761828,0.03188590742452232,0.036523333993354716,-0.020069785798405862,-0.017650126571799853,-0.005877813407256897,-0.017263394470617286,-0.02497776492962884,0.005061060764024534,0.020994270820739767,0.03395158675625167,-0.002038199488162792,-0.06363902913161448,-0.02026298939321639,-0.004437196116731408,-0.009638737359911961,-0.030190969369460936,-0.04980799352670724,0.007179791503811292,-0.046050681521562824,-0.04624485111790259,-0.04043901266461445,0.03008349404454982,0.004460776777383338,-0.0008143355054557905,-0.03773042281032563,-0.026397666034841668,0.025904877366785015,0.00411828766340843,0.018142238613958882,-0.007215032419573423,0.018509473662339574,overdamped,6.879307833403218
0.975649539114599,0.9536952522292205,0.8510799878008221,0.8170394419191926,0.6679014058152931,0.6479836571055758,0.6192216435078808,0.517199882126658,0.4607852265800713,0.3708361567785416,0.3981263393086076,0.32860018486129416,0.2725987152926782,0.2894118826190413,0.23312318657952222,0.20797227409078547,0.22420566406432924,0.12497331054150942,0.20586239689185123,0.18827583143162704,0.12502168688658408,0.08357326567097675,0.06764208761328845,0.09438667841488864,0.12254371800189914,0.06650934888114106,0.0676599055993229,0.024340705682829245,-0.002854719264266191,0.0018073093697919332,0.01840300895953028,0.020582292826665516,0.05378038272435327,0.036861164498889765,0.04207178121448867,0.01692937305815822,0.02562271080223181,-0.009500461459545449,0.020943718635779426,0.0351537449460697,0.015114282708476794,0.020308092157052447,-0.014476828912391061,-0.033510080189496666,-0.015628969443589723,-0.0322055643809916,0.026526383233016024,0.02449003434364635,0.019247477709040915,0.021668150911107683,0.039273615709341916,0.032459756563746556,-0.013103245214571142,0.04563184747816324,-0.010518010999377147,0.043629052395950545,0.007702850555802053,0.0346918548347542,0.028670110965953347,0.0334585432266332,0.004425108102914754,-0.006627225966705585,0.010312031738519897,-0.028206047670595164,0.019594165898496024,0.019272060539924963,0.0044334444920837435,-0.012650201926914666,0.010773533829949751,0.043185885267869505,0.025579815639465445,-0.021811203352140963,0.06535142987504103,-0.07024501175719404,0.013829063390186795,-0.03423718719468643,-0.023784744060032687,-0.028089586370326887,-0.002967481551102928,-0.027540094481117956,-0.01811551435334509,-0.0544591823553341,0.025853192784905714,-0.00038201136562350605,-0.018095330866536963,0.005203210287372928,-0.028057536492041263,0.010934308077100026,0.04623189194187531,-0.04928758754735253,0.006818174179413573,-0.004476131174653206,-0.007461331180843019,-0.0029187660978484704,0.00158797068402912,0.02888389788368413,0.07272972280124036,-0.004202057615340128,-0.04396896581253937,0.0003185234354747242,overdamped,9.92261331214128
1.0311567968515356,0.979710700356564,0.859202327871955,0.7302245567565233,0.696104743347755,0.5950019973924401,0.5831511418219313,0.5030182743476155,0.44223580878234403,0.34846842736616657,0.31659531708893185,0.2596101618428917,0.2579223415850544,0.26817331579403464,0.16446769389217808,0.18645792763354718,0.11967462331278024,0.1394662315447606,0.08021614742127081,0.08941555171293712,0.07053356338130073,0.12504370145903104,0.08460067590305208,0.10447437961368804,0.04199000116885307,0.031094239582947606,0.021945706808363167,0.019318421319303277,0.0641463149605527,-0.0011601952876689435,0.00951089394162382,0.028015352607123685,0.007907681063669736,0.048138454689334295,0.02648126348203044,0.034137575673896116,0.07521943972599687,0.04387879735479556,0.014964828647916862,0.062189432640092454,-0.03487274705477278,0.044658929247280627,0.003378522167486009,0.025515565714842273,-0.0034711600287891334,0.0535940907068744,0.03307457303997194,0.021707670911516142,-0.04980842847790262,0.0013675064476689832,-0.0027434270182355373,0.02786970630606123,-0.05923948265246304,-0.034694349884745256,-0.0460105847795903,-0.01853164290003145,-0.013165248560709449,-0.024189920730996448,0.011084221850560107,0.006715192770252145,0.02108450953473376,-0.01772765823649481,0.05109887791419106,0.010396291790585243,-0.05784701247272182,-0.02405605152907173,-0.044775154391117185,0.029604141245877204,0.04654273725163941,-0.005953935725904758,-0.009098049889127414,0.013692530432214467,0.010981256717110262,-0.00901272958525897,0.010324323032167487,-0.01430913212285716,-0.03643324155260001,0.0025809042936138188,-0.02629310873982219,-0.021698802384394485,0.0013330510215882872,0.0008827989924224149,0.027362046920105066,-0.03627520846267393,-0.03410773260697501,0.02894475216905757,0.010452214873635898,0.00148470207162449,-0.021664559980768813,-0.002780439256321408,-0.016373182576194995,-0.02254244916882898,-0.030286355937422987,-0.011076892568962375,-0.0007755821688249538,-0.0292566794394572,0.018174459431196763,-0.01974404162721536,0.03886255763555145,-0.013002559502977412,overdamped,9.107008518806362
0.9986776404168828,0.9935503386047446,0.9122182962727098,0.7864526082226303,0.6449434408275239,0.5702435125177414,0.5455953867183518,0.38627626025020845,0.3744172240809877,0.3075329064813661,0.29199315533133835,0.1972742356226389,0.19131540001757985,0.17957988342929387,0.07560773781790484,0.017357182792585482,0.063720130996047,0.04565031808575329,0.0015623610851967645,0.05280512068756901,0.0598189237654456,0.09424858455154152,-0.014104019631013834,-0.025249787778344086,0.027486964614282714,0.020025688068527434,-0.025184173226431857,-0.007352886132066201,0.019814150574104447,0.042118908725934975,0.024668697209621455,-0.011069204986352141,-0.04499443945899897,0.028259518266101097,0.015749366942463663,-0.003884512173148972,0.005553396542044845,-0.020793199313020518,0.009810975450930778,-0.008134709472505143,0.011966974156230435,-0.027730880476995297,-0.06461614162247684,-0.025178109120300825,0.0013447108311750006,0.026722183156824432,0.00026793036605881785,0.039623510276167964,0.04371825642562267,-0.0211046214290935,-0.013674174737283362,0.0039050890919736752,0.031233732343056708,0.013948260112302739,0.0074973637313079655,-0.01615370549854303,0.0023901047989044076,0.029478539982190185,0.0033113686065026136,0.02591797176768663,-0.03270976104494894,-0.012354140086907673,-0.04143965892640118,0.0046313985557448,0.04415975205585052,-0.013383576222133502,0.01728322979588778,0.0009657246571141249,-0.011312219830254605,-0.04235322084680977,0.01258075916049183,-0.013763457367269171,-0.058231906658695654,0.00029878580598061307,-0.014500711650846099,0.027909248316627052,-0.006780420512135249,0.008583972219833449,-0.03716983562770166,-0.017836863361007725,-0.014011563443307498,-0.023198354591084845,0.025672410457689275,0.039857212299125235,-0.02791976090815156,0.020453316503625068,-0.04085164793762983,-0.022882908209123122,-0.04285918461262284,-0.007276636617505439,-0.027505296844895655,-0.015716397618925935,-0.04392034178428022,0.07071761883210904,0.019183115765109334,-0.020492397984733478,-0.007410621237128882,0.00856395674603655,-0.008538658904555095,0.01858820723123199,overdamped,7.4988291022401725
1.0142014795358687,0.9611762547673881,0.9100689865481129,0.7862370139521973,0.7020105187054332,0.6006077557813775,0.5614873648362116,0.500460612039436,0.4301732321508656,0.3979196951994284,0.2955067001108174,0.26559033673876475,0.25232180471679566,0.26588356385579837,0.2075466431330087,0.18696022727109732,0.1750610404768664,0.07368076482469868,0.14345083495009875,0.07691005282889993,0.09032425377611403,0.07449850863849683,0.07303866038112436,0.047233148933727646,0.07239374919603683,0.04117582292621465,0.0510422154645812,0.051914658319183245,0.02393570349651333,0.06817671236765681,0.031129210288123953,0.01991208394699966,0.010939500934542155,-0.010734677609603546,-0.024358245369059662,0.022056354998144588,-0.031088248866292717,0.024312253408584894,0.02279576850203958,0.03306428025925284,0.03741517727590818,-0.012419812591881404,0.023180677807290634,0.010152649066167922,0.012446218862783784,-0.029995845534329317,-0.00674746019162081,-0.002743514344700098,-0.023586432741690654,0.034253595589801164,0.0376381326127059,0.0033387376814301615,0.029477493355737353,-0.03243922694880385,-0.028265703128144998,0.08195927551022862,0.08516131609352634,-0.025150194367618287,-0.009623081123922683,0.03659910388559243,-0.014951637761069444,-0.021603643125958704,-0.009052291167526816,-0.042336458542611595,0.021719965019041915,-0.019805265603045956,0.019642069272505593,0.0530045643047148,0.021422205711630695,0.010305492434159054,-0.0029966787151624328,0.01626601737990822,0.002384827321607654,0.02591646870408109,-0.016991869905577692,0.014096009467680968,-0.0003405683473083264,0.003965910981197143,0.04767156283228491,-0.05618392783457903,-0.0067629455691735315,-0.0396909940821273,-0.004090598706678121,0.021767902158882843,-0.007912202785680302,-0.004537390172217356,-0.028380424209641507,0.03660737978157646,-0.017125750386465736,-0.03716655680140093,0.02058793079510908,0.028770500999049486,0.024017366530233057,0.03387044386089275,0.030386076642344776,0.010305030364806537,-0.023350100637601703,0.022125484829357597,0.058359368662709174,-0.03374113058790285,overdamped,9.246244429081834
0.986507956706392,0.9563052874805984,0.8400793311476329,0.8584221931985377,0.6449563179108863,0.5635795569829503,0.4443258391112545,0.45495605161537334,0.3844475879217183,0.3415370696329317,0.22095164332178852,0.16555866607053782,0.14998153146490484,0.14398298255786085,0.12482472176494769,0.12238366991925291,0.1493424757684203,0.1171308973855417,0.05496606898102876,0.03088708066972139,0.062265564865267936,0.03208808833299856,0.008365764118078177,-0.02304779965897882,0.0031114081529555054,0.016216498617790377,0.05180429975003306,-0.00647678455804938,-0.005852888264345813,0.036640939229754185,-0.0013799466300017044,0.027810117585368565,0.01874680585184065,-0.014743912455228011,-0.026287942284893576,-0.03590416858655163,-0.0003893570475444171,0.01585387613093379,-0.00960629432396482,-0.013803271714864972,0.04493523018187578,0.033460158223969104,-0.03399447195145057,-0.06288924800075618,0.021310436346256855,-0.05196290365159299,0.025515225200539123,-0.01068786043347683,0.004489683666783368,-0.032002395985866225,-0.062224068173006915,-0.01686025903546664,0.037658485481007885,-0.009401823045805831,0.014901696621451074,0.013142262470267655,-0.005011358891737781,0.014826561442495296,-0.007768715577136665,0.018982211838039127,-0.01830809606592104,-0.03105854185045136,0.030180425179755527,0.0075397735982268435,-0.007659836975630516,0.015245193996696407,0.024643823725477507,-0.00268385569722093,0.0553548170690758,-0.056846935823998065,-0.017326371524987668,0.01691791400833857,0.06569147628571231,-0.04037520674584338,-0.02478994175501769,0.019331910419289562,-0.021360845624865208,-0.059198233085493615,-0.0314421330885373,-0.0036897253241074115,-0.011318120077993238,0.0354405837023545,0.04345727799534268,0.031100154590912442,-0.01928981866651343,-0.01791544208075846,0.03485888978320659,-0.013589000310443319,-0.0008327246609238053,0.03245702140161605,-0.021911896536377918,-0.020928258578959004,-0.010604233090364644,0.024198717988280525,0.0010781113224030802,-0.05393412506513063,0.0031929059882156562,-0.04234867083977017,-0.006912096002531274,0.022216615872870812,overdamped,7.423971880811063
1.0307796140565881,0.9635585696540007,0.8561336926476719,0.8272212058609478,0.6829850842757007,0.6704569961775562,0.5726551703767176,0.5615392864758886,0.49881391137156594,0.4331223679745764,0.39418933166836745,0.29235264053064225,0.26469467951524095,0.25829446053210386,0.2044270097845508,0.22889116270251994,0.23589717308948804,0.1974607401975073,0.15414035210664442,0.14656517783165918,0.14138792111686052,0.12392736838442446,0.1063852825042459,0.030764659975325112,0.09240758307287429,0.06970012983306029,0.04057267324271681,0.07226030937405403,0.08626711418492858,0.03224281184578168,0.08151920100665948,0.06116781447905332,0.07466777244492774,-0.008099026170482936,0.04407158804078988,0.04546560510253887,-0.00923238452618751,0.014357909165957418,0.005283202829036458,0.005586282579199302,-0.03544957319754546,0.004899391562710047,0.02862555140100442,0.03179594956822903,0.010985391264998394,-0.024972541129123872,-0.014929178349823703,-0.014738715959198713,-0.015538965460696722,0.04974423880761313,-0.00210013218462729,0.032585146697291546,0.019940646083170883,0.04780367710764765,-0.010210604198710336,0.03285546528238395,0.016707492370806255,0.024997014766955067,0.02220016258850829,0.039353717523795906,-0.0010141442905083425,-0.01601436506675785,-0.05169158906213859,-0.0448286672987362,-0.00719137375514702,0.022835579195660958,0.050671520228144536,0.01799961046400789,-0.0023045524753808207,-0.02675677915379893,-0.0036290505952780946,0.0536338134723308,0.006034068272008877,-0.02239777615173146,0.027836830895674576,0.03744077584080835,0.0006308930206027636,0.005266999756431763,0.04416500694731857,0.0029008345506663785,0.02154740055712051,0.04055625350822523,0.04848411960415643,0.00299731498864815,-0.027886621618413765,0.005742843209196895,-0.06967070004591917,-0.002346117381865816,-0.03548413481207167,-0.01653796269283026,-0.025998788918874534,-0.023356871311190047,-0.018639658502187822,0.02695786482960645,0.009602041804441592,0.01869982456038809,-0.000985829122204646,0.03872044156242782,0.023608486303188,-0.0161802581579628,overdamped,9.92097731317356
0.9658697248066891,1.020237313620803,0.8656245021833163,0.7691776450619621,0.7833844734691472,0.6115738077574758,0.5161584141469719,0.47998413638425785,0.4939627393351328,0.3409881688909871,0.3500919368154504,0.32340075880566177,0.26436104189882625,0.2156873571388327,0.18458201870783886,0.1618024470258521,0.18563153510558472,0.14596648654425348,0.10817272679312968,0.04397936206857884,0.06541098301448728,0.09487625143114091,0.022808042388597544,0.05873496564020314,0.08452978444119864,0.06165220144801694,0.0430518756831077,0.02221522189926444,0.07195232048447478,0.06456070966427523,0.020157379962891665,0.03689286845370274,-0.0030041902382726693,0.012125791360156533,0.013272949268505595,0.0019423964452757996,0.020264905758771184,0.019131106575887895,0.02288565127652773,0.0023102324448294126,0.035556292775351175,-0.03208792137046293,0.029346406748835197,0.00951992365763183,0.02084194430159049,0.09831410899606949,-0.0285239848422561,-0.0058011868872384804,0.02265303368615189,0.026240492548645435,-0.0956270885509768,-0.04232483857571542,-0.04851108103415183,0.012959921822518428,0.014840035568300611,0.0008636095124322431,0.009972713557396623,0.0715213405970643,-0.0013491772641342295,-0.023856814680995042,-0.018713333549784723,0.06134634157361919,0.006484296555535257,-0.016129603656602518,-0.013180217029002928,-0.033307755940600065,-0.018871224118433592,0.010541154251291077,-0.01329212294939481,-0.014931812398586458,-0.006101017184948266,0.011773432713712492,-0.0204465396420165,0.05373943767411781,-0.015216754107993861,0.04551216894442599,-0.007192572853850589,-0.03717989789028356,0.008246047969012623,0.03768823180695607,-0.006483839671579089,-0.03466061793796086,-0.04187320349509718,0.037459292732135156,-0.011239864716554488,0.020460653800635643,-0.029225739057319212,0.027156427864671914,-0.018974946563590295,-0.07125929173230477,-0.033440700493122644,-0.021075761994994013,-0.04124126343108174,-0.014477532961901214,-0.03439892101061882,-0.0075542777160320625,-0.04662541631304168,0.057349416089911946,-0.006752796350453233,0.0011437121282790658,overdamped,9.14483098820228
0.9677649159509558,0.9451525345403881,0.8620190881049646,0.780105914909533,0.6789578259539746,0.6190269820897375,0.5641278049424604,0.449905485812958,0.38786658386196027,0.37084530178098696,0.32754348034001896,0.22575913625412694,0.22686859871103993,0.15846310779674264,0.11933768139825232,0.15534420627945483,0.07686731158748127,0.09012426166547369,0.13189451404972558,0.05627226019556388,0.1042066902272024,0.060333632015157034,0.0007472018389605706,0.06791326991163077,0.041921722934038584,0.04980439986410996,-0.014995819407384564,0.030795257645736485,-0.021253660224510175,0.03720187418020993,0.07950033421529161,-0.012732152686402352,0.03555835647498439,0.05179668854474481,0.05164909734984116,0.044568249810055686,-0.03886951870203636,0.024964293810400773,0.007508616738793905,-0.019135604553044132,-0.03248802968938289,-0.014426653595924304,0.013063985300110555,0.048183327818906864,0.013701003920403578,-0.03617519828422373,0.009556034341031331,-0.007700197003222868,0.010817009955841844,-0.010339475886514356,-0.014443526309866042,-0.01388883313310312,0.0068565959329247896,0.036232451436072496,-0.06105461563787551,0.049206188213700354,-0.00389590682239845,-0.006434170868488516,-0.011096636786374577,-0.019109560317957745,-0.00232209168106586,0.004529524192869289,0.054914842995814596,0.034278940380047175,0.03884265491465702,0.04468426957945152,0.05964221338213477,-0.010504797956062814,-0.026121875679089114,0.006496816693889425,0.03954485607609775,0.02491841582823998,-0.009099957427930206,0.027881747457159826,0.07847685712773753,0.01114153065346507,-0.03606238617743964,0.05755346124826395,0.0026164570095702157,-0.02792074883347546,-0.004667033891697724,-0.017654172936986012,-0.028461314160127777,0.058062417030326594,-0.022832171973490807,0.015477242789988905,0.03815796991336112,-0.0586646680074669,0.028021261991214828,0.1092847266354611,-0.05535177288981616,0.026103812714864373,0.03992289379093106,0.03876203205130816,0.017758854631798784,-0.005927639476311317,-0.0225891865703646,-0.037822820952884126,0.007183984240037686,-0.05162451720926547,overdamped,8.32283599169146
1.0411504213124558,0.9551212741432318,0.8770545998784977,0.7433562913812771,0.6562490600862473,0.644778591776667,0.5949422043749473,0.5026280905450279,0.44302565305189373,0.35317498856616136,0.28938895746273463,0.25330391091603727,0.22609839704482632,0.21990777355220759,0.19570836148082707,0.16342890073730962,0.13076638343466468,0.06934531511596048,0.10438383831158032,0.12190470569806008,0.046052861985261706,0.042271978711765426,0.05453583798040317,0.046940496823403795,0.07084090453334893,0.04590419167720032,0.06723598260672503,0.08200244859655961,-0.005298578169272743,-0.0012983668460113638,0.0024350963305443223,0.021846320140300485,-0.02110529958359677,0.028364193112122377,0.027665088855336233,0.08316065566120097,-0.015714432726098786,-0.0035119782323440093,0.022475089961357192,0.014264346315152344,-0.01856022217990456,-0.046631373892159184,-0.006809989029605715,-0.03956769172217626,-0.012333195955685224,0.026026089819285378,0.04437917834357967,-0.020003213328221067,0.001826872214180656,0.04421456932628139,-0.022203000345717535,0.011771868632984867,-0.00024220392783124768,0.003434205287326588,0.03670477369027339,-0.02541899409882269,0.020454377975772115,-0.003116694373495676,0.014070429669324118,-0.002623167155452864,-0.011973948585163745,0.022381774723047,-0.009469334569643377,0.001101152387731473,0.012892793112405515,0.018623205367448006,0.012051782119125387,0.008344997157939548,-0.025959921147896695,0.0068643734021274685,0.023239218001344365,0.01063121804156845,0.03487649403445329,0.009873890822937213,0.03929247715761556,0.018760731435741456,0.020288344364625364,0.017266416521258213,0.04429583430117752,-0.006316051222318975,0.010280022390559865,-0.050713671520090826,0.01634890767372527,-0.029443684622582022,-0.04300843668837598,-0.025882676833115,-0.03368836065764117,-0.038938282966808235,0.035795707171893364,-0.06117600271026597,-0.0012947862801436926,-0.0061551585319324946,-0.002391396031799698,-0.02614728190856369,-0.02155208673909499,-0.021283122701051316,-0.02305200064213155,-0.05602452862058231,0.015660155601496535,-0.010887194318876922,overdamped,8.778892330785235
1.01221513071881,0.9956175271153236,0.927619532940839,0.7883183811383451,0.6869928335588061,0.6850811111936356,0.5711146686634598,0.5259156267248961,0.5056774566193108,0.3634224044675437,0.3775258398454085,0.3276366981743588,0.26452805860027045,0.2536201700461152,0.21047332150876571,0.22744601412271626,0.19642374500159837,0.1839797691731752,0.09609784361569854,0.16291122223168017,0.10641775014132684,0.1480282818694958,0.0905910442772458,0.10662449022729653,0.0502642078463498,0.04525694270789983,0.014795395651593705,-0.00330440441557258,0.04947950733667447,-0.016361249612195705,0.046723370242048215,0.027174136441335588,0.016236270684760048,0.012521478877394474,0.026423846830095212,0.03859725522433678,-0.016923641238842872,0.052518568721375086,-0.06046369953906069,5.6770603229861286e-05,0.0364794265276756,-0.005276893766263349,0.03155337860970951,-0.011312236767123906,-0.03597220737767194,0.029460950970495538,-0.0075657482679321155,-0.017946821208792093,-0.00883233173625918,0.019457048177044252,0.024809596987695373,0.011479804073492793,0.010203282309571068,0.042976302655460805,0.000814857675466109,-0.01779279560242358,-0.02651451904474284,0.030048535842682956,0.002858530606911104,-0.019692914367262532,0.002190744559408517,0.02029848760213305,0.008212056100456666,-0.002188492570172445,-0.011439165943141453,0.025379856322252942,0.0141927781551199,0.035445625565307115,-0.035048524775676784,-0.01547213173339806,-0.014462754406924676,0.05354753667149735,-0.02351404437646197,-0.003949434054271367,0.030707288355769326,0.023154997539127375,0.02710467657790262,0.005565822362544448,0.03093978109292795,-0.024736196971660313,-0.007432540376803717,-0.02630338269310509,0.025336188414042487,-0.011801466569918503,0.004010256418858582,-0.024683642426015548,0.03133452344086213,0.00948816066991611,0.0035781920727463155,-0.0033122929081414038,0.05608389548835239,-0.02452621469991269,-0.02677800753420493,-0.005692394887748407,0.05952531992713019,0.012932504732260272,0.00425512269095238,0.04447845659911553,-0.01520384137744467,0.0014372643696046543,overdamped,9.880068565560997
1.069324607328318,0.9270443328212248,0.8635987191683655,0.7346967393667403,0.638761498943416,0.6167267247960453,0.5071465014021078,0.40063054361671396,0.36516293327177557,0.2554749155332971,0.2563002183217674,0.23626033467017293,0.19160466764874087,0.1984009958912154,0.1782764887833164,0.13221278035009673,0.1796316262718623,0.16925642170546007,0.047951847901426606,0.12706694976431665,0.043071279840216026,0.062342301306460395,0.03972686634111903,0.011446242611270363,0.037507667496116115,0.011389405050911251,0.06496270229050793,-0.0346449300259206,-0.01320702507692665,-0.014752053383337712,-0.011047610361356328,0.017457205435507356,-0.06028472431031593,0.019848560130266785,0.019218813431129765,0.013432391945873628,0.07239123766068396,0.01305210612196221,0.0191361885640013,-0.03075352897738858,0.04999650413503274,-0.009272743653798137,-0.013920959490136069,-0.056405018555228253,-0.03348174515137183,0.019446558574397272,-0.022771022509576182,0.02417920663104766,0.015549676744943371,0.014427533316015439,-0.012144585069601692,-0.016062399869877737,0.03435103064064729,0.043826559952373,0.02792825333299783,0.03531203029026036,-0.033907841603406215,-0.10131488830262374,-0.024124053495602846,-0.002692994106457665,0.012561860905090616,0.015492602331862249,-0.025637543646585853,-0.05492695620220831,0.02933714858140283,0.009242469836288205,-0.04451000050033824,-0.00593575985845612,0.0004705396220264427,-0.04124284245338753,-0.003572104229104146,-0.07403930908747859,0.013713540603986824,-0.02341375389482471,0.0031553762827491697,0.01955827570502806,-0.022439490445741863,0.022459714483195583,0.010165014142064057,0.01184548325225879,0.003320665139266853,-0.02553338826486909,-0.019973029999112706,-0.011406073342125914,0.02475852835297488,-0.016674843395954708,0.026573314404971567,0.03423116512094818,0.02830278957744603,-0.026464935408469455,-0.04386030823355157,-0.03318346096706262,0.05492660520834973,-0.004003182110954126,-0.03392287957182658,0.023213487048574778,0.015005826732309968,-0.01990547717519414,0.012939794628325254,-0.06111992344130939,overdamped,8.025307620218818
1.0145498489219884,0.9736283900052893,0.9021490490557429,0.7886726866347169,0.7008509769234855,0.6078634514618927,0.5193246531534697,0.5022908134020269,0.3861238360700468,0.4046903976256627,0.32647002564587424,0.28215346944959807,0.20222588902006935,0.19260713030536447,0.19873302318556918,0.18870254626834188,0.1420849383416554,0.1298032360297785,0.13038266447729405,0.11735871590819379,0.07715149484066135,0.053470636715489746,0.055612533440961835,0.1055736850001658,0.025318271814898926,0.06537651331329929,0.024542271391402776,0.026914343353750342,0.010118023892015,-0.04083373551534983,0.025729077151863015,0.0010975969870183726,0.034206647666733994,-0.0113821685842465,0.007887687950188715,0.022024547902967533,0.009816294684900627,0.045954561740225205,0.006489246801844715,0.001191510726866539,-0.008149209021811855,0.02943450886535213,0.018927415457153676,0.04099708253209452,0.03753862442562742,0.02060228128528446,-0.013361945258700748,-0.00895101242524312,0.01898306850628035,0.046263361246471416,-0.053654328851514735,0.03625919897758422,0.02920992456111972,-0.004103727274859893,0.07040238424129305,-0.01997797886948776,0.045930915190727735,0.03971704607793687,-0.06135833046730205,0.022576583637635664,0.008529181896099294,-0.0014008127743705542,-0.04181649828456644,0.011356078245955886,-0.016617249217011066,-0.029079998202444442,0.047201589091210416,0.008473652275234505,-0.013151082090249672,0.008961176190255701,0.026571588877913787,-0.0005843326245295276,0.046644303928297104,-0.016407019010252228,-0.04888859720461736,0.056841737613310336,-0.01897485181425997,-0.04677929580484514,-0.019591976722678456,-0.02729084376414174,0.016958410311715622,-0.03646731499396552,-0.013152965896678097,0.043748998415714516,-0.06799038334564614,-0.04347081333545892,0.051207143009748046,-0.01854909611446494,0.05220539054440507,0.03202911540924133,-0.010538736880404746,-0.02083565941577674,0.02611390733544616,-0.031444819813732316,0.016858921937953443,-0.038650568207897695,-0.023751566374099465,0.04586159196169341,0.014363519492526691,-0.044319865509289263,overdamped,8.832956359247397
0.980331459164712,0.9524117359190577,0.9000556260061668,0.8364287060093949,0.725713298909574,0.5597774539473206,0.4905199139640301,0.3947404329870372,0.30265807599648215,0.28071054534358664,0.2990594680466194,0.21870255746465664,0.19483920027017565,0.20318089866468353,0.08481338953273831,0.11344682066067854,0.08233322924952269,0.08263426594466813,0.02387381488947659,0.01891858600065001,0.010547801943527276,-0.009857002043640192,0.042422367055130215,-0.0037388593836606455,-0.05329993415148204,0.03281637388765466,-0.027109063728843346,0.04380058968536324,0.05923094902600408,-0.021507047601850786,0.00801520229773341,-0.010673573075226678,0.03312077265002408,-0.000613972770927792,0.0365645637021026,-0.02742402700946346,-0.004569660387320332,0.0060353587559580455,0.00766023481881644,-0.030207713310261876,-0.06746333038310949,-0.02524780599858413,-0.04030846281311839,0.0030283518972002645,0.011978788691421724,0.041715827066540784,0.03586408716440943,-0.0022894352092201298,0.03910773646053302,-0.05875436328709025,-0.028718115097009056,0.007554593943424104,-0.02169102384024118,-0.004534546841629178,-0.022673755588680723,-0.03241194335932674,0.06078064787624316,-0.006745548314823293,0.024561317887147233,-0.01629522543240597,0.06458408674059073,-0.014321642858367147,-0.015998531779315702,-0.02441029844715648,0.02116218194754328,-0.016785328834127596,0.03584725290870911,-0.018440460584945452,0.011345886668530258,0.00832782837139152,-0.04672905205620515,-0.0012044607815115027,-0.023370214461923916,0.0025380267765539592,0.0417586837402535,0.011399210312169464,0.010756501383289182,-0.03062748428361718,-0.05679142772966756,0.07821469848321216,-0.03542630132354678,-0.021048557442139036,0.024238019286918013,-0.0012061445186083428,-0.027931925809272232,-0.048281636819421346,-0.020352334285228365,-0.012446843367010258,0.012981438956696022,0.003640970034507614,0.046122766160868904,-0.023125013290092162,-0.04639735134008768,0.004396330372449492,-0.026108603319062222,0.010395891791809135,-0.00027762236686275105,0.021940542283406195,-0.004042297915885449,-0.008086699021979981,overdamped,7.334887265452328
1.0201986067718247,0.9537881565447119,0.8854104254231363,0.7203759546985306,0.6735978147276503,0.4887088797932174,0.47418519359380606,0.327783409278763,0.3662733599148818,0.271000141519789,0.22860887639572594,0.18936807167562622,0.14092654712224845,0.11965640664666999,0.12270252104652066,0.06163607589694823,0.04208340682686959,0.030449595425713988,-0.005600624545257379,0.023041977596914672,0.02357229169181771,-0.036831736273500545,0.058846470383854876,0.009903084519665303,0.05482966581740899,0.07071719763020583,-0.01760710889343653,-0.01342799754623823,-0.015863476897912614,-0.021235037506963834,0.04807031037469022,-0.016875952740904244,-0.02752071829266791,-0.03481870355624524,0.01789761373737544,0.004713216410550801,0.005719242386907934,0.009436588739040849,0.03639732726022223,0.001558256278062932,-0.0386552266714116,-8.167732366252229e-05,-0.022052427007948936,0.04981991378377554,0.00974986905235505,0.013084189581090299,-0.033555419863091886,-0.0679863275886157,0.0853881155670573,0.043886846272378634,-0.01620439785374499,-0.033871585285310465,0.021549398123141675,-0.04898690817355224,-0.015823714144592833,0.014731193657610216,0.001068940712908712,0.03693624359856648,0.004766183113921451,-0.02726771008569933,-0.007596449601035401,-0.04542068371811303,-0.023497259712741952,0.018403737966863426,-0.0015301362248901832,-0.025264302926002017,-0.02851085916262924,0.03970110695445696,-0.05168835527796424,-0.013232168138359751,0.014443669895140523,0.06098568497500356,-0.011161169231410946,-0.023595813708009422,-0.0048363289668391695,0.01952833615945104,-0.03434809532996628,0.013992935473958657,0.025163231629333437,-0.010442206551468663,-0.006876900353671806,0.029872804198947427,-0.05227422377820808,-0.0019188379536043095,0.012836990427806524,-0.0027448700389722243,-0.04995961191878765,-0.022342690677992116,-0.09862095908917799,-0.011247300801162008,-0.02057689768014494,-0.013921731490152718,0.04519810614527636,0.037709462964508764,-0.0065200605710877555,0.029531200855699814,-0.024849424438151704,0.02397338307822833,0.0034693881372304183,0.02997156869324762,overdamped,6.874371869581074
1.0137352515728695,0.9523826227248766,0.9040977773824642,0.778132080975254,0.7290441154648445,0.678463278452632,0.5562324995873544,0.515734717342175,0.45625333442477134,0.429832656787437,0.37390246848321385,0.32203215307349575,0.2883569356095834,0.28152077395489056,0.23244652707595254,0.19552192851482098,0.15775182859127862,0.21047234330613043,0.16354183130066005,0.13118328219414424,0.09062403717853933,0.11980858344886043,0.0940634450803267,0.1463468749768371,0.11842317082558856,0.10894243085426766,0.08228619119010926,0.05902681174259908,0.026655248423906697,0.04413806836333291,0.059610192841415305,0.10696970440434178,0.050648725933543234,-0.006382333797119083,0.014513240245773704,-0.010926496279035927,0.03564686640759021,0.0694113638102256,0.028680966073903864,-0.004693313308161421,-0.04329237657509702,0.04401887588454305,0.010762311555651733,0.015005034815088164,-0.012509014652226258,0.018462330456202814,0.02867426302702682,0.026875213386641544,0.005210212410956072,-0.028794403032678745,-0.000378808809325659,-0.040027548070672124,0.020782952288426935,0.018015551152546244,-0.0029366018322331635,-0.0354739207244872,-0.021410960957622554,0.02152235877889863,0.043039629596885745,0.017741717987108732,-0.00661889671979572,-0.01594787570786324,0.050332857791611174,0.01774996202453094,-0.016168010053557343,-0.03129003807931814,-0.005737706960807465,0.023646039419935944,-0.023409890673399873,-0.05203440316964432,0.08165594478590946,-0.0037508289537939122,-0.0009912821370768703,-0.00990580431130891,0.025897112608288295,-0.025314888172446613,-0.053542417447156855,0.03410096320177494,0.029763526467006484,0.03065601621761697,0.04159324366544316,-0.03348693959113117,0.010538731989813525,0.0177081593371715,-0.01238023453195307,-0.02022356832975528,0.014476874972087876,0.010284593638038604,0.03866324942793831,-0.02132502224402302,-0.012349002654394498,0.022119286923925344,-0.03243911250799339,0.008044686178610894,0.05442670734880037,-0.008272050410694823,0.0422783465107862,-0.009254370892859442,0.03362445788005488,-0.030163851709265707,overdamped,10.324393087033561
0.9452141303628212,0.9259434492616989,0.8603162791961632,0.7916731605154612,0.7130810532442217,0.5632197297048498,0.4628543514422281,0.42653944193804255,0.34872909744420844,0.3563348030530876,0.29630370941851775,0.22696082773195206,0.20050890221241535,0.20862705404544735,0.13180938900462183,0.12617971164513772,0.07677869066788938,0.0712714436502501,0.06390158028223723,0.026052819360467695,0.13911104824478362,0.013522404675141202,0.012270025784299532,0.032075829285815614,0.05740987758744322,-0.013802615683526434,0.06506170316994328,0.04920831454097155,0.043051544052123934,0.049011354512966676,0.03907175516807616,0.013596914034665132,0.02344452614759744,-0.023419515176477893,-0.0008361077139237118,0.012809393929576092,0.0005342776181706766,0.03057446073368878,-0.02928810513972903,-0.025608219695578274,0.009225922267072317,0.027975768345254594,-0.007163405962479649,-0.030085928298871904,-0.03098679012024841,0.023630021569742952,0.07662126451208466,-0.019001294825981778,-0.004938229118002797,0.024187748323366186,-0.014686229131614988,0.0509156971230062,-0.017191962638952427,-0.009179902825080175,0.007447816599004235,-0.012223828992023083,0.027931326578102943,-0.03198157057397517,0.01076628009335555,-0.01845447199470033,-0.012248969881134523,0.00020499259153088263,-2.9513061285973258e-05,-0.04430179999209536,-0.020042188732619478,-0.004662858875642635,0.030000121851708257,0.0029934976513585946,0.012254852806244193,-0.034670649389519095,-0.047677904909554356,0.023789333922979567,0.013808518282829467,0.048514502769582205,-0.03342844918465272,-0.02671095887660081,-0.008950629664578748,-0.020814447193593898,-0.038412805776638886,0.0241659888398305,-0.01391841852981044,-0.006465174510637586,-0.003925334763477733,0.06477473029022718,0.03494269101578798,0.015104634289947102,-0.054210786800944315,-0.027230738101117067,0.01631265970771744,-0.019862455391671387,0.026393065504870705,0.03999832243256235,-0.0388189161477,-0.0033430197764400082,0.0152165943401036,-0.020817191687912625,-0.02884082882800043,0.013863553028153577,-0.01521916064133435,-0.041486344788254116,overdamped,8.154743459630312
0.9869018677267256,0.9436649663476099,0.861174873850502,0.8123256167768701,0.7195339593143768,0.5586407099293378,0.4761266642393429,0.43763867488988883,0.34275843977094955,0.3171681194473893,0.2310077701681006,0.18484640890034587,0.19875053099541892,0.184551884290326,0.14147515056878002,0.09158441724905773,0.08697528235560881,0.07123157395801089,0.07271283664861372,0.0942204440493736,0.10481308506991449,0.06985287025269998,0.026129495492618206,0.03782627780088131,0.017455294476519,-0.009793504597028862,0.008097297832917289,-0.00576945287529039,0.07344736705825285,0.019271650031890165,0.011738935700459526,-0.029853905137636465,-0.05327032614147769,0.06946590436657457,-0.012939746328359114,0.038273306240536764,-0.024486963312094108,-0.0031301166566268922,0.0044298383255334415,-0.03366399926167862,-0.015081330098861843,-0.025331043906026002,-0.01278571698051081,0.01797090163286784,0.005584218679461293,0.026067391821438277,-0.021177050408407085,-0.02717010721656289,-0.009984072471691901,-0.007725468971060494,-0.02059962191400317,0.018364087387485007,0.030786202927811535,0.016383447722784186,0.03176356054077922,0.03302248600706469,0.0358050233811817,0.006190588763745048,0.013985791204472896,0.03496820069235506,0.03264481159879536,0.015800121537591347,0.03810746852204009,0.02506598766836042,0.01430878486109122,0.033451944934440134,-0.0030873582068048073,-0.0312460344289349,-0.01381468190885769,0.00684357425880413,-0.021942397667264305,-0.02539845605084278,0.0036715741761626803,-0.04446602548518943,-0.029674344100355105,-0.009933753901007149,0.032876026228158266,-0.020998369897099835,0.02411189647937426,0.011909416591211386,-0.026066992860585385,-0.08335818749232024,-0.039093859663209725,-0.03716836198066553,0.00600073003803564,0.008823476845277936,0.03582764670667052,-0.012059351819610743,0.05264203537374647,-0.007747944902436663,-0.019973685365301794,-0.003867121730072591,0.01810522277752611,-0.034346546003783514,0.0214044263998498,-0.002929281415503082,-0.008698687855338557,-0.021525288404074992,0.026811837252323497,-0.0724235674995787,overdamped,7.832941223693191
1.0188998073476743,0.9266436767752033,0.8376669787632696,0.7860157581997206,0.6851543455866581,0.5401831722432885,0.49772155775310273,0.3525976259288006,0.32128255932145156,0.28869662518305056,0.15913832953607335,0.19525172415303527,0.1518393929073998,0.1396737246071562,0.09400667156421429,0.12332751932362898,0.15479557155717444,0.06485811558281013,0.002764107197224336,0.06040679472973824,0.03018974210764356,0.050893686384040085,0.00801964298405113,0.009589056755213812,0.05053928674325473,-0.011461608313298738,-0.024803646685396065,0.00301207258130413,-0.005518038847975775,0.041132311394201336,0.002228751487451187,0.0068715493977504205,-0.03098939493916465,0.0572041655310509,0.025239780634102614,-0.011322003324157818,0.030860779725668346,0.0003336494823261391,-0.021546783260817937,0.01985535105544721,-0.002834730129066169,0.012685136710363783,-0.010387565484339743,-0.05269783600044024,-0.02436613041830053,-0.053373081292427245,0.005811690167612245,0.020479313825928186,-0.00010611491566053473,0.017417160621005442,0.005289699688830203,0.029149425723646306,-0.03571861413869431,-0.05913840098238348,0.013387095796047256,0.02422509098228946,-0.0033538666021800277,-0.01589328865006307,-0.04310710566212152,-0.02258100189690254,0.0023263527291988405,-0.010610794998206725,0.010518835786603141,0.017910467934806523,0.013146304566285563,-0.02688875465331478,-0.0032624755383353493,-0.022542733823050186,0.05221471984289721,-0.03284234725438808,0.008408482953131671,-0.004095144219320232,-0.06853929713812544,-0.001923407245680585,0.030067456052922447,0.03284864544994115,0.06201788670553439,-0.013083372899880326,0.015609248891493416,-0.04954504499245726,-0.009455628077724283,-0.06994010797777901,-0.00026643118546079887,0.029020151897006567,-0.04132237852774475,-0.04060078619425337,0.00808766602649068,-0.0011404696162616319,-0.016431633063345306,-0.03527832637383901,-0.0002636115285800181,0.01052516214370668,0.012900512485501649,0.022715803955118293,-0.04216958280045041,-0.04841531865691501,0.03829449975520644,-0.0184953057700476,0.017940019793371748,0.007038089941431456,overdamped,6.9957412783335835
1.0316917763469482,0.9147635789016046,0.8615435729170382,0.7636606558665292,0.6865137046523685,0.6337718018012346,0.5312103399375732,0.4676830600087636,0.4135530715804056,0.3474692694872245,0.30620174341062034,0.2929542236404022,0.213346947696645,0.2245373217983162,0.24185825215539716,0.14373592722273928,0.15178261176201274,0.1077353751262087,0.11232909319218509,0.07520459308488806,0.07704381412585772,0.10341548252813841,0.07561623243165604,0.04309760701936849,0.07452896920232926,0.03752231095214912,0.024281195691826636,0.04735301245081069,-0.025340771829954048,0.056252345810184116,0.06631198691992912,0.0239664791629201,-0.020650928639677366,0.020381532294825547,-0.0016504301241298189,-0.02897344424345864,0.05262240053058832,0.03566494606107895,0.013704788408219273,0.0008214641207499561,0.008529197831472747,-0.016705479728529166,-0.03453463704019186,0.012976443515234526,0.013423167167481214,0.006918933456032158,0.01339548239911002,0.026888499365434852,-0.04691107522724018,-0.00859347405232683,0.010369663848733442,-0.00810743901507822,-0.04890162192024965,-0.004665428480980314,-0.029366245964415217,-0.04793926135781813,0.04848641355655196,-0.03378663657798623,-0.015261835388308819,0.034283788212763976,0.044092217313874166,0.05394919705975168,-0.00995595346465989,0.007182148318967936,-0.022627692884478873,-0.02667519347445373,-0.04200502073114646,0.025081344155253482,0.053436559999470085,0.019079861215647,-0.02172138888130051,-0.009153273095004065,0.028995147695060036,-0.013876508606453146,-0.07108188519060772,-0.045574889159436714,0.03456861377234793,0.04878931179377378,0.029808309412514347,0.03897680629137049,-0.06707788020861091,0.024144773299025726,0.027415684648434472,0.07441291887291641,-0.0050420194063673625,0.037923352935741395,-0.00177896859718061,0.000575675263954648,0.027931733293744307,0.062010280853961715,-0.03493094347515014,-0.0011124309762659394,0.053183153575103066,-0.039789313618061595,0.044950368520195225,-0.028931998213976913,0.018976950215275925,0.030084040909955846,-0.007492125171193157,-0.02130700958583107,overdamped,8.802634860760335
1.0191790213471619,0.8937126377128433,0.8573653270234302,0.7968164492390027,0.7579121361808059,0.6088665838145126,0.5810822855057204,0.4706189179637904,0.4225267358052463,0.3396338444819974,0.29447784784109055,0.2653855450762248,0.27306255748258584,0.2171791373079517,0.14974553222627618,0.19360286673241803,0.123158141321294,0.11569972719257371,0.10567966476814254,0.10104495476046448,0.12480970426923207,0.05516438366395174,0.08978538468688022,0.05029293845552485,0.012846657303402391,0.062435449078330166,-0.01696885283928768,0.060552544574750164,0.04541249259258714,-0.01660345669936196,-0.01370410009669816,0.031542856007310986,-0.033681424014166836,0.012325888637312711,0.010545817045731282,0.03350714044276753,0.042475462602887815,-0.007161676655075392,-0.018883302798424567,0.020084162288307596,-0.005767803463995947,0.0023917335785192816,0.026247809611105975,-0.01303179031398911,-0.02916754591128792,-0.02816224081242916,-0.06969146989721837,-0.0026286228569306906,0.015669306575385213,0.0029361398302116515,-0.028979352223032388,0.05419539508798,-0.0013293679425399646,-0.016563724223724593,-0.04264246632487275,-0.018761276746435355,0.0036438641725623595,0.0004959564962843339,-0.006609469542441503,0.05273484892136447,-0.019605390792252767,0.025174546612030044,0.04093202735319965,-0.027156690296333802,-0.040442512691517475,0.00996935557234954,0.030977323844769762,-0.027629966000688188,0.012399280083531599,0.049774284187125,-0.014530262952554248,0.035528217441067426,-0.035913011173481495,0.015355490109058149,-0.034788061244836216,0.018197644140477916,0.018651410857325836,0.024341489979178194,0.025197696948272803,-0.04798922147943689,0.02916420883703144,0.044647090747321164,-0.024716737289027495,-0.02686378624147357,0.013926258199822844,-0.03947163489266806,0.02941531248485833,-0.002798788064580865,-0.033770512463991285,-0.025012504151839882,-0.043421552524210615,-0.004610733562934298,-0.00357208712929934,-0.014952112168144826,0.04775069746501769,-0.031837669481953164,0.031339636135803366,-0.022715111334220908,-0.003034956823581928,-0.031139334104855067,overdamped,8.895494084557496
0.9669321988792643,0.989489727294416,0.8927771697517904,0.810558471430907,0.777702688114473,0.6371124558006395,0.5635425081980536,0.5700993521194634,0.4689074256356881,0.43622296524908144,0.3625964361850704,0.3247473194291369,0.329821758611681,0.3543570963512208,0.23244412076257265,0.2646174090045842,0.21804853590899456,0.15704936387508092,0.1313581111750102,0.12963698444254218,0.06501078453610579,0.09726108504022872,0.09403254200309823,0.014131787680247351,0.10569807142444401,0.06542978833726533,0.06327422912970561,0.07631377932974157,0.05382561233944711,0.044060733763004095,0.09045169378202547,0.05004322987311646,0.040895841929978,0.02938473469694576,0.059367706339563384,-0.018941264041366854,0.030908138205600955,0.029274779499317165,0.007312555379778053,0.014231853709728182,0.006086228109129679,0.049786732955987845,0.0331428338925564,0.0011898876095347549,0.012157939141519372,0.016542699447913374,0.0386865835752547,0.020262505345388024,0.009438110591559872,-0.00853516292937094,-0.03014745744230339,0.005781476939447472,0.010532380965025595,0.04422916670241693,-0.0561492178054354,0.019666887873304853,0.016923076756425855,-0.026210821822874732,-0.015114951650682232,0.05429948124397188,-0.019761754035413404,-0.0004380207886654356,-0.05047540428412036,-0.015662273071055027,-0.013476867177932046,-0.023148753237193988,-0.008886429062256637,-0.020244291262564326,-0.036984246660049236,0.024199959025527074,0.0180123762971583,0.004137938884299752,-0.0016129058479428839,0.02105707062081838,-0.02348488434053911,-0.04812891891243906,-0.019171640465892297,0.005175502587308878,-0.024854567346173126,0.00866665433441148,-0.02482006769947587,0.030375436010795932,0.01972625856261586,0.002265701444223802,0.027115336770916373,0.034120268875667006,0.024847175824037546,0.008759296603960432,-0.01715235297506719,-0.007948110118626112,-0.0005292615110045021,0.04665003207209608,-0.023120415308726897,-0.01773903013912306,-0.017443040869794736,0.0014955418353337544,0.0028515418651632934,0.017295456966970015,-0.03551464404613812,-0.027896851306640047,overdamped,10.214350829397567
1.0091344056551013,0.9543599910497794,0.8472874797804877,0.7585092361592939,0.6475679357948394,0.62821611415625,0.5193365686932092,0.4474521493815706,0.3892135342070046,0.3088508033657822,0.28139923698136843,0.297960672443984,0.2134702659199789,0.21192855999681337,0.11861109680118735,0.15777989219351052,0.1560258872536533,0.06888030676393063,0.0659322593417708,0.0867863695042758,0.11398960582490975,0.003846045466953829,0.024099193312834503,0.09285348531347923,0.01378488740836142,0.02424274145945086,0.03433786594936169,0.0590530718284258,0.07182313584203495,0.03912392254354603,0.05588759574837169,-0.009245375508063697,-0.007990778639826097,-0.04988827544557915,0.027328336424101016,0.018718951540844218,-0.03783037516463235,0.012280266377839605,-0.01407696195776755,0.049051570836373876,0.011609727485949161,-0.00163040685576761,-0.03839354436310199,-0.08295799111211193,0.010618588196310404,-0.018175910936417742,-0.0023098732106366406,0.043935933181364045,0.003514417003843005,-0.01757956392141095,0.012944678724387886,0.029741129275050647,-0.004019651285830228,-0.0193810350492632,0.021491065093641692,-0.0504436704585258,-0.005121437648540468,-0.009096745352135565,-0.008338821684396648,-0.012473116884034522,0.049984148164718016,-0.008781543702106608,0.0218486193231585,-0.0048804883809825395,-0.02768333020607115,-0.02275960390787208,-0.0465953173434613,-0.0033672785632600315,0.0384597498370765,-0.013640766557032604,0.008414187242346905,-0.025735707610898103,0.06528315073546238,-0.005604072322009919,-0.021175984214867955,-0.004582919539854882,0.014776539129345085,0.0035688754937199846,-0.013593227562581045,-0.00018017792024909032,0.031004245037094764,-0.0179671759590159,-0.035216827658158985,0.02127278860667643,0.023228418115646115,-0.03410951265971178,-0.047290926006963566,-0.03328070396189717,-0.041089246919406866,-0.007665836482469003,-0.035064746459360654,0.016484214142346854,0.03701269206709714,-0.02084224104120866,-0.02974123425436484,0.001324498649458059,-0.07157408679465718,-0.04183123433334442,0.014822698337519886,-0.00721724572732098,overdamped,8.425291805212328
0.9783335741111288,0.9849299614445141,0.8632793775888977,0.8064044827227637,0.6732405933530321,0.6437953665614504,0.5056910765258422,0.44972561119337245,0.3846141402631573,0.38090540139059265,0.3216013761677379,0.2547302162017313,0.23477489407142682,0.23281378855713133,0.17643161084927328,0.15093333053755015,0.17204639656894302,0.15903149429914162,0.10201472427985503,0.13088654633613972,0.06434073397761193,0.043293551121930035,0.05491330192519379,0.06159415333162046,0.11105721996696868,0.053583176403294436,0.08190846754294594,-0.018982218441591064,0.07053584581833702,0.052103860962760644,0.027655811411978176,-0.004590640228030098,0.03764893986991441,0.08162593124865886,0.0011913787763938345,0.0390844339979596,0.03464035106337267,0.021782264704774644,-0.00683376632461263,0.04311477930869474,0.0492623027019929,-0.048474042507860686,-0.011800870159190721,0.00574752989399779,0.023412395187616477,0.02368437980688961,-0.004291738816699869,-0.013500180186615546,0.01844674098099271,-0.030767674609443886,-0.008977879890659275,-0.0005744361608336628,0.042150675768259746,0.03459328964237559,0.007899521496074362,-0.02864454360111032,0.0133290845512798,-0.02711658158620092,0.0023416065265260758,0.006772336682671519,0.030516680983359454,0.013638974084387374,0.03683803719361473,-0.00448758480025207,0.06099919957749514,0.04619205303019069,0.003740425344202574,-0.025186516008683952,0.007144330746910246,0.03139344542682875,-0.03751444238286097,0.0013129537217968779,0.011773251148253503,0.01054167243743298,-0.01721547837531342,0.04098653560097356,-0.011779287652710546,-0.030199251911297135,-0.011990540508465071,-0.015162246058833392,0.039842631261155954,0.013271601496025472,-0.0461177184594198,-0.007363906142746034,0.007340129156668877,0.0054808400680655895,-0.004041863799042143,-0.009569365910641888,-0.0257883646867339,0.026031468103799346,-0.000993559350980773,0.04571217336771011,0.07018740493001394,-0.02916828519335045,0.0012880016597047314,0.04665178073856121,-0.004718040360720277,0.021796460795385834,-0.004210777827347873,-0.04109120472951667,overdamped,8.848974135488334
0.9548791250742664,1.0189422675264672,0.8577447826219684,0.7664430104183255,0.7201254191180948,0.6129273543423654,0.5258073207831998,0.506325536119247,0.36514803375326965,0.31188713907196547,0.2883770861759628,0.32116646078201216,0.27697739802878557,0.14826597432355645,0.1736541700996942,0.14040330526052983,0.16470094270065283,0.0851845585584522,0.12416062973112718,0.10732370393391981,0.0685427603445789,0.08272874739091368,0.017100356430827433,0.056968200575442246,0.06666810106571536,0.08646266660675829,0.004222372643398871,0.0658315144559196,0.04284657662221776,0.01961646155392447,0.02419230965805863,0.01991360148263909,0.00039802914014713114,0.0042934071408370815,-0.030293643109399977,0.014959451628817382,0.02262253305574524,0.013280576599865604,0.028679119245916727,0.014158113341451265,-0.05357761222535295,0.005122056041178701,0.038603883880644826,0.026028389040793964,0.02714838495028988,0.0351955923836662,-0.008440398245199135,-0.002802261166883328,0.03145411090493658,-0.03837878388549966,-0.019370261631618233,-5.460929514321928e-05,0.008579878942219628,-0.02039359902551911,-0.01643881892385002,-0.02354818894340643,0.042328277974847284,0.04160398980910072,0.014821170574759924,-0.00994907033922287,0.018048060715810426,-0.04040505473752321,-0.03166484084418189,-0.035063150363828365,0.0164657117099383,0.0118012726807914,-0.007365521077059135,-0.015209693533405098,0.016565548765094525,-0.01922974505268807,0.05758181878904783,0.011458352923497792,0.009386409335247812,-0.07318943689893723,-0.04275439694818535,0.009592326559271877,0.028029567318845136,0.005824977231222182,-0.017718162830364145,-0.015044370435182359,-0.015221915191075937,-0.00867594221082635,0.03702449663445307,0.05835907916979283,-0.006288861983498741,0.01715903686642553,-0.0815798211404104,-0.013080478476303285,0.0013036553510458635,-0.021758362040442163,-0.014337894456588295,0.021725285765905395,0.018770991912989348,-0.0256237184231956,-0.056861096705340015,-0.04514069733145251,0.027077431142340503,0.01681605245186299,-0.0012780554954117736,-0.002226479466299886,overdamped,8.432479882967304
0.9899919330554813,0.9985901770060888,0.9016991791434857,0.7071385656664897,0.6519587298854163,0.5695864061901504,0.4949216798706026,0.4397635986387509,0.353808691809026,0.33305048412232136,0.27756392428361515,0.25023544483097615,0.11818554376323377,0.16124590876131525,0.14399903092628327,0.11583357051480674,0.13077211477152084,0.12453987752723532,0.11146941994217538,0.06089183193221461,0.07505754618232943,0.012009472628828309,0.044949113283409683,0.00794078940589622,0.0217620063638121,0.029623557889799382,0.042931278447923944,0.012344442819356866,0.0382227011251936,0.04688336623996611,-0.015776336507988886,-0.02369708972380479,0.036335701941923426,-0.02899075319648535,-0.0267652242188924,-0.030800090959875008,-0.03565734934318843,-0.035719714931019816,-0.003550611151580468,0.03804216014225557,-0.02528347944212159,0.04705956152305948,-0.011657534793992588,0.005592700244514821,0.004707611707464646,0.004484823821438218,-0.059059063787240254,0.014302422025588067,-0.009308189337801727,0.011308117393279632,-0.030928978063992984,0.02822892960701261,-0.018857883447097462,-0.01950686396790033,0.01664095497870741,0.03976985980987375,0.02541810187566746,0.029876268127551977,0.04620286322573437,0.03278244123274135,0.033751726305706206,-0.018263272730316048,0.02496894061885161,0.038448969915443616,-0.01910824441243001,-0.042906645359261114,-0.014072980412883762,0.021013249199019264,-0.005520871114788271,0.025585630280910418,0.028342489333186165,0.02565501176836228,0.049511401273660716,-0.023486219064332504,0.0011465677751898024,0.02979898789399531,0.017312706458182316,-0.024250489244847406,0.0584793291140041,-0.014200834487859736,0.012563102058301146,-7.64390343174735e-05,-0.02538395020263122,-0.01651473199800668,-0.034019094859310324,0.01840208242751653,-0.03867020006561155,-0.006447107923472547,0.07731139761462544,0.006381769433114574,-0.05510069010281172,-0.027572666608378957,0.03790122922008465,-0.004938392075408009,-0.026686360037606483,0.02174639467476645,0.0015502818741413358,0.015555559500723404,-0.05971045580890292,-0.05810699389413435,overdamped,7.882448443145053
1.0057443711936578,0.9463727992538689,0.9285991088130432,0.7802054646245185,0.707326535872099,0.6605958649811438,0.6131514200008634,0.47941018205485997,0.470404718699616,0.4229920831976169,0.3671517390918491,0.2834028563423842,0.287124409375937,0.2070812836678381,0.231826534547251,0.17502681561615188,0.09329267697890542,0.10212573295651745,0.15079123998085647,0.1754168628688591,0.14432569502945342,0.04421330730317562,0.056369484656013796,0.12435144388487529,0.03321902492744122,0.05775151694222464,0.02829352551593312,0.051021868524323596,0.04082867664024892,0.0305620779262628,0.030116817398405975,0.03979668027886368,0.05813350812121497,0.019574355820431596,0.043883147921966945,-0.018207558122048047,-0.03082991575936008,0.01372639516601634,0.017067613709722915,-0.02479110028108518,0.0017817016929917561,0.04436005394081822,0.04104120369846988,0.04257680678778894,0.03511358414413472,-0.04104108331373032,0.048044537268312024,0.0011575319707479619,0.010196671755430653,0.014822153119333343,0.012491415193936296,0.03042301183338195,0.03921946736848543,-0.012247428989054315,-0.008982038156712635,0.019167973994789284,0.01979975064625686,0.0239550823226832,-0.02224589426164389,0.01502884572624359,-0.06759606595516197,0.02407573237353949,-0.057015825361617284,-0.007224803071269052,0.016378466037277734,0.0019405128170802083,-0.020813712091698727,-0.0020410140654743823,0.06238555253870513,0.013958496211203472,-0.03036526117804883,-0.012434976703246614,0.039976859667650494,0.006645499576234915,-0.015340462288577024,-0.021779418643384292,-0.010185890412253802,0.014706189549875045,-0.012873986691839588,0.04475874479300359,-0.03973620848206774,-0.014394878912473283,-0.05319281555027123,0.025979244610318267,-0.0030233197085495697,-0.06684417125852865,0.015047926388041392,-0.026732654688411787,0.005479500101886652,0.06099271820424862,0.054609883531956366,-0.03899134484059249,-0.0489553623625519,-0.010738636994136496,0.026840605503397424,0.016637118134380083,-0.005863531732456416,-0.015546365116914962,0.010767086449957306,0.008117978635459959,overdamped,9.355297190863862
1.0642027127061109,0.9504706200762074,0.8905552216463549,0.8199343400615607,0.6925594831307259,0.6293138105990655,0.5848067740540865,0.5192762724243507,0.4369046330591701,0.3891417280110774,0.3922284582668772,0.2987802600835944,0.30849248817257946,0.2845134371022802,0.19058288893063718,0.18516873731875066,0.16988011106537,0.24790542943594512,0.15468230441051845,0.1484898787293748,0.09181282141823677,0.1028768595981059,0.14653830228772302,0.10380509040606739,0.05420167256371751,0.0677566320334361,0.06239384970020009,0.005294232931529912,0.014759167123692917,0.05596725968317837,0.03766672213145255,0.035790239429019474,0.014094499541667851,0.021866421739217427,0.0048790174472725205,0.059836788412313095,-0.012188934231682477,0.026000526422361815,0.05859282882699665,0.03111124700917661,0.026876147094099766,0.033363205268589956,0.03624120303337956,0.06217893097733457,0.002882029743567824,0.03708233130487372,0.007587997318948574,0.010066650606918318,0.02424346261065852,-0.03551518760088849,0.0030488991612517653,0.0686431146099371,-0.015097160012384018,0.023993674281467304,0.03355950336160262,0.010335874764182348,0.03728202123835423,-0.03544667722132716,0.011290594324849038,-0.016518060844707607,-0.019041697074963247,-0.03424693981715662,0.03282806288207974,-0.021678428772131494,-0.030746828308134463,0.020729230086847718,0.014289223829444322,-0.014360546623471578,-0.0015933274986217863,-0.0057553484865458466,0.042861297943398366,0.053459758347548465,-0.03308893075664317,-0.0023920328543646746,0.022213135395747718,-0.02550956385388489,-0.011088334448611193,0.05229252176157799,-0.01950233338064475,-0.034222453794983065,-0.05324414586268064,-0.05263190104026386,0.0375488170854822,-0.02109272544524484,0.0033764154337064716,-0.055229783212470816,0.014353668370865462,-0.05135638386021852,-0.019647137824937492,-0.025690283318793937,-0.002314430453421394,0.003055790600316684,0.029160392250223703,-0.02180882161890815,0.01768643534862853,-0.0052266564023687005,0.023929512548410945,0.03324243247853345,0.005239656007457765,-0.015894830277272242,overdamped,9.917255487837465
0.9667377502008846,0.9657862408031768,0.8453456522348374,0.7898079027606083,0.7360040251690909,0.6202809764746866,0.5315071331288491,0.4555009702678981,0.35691595521946917,0.3373120202380248,0.28322801417910937,0.199483950684311,0.2177914734223812,0.1330099282733484,0.16712438713336936,0.1362014508975122,0.14498989413482827,0.06555244326828177,0.08428986509116868,0.05831790023926198,0.09222556561727983,0.034731858407866495,0.054165179936302724,0.05187539512343507,0.04517220825997331,0.016397522875163863,0.005440673304580198,0.004439528302264031,0.013192677065073283,0.0035571317097706882,-0.020938309550441757,0.031767922375767164,0.04010617653697417,0.031148458300961288,-0.012301073391039192,-0.010823545406586327,-0.037035755463671265,-0.0027898309516864433,-0.016974688377875174,-0.0036598507655878883,-0.05787523004890298,0.004288028100638648,-0.021201834800777173,-0.06827676369975524,0.008881621797534399,-0.031241390664042062,0.006345933654245538,-0.04177059998567795,-0.0014210129778417847,-0.09047797982504148,-0.013738804128129023,-0.0036679646834132888,-0.015633468123561433,0.03722900492318098,-0.016881467004882512,-0.004557577660740386,-0.03719403248697242,-0.01839508482641713,0.02859609553081319,0.013963855798271252,0.060093988185858156,-0.042898803493358686,-0.01499924094551832,0.030592710104000553,-0.02046138741724854,-0.017134922075688765,0.014846732388000305,-0.015076140949242969,0.006779903771095023,-0.04201862971966053,0.0067646214867274155,-0.047154181302368384,0.011894364278124257,-0.03770422057084615,-0.017045997022710743,-0.04515898326452001,0.05182332834737508,0.043446045031011266,0.014742497258146562,0.028005886016928144,0.013228489813445446,-0.06909348107742305,0.07345824217861296,-0.040638984103391805,-0.03425873023227013,-0.039625421514061974,0.02333916820069263,0.04373388031416467,0.07299493573166096,0.011088522978109475,-0.03121808981715077,0.0617666841923511,0.006670653667908505,-0.0025112562258594972,-0.034118059600260355,-0.0413791799733702,-0.011740117492220217,-0.004430638837311257,0.03391682334562553,-0.0025638626088262616,overdamped,8.12124863863532
1.020439655539814,0.9704432122706612,0.9303297747603196,0.7824866794369507,0.759242225958585,0.6195958929637715,0.6009736799277617,0.49041223275612483,0.47937672562417466,0.42532380797623615,0.38530531152371145,0.32808456234852246,0.2754037639584488,0.2796033954424621,0.20597953284032053,0.2525371584147511,0.15641884635867326,0.18922978109413294,0.15210404546529516,0.11392703431288123,0.16733593185936962,0.06439596133025477,0.007787150277692584,0.055779558836503984,0.10571037513113982,0.043322297250435814,0.06471687062112817,0.0590332430421759,0.05202819789333206,0.06417643633858863,-0.03360706118674105,0.013723445270760606,0.04530129840729161,0.02915429505115554,0.04245087634106842,0.013891422149490936,0.0631421869226097,0.01147142732635253,0.012968623410003027,0.029463486998310702,0.018081576120135015,0.0034452031925244105,0.044264130753892725,0.04816425362761498,0.003579433048850631,-0.06588105228451074,-0.013080948135447718,-0.02690768930975424,-0.003988171862601386,-0.016007576990053788,0.014919971371891994,0.018917032968871306,-0.0338665286017711,-0.018797654391925066,-0.005484864339162985,0.0009696085068411752,0.0004252422101142157,0.032774582134938834,-0.010943726308900703,0.012992921208295004,0.043693890410338186,0.02445658554570154,0.004389686339719741,-0.056786869287912344,-0.017518809209508365,0.008216131002747012,0.03076640185701711,0.009724369767277065,-0.008047456972908226,0.004184624182443975,0.05876815693938801,0.02105621799250177,0.028617058754431726,0.018977439332944206,0.021088643741174,-0.02384651395094822,-0.012879909374162675,0.0017455403930908405,-0.020835821907545272,0.013935986389571102,-0.011889875700265812,-0.00976385590277667,-0.03929285035050868,0.06064869496544851,0.024948191291241074,-0.020605305729741574,-0.013558610674175615,0.034018592598301416,0.011234557066835574,-0.07066529307724656,-0.018617942471482934,-0.03509651215276325,-0.023300043552170285,0.01604138138645974,-0.060182031419689294,-0.003400780432212006,-0.023130992107584666,-0.025482341377264295,-0.0027101810816605415,0.0016506390390488236,overdamped,10.014220017338156
1.013492342485473,0.9407160655789263,0.8944276908388344,0.810939077787442,0.6811924218575471,0.6527095946836611,0.5167249104146351,0.4918074730846323,0.4566742988378012,0.4013832112111203,0.32320569877918043,0.2929231227987618,0.3037303886344153,0.2772262422012987,0.19988399674917512,0.23850768807705705,0.11635527813152988,0.09454887004474871,0.1427799631890611,0.13963989872710442,0.11532137887102793,0.1151102543987517,0.10032337455527879,0.07485082365622148,0.05908506126779037,0.053247372651713136,0.06353345609868,0.01744853912404807,0.05404524560583157,0.028074399491175434,0.03538780965088714,0.007183744917431619,0.014076930662649935,0.02623472979677453,-0.016691194623554038,0.04223116761400832,0.017455449482185317,-0.015613554961141083,0.03707388903329439,0.05853391814007511,0.03111304297250688,0.052163371248919344,0.023831771573837375,0.054187249534255806,0.016420148072064666,0.003524362932105918,0.027455142648143624,0.004460881535862937,-0.0005056672497179143,0.022421614318016824,0.019545614456647452,0.010137268113999419,-0.007546476347610071,-0.01177369939309863,-0.04453277606752061,0.01848521163987872,0.007062968445006579,-0.005609265732636324,0.057476841864221855,-0.005135741580113489,0.024454067703309258,0.012685786470854752,-0.04320958936467345,0.004656752952467445,0.017115610633420392,-0.007862601860016387,0.0064848808417428214,0.07780967090944915,-0.018980463409041727,0.015206901592368972,-0.04232583406356111,0.021526412184227486,-0.04797527507966291,-0.02546640304199362,-0.04386199566147229,0.0038792678287477484,-0.009868539743626724,0.030429109251238227,0.00017299201033494504,0.007337051130731157,0.03843088442662875,-0.03955641894695171,-0.03190676067130429,-0.050201162115188346,-0.012185285731827141,-0.00573208740987629,0.0416914878702838,0.025470973527991974,0.008471426446110476,-0.01848108235962306,0.011020260400940816,0.04877744528134226,-0.028372033188810198,-0.011103044292013673,-0.009868264012544155,-0.033687224973915755,-0.07039958356063608,0.00021850374767442795,-0.006801503072494749,-0.012368211661836898,overdamped,9.623289754987914
0.9869394349241545,0.9233203790854776,0.8973409660394173,0.7247572546819356,0.7216293345224418,0.5466136418102416,0.5263295231028261,0.42005384698162945,0.3231067866895804,0.36341010192936896,0.2212992356939614,0.2686391224032412,0.19438129223884157,0.19787694442917467,0.11935058060023948,0.12409809341949309,0.18894952135590787,0.08614112752299388,0.07324329768415379,0.023535317473345904,0.12219167471050463,0.08047465268931774,0.004200959186067388,0.06926174217868063,0.05371678091563184,0.007616982114134429,0.03360041666966051,0.035319214146826386,0.012693451278356808,-0.04699604728209714,0.03480957523232327,-0.05410310261963423,-0.014577905078676411,0.021517160997918477,0.006481250952526175,0.03147831455146727,0.009843983228095475,0.04132146726518124,0.007452606415072363,0.0395935433811914,0.011873335378123592,-0.004058589198998747,0.04727633827227181,0.01259786382783181,-0.01835523226148328,-0.03561858091971904,-0.0655778082131163,0.027622866513897296,0.03814106204510847,-0.008523592196915657,0.02057424999525563,-0.01667319257601842,-0.01712126729668554,0.004441029294876346,-0.06147040155429002,0.02995935669914592,0.05978078376199624,-0.020894419188073325,-0.010184795284154216,-0.010154552471426385,-0.0003479608042576182,0.09934491650656758,0.019206919576010235,0.042342799099429486,0.0068230313499353466,-9.691703918371162e-05,0.00764394272561471,-0.0019335054719445514,0.054197197086405496,-0.023011888874761976,-0.03722761870117647,-0.04824131408952238,0.01589887473659235,0.01813380188953813,0.0016558016758134618,0.032211146329574634,-0.018708985094355954,-0.04127248769804246,0.015423573015088602,0.015449308199556089,-0.024074942308731414,0.05080144467202724,0.028329407102194126,0.023017242734875216,0.03574320086826889,0.047987574532937755,-0.03901054112532954,0.003220193666959161,-0.011578477201879895,-0.062238528476854765,0.03296143606644422,-0.035789956008335747,-0.0016587692291107844,-0.013181253442857125,0.004047816269264155,0.007660596427752346,-0.043097490822427975,-0.014885554498780209,-0.007094025781301535,0.010741388767977405,overdamped,7.922035701954446
1.031097185688656,0.9262131970736678,0.9174236832909524,0.7694704296894253,0.677498992867517,0.5435235796404614,0.4256265851274311,0.40450822227815464,0.2910368088395045,0.32283033612098744,0.2141106720638553,0.15290127508237286,0.17169275301694598,0.117586787498965,0.13003846948566855,0.04468468006577322,0.07827781301467995,0.07202861678372484,0.040720468342268175,0.014416102810307564,-0.018149246162830188,0.018047145067202765,0.0008298110658794475,0.03751958709217719,-0.00631063077897087,-8.648489238467089e-05,-0.04940334554090033,-0.00016883242649387304,0.01531450347801091,-0.03206885338301402,-0.06518402590375126,0.01676302124545654,-0.02850156863092283,-0.013581244201936574,-0.0060151388452451635,0.011628677271870731,-0.017750251406325593,0.03441765184050971,0.01688060763217242,-0.004318846058439608,0.02636506559212379,-0.04450854976035748,-0.0038697638094706706,0.0016454061751869323,0.01978869311227322,-0.02934534781802626,0.01789148741035708,0.025694928522508535,-0.0051981869386182695,0.03240118190791767,-0.005469337188329149,-0.021252199732669532,-0.005357954271055323,0.03455034747602714,0.026113665512661508,-0.06182966713068548,0.07340154229550465,-0.02443141127304212,0.005188400955949126,0.06505162047309611,0.0021929825606846758,-0.00423771713303752,0.013625250930304148,-0.02119775355948003,0.0005065635383758143,-0.022456065357584126,-0.030353184925648452,0.06158403900135306,0.0164300304706115,0.02554003539883369,-0.02225384977167895,0.020779940919054496,0.007150587435955124,0.020182977484833154,0.010095522593534885,-0.025615692255546538,0.049389592184824894,-0.01599056705935347,-0.02841551832042781,-0.01629572952042981,-0.020472409801994915,-0.02887913762228291,0.051587118216159966,-0.035707110907971136,-0.03423436010412322,-0.028289600256969187,0.02464589025036748,0.03929525913840657,-0.0017123717198435195,0.01753516282426835,0.048297065397153616,-0.04036084506423642,-0.010838579145587866,-0.04376314099084032,-0.020764546795248164,-0.010404452651281641,0.036000819413024354,0.009324578057437161,0.02058397487069093,0.026621437711700537,overdamped,7.012701054455325
0.9902859679590581,1.015473805211256,0.8203729517979922,0.810190730980791,0.5919969243198613,0.6151374588467511,0.5424568400724075,0.4875987357973224,0.37776487265036335,0.3442739151736277,0.2755452735504563,0.2538523456253412,0.24922686218465914,0.11466832418687385,0.1287067678262374,0.20870947984304145,0.1255715779411345,0.15863642681812248,0.0949445410739941,0.09548363975673692,0.02602195546879814,0.05206559056225937,-0.005032294959111998,0.0739692801519041,0.09279134975920011,0.034517643306836224,0.0204673373719886,0.03646621550655153,0.07565206207596355,0.005312694787090556,0.008019575578113036,0.05979936611356293,0.018238195920362597,0.07387062923874166,0.00965154930160572,0.029400042461345074,-0.017120412170575132,0.03453754489332431,0.051448456149270565,-0.035657226261133684,0.007984553144207878,-0.0012897824091827699,0.05663150431435397,-0.02087255833489973,0.012521241738104547,0.004629528753598635,-0.023181056195617358,0.04514786349400364,-0.04289392089610711,0.017549745018014845,-0.05048920035965865,-0.008578495900685773,-0.016887562425621547,0.05638058143847721,-0.029968830322983794,0.003125447795773221,0.005520082023511029,-0.003124237429423661,-0.0218591096956356,0.06222252655995442,-0.029048292424719364,-0.009937712814031127,0.017045326533447886,-0.07640952754463418,-0.033915781656105065,-0.011031156139798637,-0.004329608394264392,-0.028280694812809235,0.04733092093928114,-0.035725633023957794,0.029064794856386297,-0.04262820328968131,0.009780608679054295,-0.009440344054333022,-0.021228603986155132,-0.015337508420466536,-0.01128087743266668,0.041491315841470644,0.004800245899539508,-0.04141315770953674,-0.02130689698068992,0.03189725846780482,0.04276998053077677,0.03751494638516773,-0.0034680396479265033,-0.02302537879803522,0.02314161766561926,-0.007764939917531129,0.021107523297931082,-0.04784564734405197,-0.008148317466971788,0.020400814668272437,0.041197338046795866,-0.03605360036916032,0.007416831645655575,0.028688517296378984,0.0256680361332025,-0.04486357639538276,-0.004637180939000802,-0.02352450127527005,overdamped,8.41348444412813
0.9949981371870091,0.9643957924613273,0.8670156166076722,0.7756088851596815,0.7492331816721783,0.6336949155237336,0.6099162054262888,0.525830965001261,0.4480312115147234,0.3956194202574278,0.3361493912649899,0.35543906005229314,0.2690512711362368,0.23202378571348403,0.1951707848642748,0.2197093424398163,0.1785499543896733,0.1675015657708972,0.12829266776801587,0.10509935359244571,0.09569956224847916,0.041412473981724374,0.09496767207730025,0.06909390669223857,0.08209060482378418,0.06469046694988763,0.06905198935229538,0.010377989421161991,0.04284668788288466,0.06614133217159765,0.04001300639946412,-0.015349666837079907,0.0419794679292485,0.00046974485778482344,0.00810437869485637,0.02201980974708241,0.021490153254568677,-0.005490568036578533,0.04563873617177784,0.031564007377599075,-0.007967143107742762,0.03598023873166939,-0.04110365177366418,-0.01109204741450747,-0.03548415272747265,0.039556381894612434,0.03766851320043165,-0.011910522471383743,-0.0049381982356487275,-0.0020953810606745595,0.017058092133799822,0.015021244328902344,-0.007866917914680673,-0.03724188365770097,-0.04680365804640839,-0.03067914028134463,-0.01499626124514468,0.02498471160049141,-0.03685333918653805,-0.025038920102301323,0.005961367645419278,0.024164783400780706,-0.023365405844654862,-0.04883465451380859,-0.04004819889278766,0.007774628079516163,-0.00813894944516874,0.02997267040872584,-0.015028433845277809,0.04670300956781614,-0.011186979748759018,-0.011700397235499468,0.028205528539212113,0.030786685750853336,-0.0424099087931529,-0.04413592509687313,-0.0131225683011759,0.08085851463855175,0.00766555804731572,-0.01002443888282524,0.038104138445423076,0.01438612626034291,-0.03909458808986011,0.023801215710848946,0.04537577944760976,0.03588947997149021,-0.016302069449876347,-0.019301881416008457,-0.003350441540170479,-0.03621878863534936,-0.016971659039132635,-0.012636325838450462,0.007392165101775073,0.017070561844865773,-0.022456622361921794,0.025210890263812992,0.029353163279920023,0.021431263714521184,0.016620855230028268,-0.007788625425064562,overdamped,9.663117893447158
0.9715913080893118,0.9458995860425382,0.8988555340475447,0.7799347672122433,0.7081092691981216,0.5770399164781772,0.5553954948121477,0.4912267511665251,0.42154809532177984,0.3841710223362954,0.30132826992808887,0.36151682661385715,0.25152092423551337,0.2226383190051813,0.20886906038476338,0.20099422479078974,0.18186238172791738,0.11317126523901613,0.16116097910199767,0.12725226412444732,0.1003548717949049,0.0811178187717673,0.07488996411204325,0.08387416563982163,0.07008921766589504,0.03641077835635806,0.06836588248199288,0.04289579121212217,0.06798370001556041,0.061519520658753275,0.01191903751256787,-0.026802803043572875,0.012965263702002183,-0.009650768676235509,0.0339496465612875,0.006713093936094323,0.05135144909583107,-0.03207698641474768,0.05114912535461397,0.0011831582796906197,-0.01518494110346365,-0.04955639904589879,-0.05308528315141373,-0.014986791214081937,0.01700750368040231,0.004250017484288617,0.007223516352449569,-0.06606480419105806,-0.03581703633804134,0.0037972293737003494,0.02383666069643503,0.0982657424775338,0.01833922562786538,-0.04252437081139134,0.04441048902190584,0.028008028590445003,0.029400110297722094,0.008575984123772858,-0.0413996089789909,0.043155122435330054,0.0014213794360492518,-0.019923993355856633,-0.0036039871552692223,-0.026656583053766485,-0.009904298651514199,0.018865105053246633,0.021021296131783326,-0.021649324675605052,0.012471935185102739,-0.021929353743279603,-0.01583926963224037,0.003482804151808256,-0.017366230156939118,0.0026022276338223474,-0.028859095787966024,0.012847416009863286,0.020370813281341896,-0.024864447557584955,0.0032568639561755624,-0.0658762839448094,-0.017099094476017745,0.015255534450826521,0.05083584523954433,-0.036424167959244365,-0.03569839136211784,-0.038834787239018065,-0.007433642070477111,-0.028194137442322437,0.02424015852805307,-0.032283722971528594,-0.0033012241695526048,0.027512325116912352,0.037569373486714935,-0.028555248356485888,0.011001588523542384,0.002823149247153439,-0.04618279490872063,0.021222590667454654,-0.04424052662037548,-0.0333905477501135,overdamped,9.618575979839054
0.994366278234256,0.9353992448740907,0.8943594948860152,0.7810476169963162,0.7401032233364708,0.6357633993749787,0.5244660627406584,0.5088349295575672,0.4587344825232765,0.34316248772752084,0.3559425734473267,0.3064234867634261,0.22832548101793637,0.2363739786721553,0.20969150022620855,0.12622320960258038,0.13513597041349687,0.13020148778083174,0.1116749041024064,0.09920228770363372,0.07424996792975548,0.07770190115280973,0.056180971944392026,0.10445349252793756,0.07373674203260758,-0.013588722667495265,0.08242327624197406,0.03663395897708474,0.04791348113770028,0.025615266255745023,0.041390679916786396,0.05913238871066799,0.0042025444267163,0.032782158392727745,-0.010150605676323103,-0.004790699780165648,0.02386752381606337,0.04025227645049295,-0.034740213717041626,0.03994452898493281,-0.027684088373843736,-0.045164983393447475,-0.024754212346153597,-0.026550897696925795,0.011279436935310059,0.04482435038474994,-0.03896027876647413,0.024435735652382298,0.04896567958327908,-0.010150660773306515,-0.008514139522103305,-0.016267012079941467,-0.03710430256262937,-0.026243011925221507,-0.03186197023490381,-0.0075433247133030535,-0.007448913753719059,-0.04222128967583374,-0.01800525915973656,-0.0011415959017423193,0.0006637638650307595,-0.018316497042732634,0.04206508124515893,0.006927548779543122,-0.044595337608011223,-0.04533456275797355,-0.049125292650286215,0.0034438013654432245,0.010678615149667062,0.010554636358464807,0.01428663048650601,-0.03258602303719197,0.0524657269724942,-0.0013525458180579583,0.008436756341280594,0.010608864977489705,0.00731918891525549,0.008308967282729077,-0.018862845449816385,-0.022028188025658455,0.012273608277687788,-0.003964057732008918,-0.025817997914179713,0.007976336508505865,0.0019863532249633654,0.022873028364826953,-0.014227987172074009,0.007393023243040664,0.0543632457771965,-0.01286583539169036,-0.0347391216856433,-0.038326988101486874,-0.025044910812085677,0.017429273450533658,-0.025560467190623087,0.02271382615775749,0.03240440792093019,0.0249668252985328,-0.03523746670547606,-0.03031823142994104,overdamped,9.165702932981961
0.9682244172285515,0.936538439972324,0.8691316532310495,0.7906254379033195,0.7231585468506174,0.6378179152092652,0.5444564888063149,0.5575171616866363,0.44155076768939344,0.4024918819168931,0.39206640874339765,0.2802881770049759,0.27578993274452984,0.2330876551765462,0.25304943488734916,0.15746333833890586,0.16213070710282215,0.1964649130055307,0.11670707774322206,0.09558480447268475,0.17168778443186414,0.06920483880912248,0.07802480949071924,0.051350771707988074,0.09990773266214478,0.047756195707390814,0.07276013984468205,0.031854478858741125,0.034390834124993074,0.03552045623328213,0.03726265127901766,0.028219763377316874,0.02953912250471395,0.02393602047035137,0.02935692276454442,-0.00212755950828342,-0.001134885417710823,0.030036186873681026,0.03342333883228504,0.03346184202498423,0.029699122849323082,0.00042415099653408603,0.00022599959560974311,-0.006909134688100936,-0.052231942284968094,-0.0030123966178094257,0.033447708469382276,-0.031524115553779625,-0.004273967512319572,0.009217844177274281,-0.01429858536842184,0.03762913517367559,-0.009683163119427525,-0.008398250214272101,-0.04495502120527299,-0.019320761465384514,0.022518506257082543,0.010477437677129978,0.04881482929683499,0.03884388443761185,0.01987607558818783,0.031070590194312266,-0.05380359936603433,-0.01698202501663873,-0.021418437742685238,0.03500616705871544,-0.020643557546939636,-0.03034361887678265,-0.09131220186832159,-0.049943656667486624,-0.017528885969068708,0.018911293986011428,0.009292343188098785,0.026915885877519263,0.0004213632940410672,0.04865484062964684,-0.02009203875630097,-0.026155459990977008,-0.011119703088382418,-0.06589542416594359,0.04756761908488739,-0.011257963122005514,-0.017449261865118318,0.008499975425526322,0.016028664874712446,-0.007411578271892285,-0.02935857335371319,0.060202106203059734,0.004879789805665791,0.01274200662363431,-0.03860549554372945,-0.007922725225278815,0.030082864742679467,0.008865135865378035,-0.015209200183168478,-0.014713645972234733,-0.0221016303870006,0.0423203281930518,0.03531119659193013,-0.015761510035201175,overdamped,10.047898878549262
0.9698509629918453,0.9462988166946362,0.8993832581301481,0.7882938664680121,0.7388330600582026,0.6507078460327843,0.5559309949490906,0.5285866395411638,0.46494665134819263,0.44551292793220854,0.3651884760140135,0.3259027766265551,0.29624806467066106,0.28518674528542665,0.287110021454531,0.20934409624750655,0.19498681662331643,0.1532642234718446,0.1437003875092129,0.15458420801474673,0.15453385587960483,0.14481653438848846,0.12284390080365662,0.09219139539872517,0.057682295619790075,0.05426491720878224,0.02519168768043483,0.08187561541166916,0.08862860324302446,0.05912315792923361,0.04014033250851844,0.08174269305222459,0.09236484164583098,0.008234922809788915,0.017124929405019303,0.011779793744405053,0.02460107877512873,0.044146421106875416,0.034854068490898255,0.014773820632228546,0.01146810141529054,0.0732082268059538,0.03619741948682999,0.0469867618410473,-0.0034093853438030165,0.05764839154895565,0.043971042113867966,-0.004207988172214726,0.050712202242972806,0.0323981016080164,0.00824246155669821,0.010202941251291477,0.026198848511244946,0.04244713178955645,0.027594799322269138,0.023992147329214085,0.043946034091370656,-0.0060029920957068526,0.020120423651985395,0.008214933496655164,0.06339478479829865,-0.019453086149941106,-0.04257786529932675,-0.00962898686734396,-0.013293647771528944,0.002640457031129553,0.0232050817904436,0.01180648416386501,0.04172681063247005,0.014242797177894374,0.013037001976065896,0.024744435080092067,0.04888495314241441,0.02694805345199897,-0.02587893614614675,0.033725247522007507,0.011514886868240598,0.0017940724290674138,-0.029008549709230263,-0.05635533444240258,0.01323870696376229,-0.03195322661387759,0.0002995879430041572,-0.0037734414786727817,0.024621386870239962,-0.005357785687124291,-0.02024524666128195,0.029856042942809576,0.00118191411541287,-0.012469000697183583,0.04157253540502238,-0.03564209293738077,-0.002393865735501728,0.05053881503039211,0.0636666265563529,-0.02632468826430218,0.0382694107706357,-0.05591329012448266,-0.00696955244481233,0.01154712672736978,overdamped,10.270524060002876
0.9900850331508563,0.9264955559092288,0.9040249839380211,0.8008340325192995,0.6446868143200392,0.7125568108577325,0.5845123789902431,0.5334513846721138,0.4808687990492797,0.42139947618123313,0.3568742358417004,0.2826354965833689,0.2903432226224768,0.24238497536828219,0.2707055842503691,0.23183811067673474,0.2112170508359872,0.15625403119630782,0.1246120757256041,0.15735052491832313,0.12150282576233035,0.1168498564463362,0.092771673304836,0.03379593617715408,0.08487175495566829,0.020694212374007953,0.10076886049665895,0.05906519165259598,0.09264330721721828,0.11353004523836532,0.025233786778550458,0.08322555378051888,0.024529271780518707,0.024005903455376704,0.015524939428789407,0.034220703905702546,-0.025773442938469913,-0.059166395462701665,0.038413287588062076,-0.02367140499487204,0.06300487321248616,-0.004057565797778275,0.003114943619000822,-0.020610725813341405,0.005625335841799144,0.05772452398082981,-0.004858750472143278,-0.005093252172771304,0.004350627822901283,0.0669530089159549,-0.036541155491557384,-0.010866644092599593,0.047271424280309456,-0.03478042094079427,0.013987789488959006,0.014174356180924934,-0.006032327119054666,-0.02203551647915967,0.012400127072060924,-0.017147848110232875,-0.0017116218000886923,0.017698502852334277,-0.0010766215172954463,-0.004756877332524272,0.00861524087931216,0.0029171602734023422,0.037890202234040875,0.023553707954841685,-0.02270961346180229,0.027502883634200906,-0.011665922342796729,0.04277908744725452,0.05173055534360313,0.028824877255181784,0.018766525163734414,-0.01573264099557061,-0.020096706481937357,0.004896068915588212,-0.01087919422457138,0.085482436147599,-0.00784646365209497,-0.022073091428627383,0.029775318598163403,-0.02820856603406766,0.03831648388112641,-0.008605433298273625,-0.07841863512454023,-0.0016761811582014351,0.010398795778038969,0.017636190836584693,0.0023090352888298186,0.04899869589877691,0.05038247254828364,-0.011825627595139252,-0.02063541150255459,0.027042727223516565,-0.03284402030779836,-0.03977135457329849,-0.03271880056738279,-0.0011815918791461915,overdamped,10.018636742066814
1.0200608493626713,0.9655583819751302,0.9011024818061611,0.818508829692515,0.736437044766307,0.662437971264663,0.4547839396990298,0.442990064101098,0.4494017281272529,0.343314300673518,0.26332045455136727,0.3155516828988789,0.20630549902239217,0.2516748047037703,0.1768268255787342,0.12351013669817676,0.148516894341319,0.14223913256209386,0.07557520333083925,0.11035169458910557,0.1006324063697393,0.06044483533701021,0.01101145720968539,0.04154290901158122,0.052275836421812306,0.05210446025012668,0.03867330460769117,-2.4218678541819416e-05,0.052670838177133555,0.025006978315015388,0.02230460225885959,-0.011562507433966016,-0.018707254612364436,0.011111818208584387,-0.021847842368304934,0.03345603818580849,0.022236757151677635,-0.007522171115869605,0.0290270739228128,-0.009469197738830431,0.019758327280077596,0.014653528473851853,-0.011723558986534155,0.0803712554733352,-0.03722180939726502,0.0056428089104041575,0.051048464359659325,-0.048529545843730315,-0.048065176987407116,-0.012611135827471406,0.04116232566772387,0.013461240446134616,0.0665954371940087,0.028993773262549927,-0.038258732950851956,0.01645958109698169,-0.055897399981371956,-0.027437484946358896,-0.04263532746496692,-0.02252019388075154,0.03711305896054953,0.033326301820536,-0.013546328248612953,-0.0591795049531442,0.04658808018169435,-0.017121210796431464,0.021184029766859857,0.06995662741900667,0.021726544215696142,0.032548547144364996,0.0510458614695405,0.020183885813635408,-0.030101864559532884,0.03950689489547251,-0.042369771608596465,-0.0025797466894819736,-0.0034884389478755545,-0.012119333780821008,0.006541185931982414,-0.0033697933402536072,0.029034560697639645,0.03544248372255661,0.07789222663500697,-0.0274954868048288,-0.015290929742715878,-0.0075944482114291365,-0.021582130198348426,-0.016489011716607344,-0.06339865799249951,0.01601971406366,0.02199168353540213,0.01376198649601327,-0.03043940902792342,0.03052111967416177,0.04163141933759308,-0.03178860700974753,-0.002787016143691798,0.0032096225493092934,-0.05621932575081542,-0.010912317520712124,overdamped,8.680188235963701
0.9511386510302358,0.9570976804095048,0.9475936376831152,0.7846688867839178,0.6745006540815468,0.5913061927897628,0.5269825278975665,0.4434331472132867,0.41470197160446065,0.36200957235308034,0.33732818143949495,0.2591268369897233,0.2416287216678971,0.2604780597147569,0.1561864382210117,0.17884512733481162,0.12791037868036792,0.16678060265686886,0.06990483889130719,0.12832043417621153,0.05412967677505572,0.052161609383839624,0.06566921395325309,0.07912648552007645,0.04414102541709521,0.06080645064845046,0.05426793509726684,0.004931132865457814,0.028976332234817673,0.028255330024342374,0.06269758765758784,0.021978037425255524,0.042804501264180644,0.03341323736338633,-0.01870522891595737,0.04232162656117267,0.03875141405599221,-0.0011839987220575408,-0.02300670569198469,-0.04354688874392248,0.02945567913334418,0.0379029884594522,0.041321196902590784,0.01726951231283344,0.001312409736571102,-0.027768116922356593,0.0009021213218463405,-0.013636422541383395,0.03919895451383061,0.022643183160716805,-0.006719356403886177,-0.013973579979004083,0.02454599386283782,0.003417863427221458,-0.04982311645926724,-0.00042586850147313,0.014520941850663513,0.01162782208305425,-0.02424232549064923,-0.04894315943718248,-0.04084584767580472,-0.02248189118840076,0.08664719563098838,-0.01458273279319643,0.01920698200205667,0.009729591887304215,-0.005700552404682973,-0.02158425088388734,0.03741548183387521,-0.016606741520833378,-0.004494892023681887,0.021109594906279023,-0.005915771513834911,0.0018611728326209415,-0.02180654621687233,6.583133247130406e-05,0.017948780653191422,-0.00503829795651693,0.006019312567028876,-0.012323982296421464,-0.018271003441900576,0.05333374072546833,-0.01293100556115125,-0.0067725361332598676,-0.03456154008876166,0.00843746050548304,0.026800560063220995,0.02771853812923316,-0.0307018879142468,0.0037603256207842284,0.001604091395975774,-0.0181771957284277,0.020444243349436984,-0.008688068289703003,0.0009608757116525952,-0.009481634114689035,0.009632285641084936,0.04705671401521286,0.0716251124510602,0.004138045786431498,overdamped,9.100013508194534
0.9515922014563735,0.9353640807402416,0.8591868285566194,0.7819344482830071,0.6992322489597566,0.5863398707714785,0.4940170703098291,0.43148586095535557,0.35963780233182047,0.3315785355649645,0.3081112771589821,0.26592124407043904,0.1952108274923388,0.19065749760819042,0.08354726645037949,0.08081582469470527,0.1200171627113074,0.09019742759425899,0.10265786804963924,0.11736695158816302,0.011268810256087107,0.13097484542406904,0.09744379401380052,0.05631368833025446,0.014160330593833939,0.04044875015806305,0.06919655369465416,0.05805960511012716,-0.010936061404013524,0.03212703276491143,0.008388116323973634,0.08142577384944465,0.021235838521839953,-0.04042101135399312,0.026560918586266122,0.009268686424193014,-0.03217752119885257,0.0632773530996306,-0.020707411388872943,0.059409753566984545,-0.028128223900778373,0.034431757187546305,-0.015839346856187164,0.03425741689699786,0.0002565977102775806,0.05934912981618017,-0.052899946523205545,-0.040943005932860446,-0.011607707837725106,0.046316670142917536,0.018099997975274507,-0.035044449741393154,-0.02186806392754923,0.008358286745998223,-0.008211512270742946,0.008878276300671725,0.0024539119160374386,0.01368788923214098,-0.005177603874198158,0.028464316835096478,0.00841697597266553,0.0546344854758148,-0.062238790111831935,0.0072195228308026705,0.05836320371336462,-0.012079122686734636,0.0073221713132901765,-0.05125072338491946,-0.043297461898920045,-0.02434155489100333,0.013542990222033214,-0.006256801369901259,0.015864404813834682,-0.05020703440933388,0.01945238523120535,-0.0038182789982798755,-0.00869002716436857,0.01132231930067694,0.03241684461347974,-0.026117681748738863,-0.012685938264211822,-0.08020146761051707,-0.027463722802381102,0.0038314758589037988,0.0309289041215575,-0.01638576245681068,0.02469757709727607,-0.025008809138497085,-0.012916263674794249,-0.013422793200115834,0.02290874309773793,-0.028807714944417792,-0.04443854498193072,-0.008704424603686086,-0.0386674388454707,-0.02955551526023739,-0.007563912536905205,-0.047079160499166314,0.02876943845882753,-0.03341697099959134,overdamped,7.990123569934251
1.003923331338296,0.9525919671369033,0.876077972470172,0.7970260713356517,0.6885983023023152,0.658027611368929,0.5712489666673287,0.5120909686637503,0.4515196619348545,0.45735715982098835,0.3387913571008104,0.3834683517111523,0.31428166844780187,0.24696973911043257,0.23934794954049812,0.20409674499149186,0.21212468568174697,0.19822684786307876,0.11059308046847549,0.15626280857573102,0.0897258377836039,0.1942187418416304,0.11269514793024736,0.051807091913686085,0.03939136027399899,0.08189698990507609,0.03514529497267943,0.029165245780715356,0.0731625379266729,0.011180109259204412,-0.001668365306095737,-0.015541165881363665,0.0051307982604343015,0.042111350179703994,0.0368269720066728,0.040027215286411316,0.03411763689807195,0.10604337516016621,0.03965165341527182,0.01614713828327715,0.05182092239115722,0.012092826020491094,0.005917870936717092,0.029419606103886334,0.03653919680014762,-0.000912433589212505,-0.05575289021413679,0.041885541785614794,-0.022432352055931516,-0.011000460817537305,0.060205317292992916,0.014574721324335098,-0.0006646459693610118,-0.0115547703620638,-0.018768522300291777,-0.00034949988668754855,-0.064328273441057,0.027156103519053943,-0.023311489058368818,-0.010151433777138263,-0.009827293415647701,-0.03207648866420707,-0.00499717631010684,-0.034380860647859356,-0.01220617565357165,-0.0009456142956158612,0.03478130941137645,-0.011491922472074848,0.018136374639669522,-0.0512317424045442,0.05054479855992356,0.014861907167737358,-0.004050458528916157,0.011952195961652848,-0.0027423041862826613,-0.03663081499773048,-0.004427204573212146,0.011241943690768313,0.025466823908860445,-0.026873823209034264,-0.04262884192084874,-0.04563067876185961,0.016875975558387615,0.010932646816890516,0.015113339001844644,0.0045979014765040625,-0.0047995194082802155,0.04350242179890121,-0.027422836428238083,-0.015884724683931317,-0.01050365610904091,-0.020622348994790134,-0.04307369416951233,0.047351487377173505,0.03795117076105103,0.007828702926632224,-0.055015256688070724,0.020897200378375138,0.05935358748839227,0.007469612533366982,overdamped,9.826535013487888
1.0338936016342568,0.9680530260497321,0.9152255255919396,0.847919565041825,0.7399281022716994,0.5901946899506726,0.5653833996892045,0.43047604804606115,0.42072840563008723,0.3445928236674248,0.3298783689300202,0.2414190133237124,0.2046745056316598,0.21563812019984613,0.19992744270414312,0.15010193608824607,0.16414389869005644,0.14392271064714604,0.10198256790287644,0.0866884006901257,0.05744635851514329,0.051655230602569505,0.02971734053472179,0.04777264491857963,0.05055976293357098,0.06884239985655821,0.021193403195373703,0.04592309784782207,0.05453858761749097,0.020062511452899282,0.011615461895939058,0.0024104464910840936,0.039038183477079665,0.02986652114262428,0.058317194137005715,0.03949391203143723,0.010870648777918537,0.028405842875211133,0.06151751176586605,0.024573198942622172,0.024579813578350387,-0.028634644347635636,0.03211265071698003,0.020637572003587422,-0.002091532986519802,0.06022045487516659,-0.00918131881872822,-0.008953577455679243,-0.0008343584356142427,-0.0032449665691138847,0.0011337890310857204,0.025927855931149643,-0.0636558671719503,0.006322319726668412,-0.015568532526332085,-0.049359140129619394,0.02750858443075964,0.021303655143929096,-0.004508997216616334,0.02588144826181821,-0.06241676778933859,-0.0028866924345560367,-0.07906119713197282,0.036565008570816,0.0022549947972601405,-0.023953898593758485,-0.019622633943891934,0.055450632429691414,0.019016029646963716,0.004339055443652766,-0.07088330621405713,0.024277749849210526,-0.006224499841713618,0.016216488898800327,-0.021199711690501707,-0.0024393105872488677,-0.011503605789921713,0.00018334210354859897,-0.024028874839796984,0.010854976998761567,-0.049179692975954856,0.02564787922447688,0.002077003226242002,0.04758899079584775,-0.062247099527767434,-0.058889577271218685,0.0028942643351215873,0.014474889132189714,0.03646668755199994,-0.012101945705226803,-0.0334528622561405,-0.03602092794415333,-0.00030635459573542486,-0.04063346245461365,-0.019690333912289172,-0.022880303365376487,0.00047031751304378805,0.01604589143549794,-0.01154001742960381,0.019436254718360177,overdamped,8.712634497255367
0.9945223544494882,0.9421051172600156,0.8212042293575228,0.7562402589367551,0.707257266857316,0.6210691479479842,0.6024938361645766,0.5016368150228773,0.4471820758369859,0.38002103340205223,0.34846493133640466,0.34374155686161084,0.2767837694976908,0.1969797782916138,0.17054330116131472,0.15503818901351885,0.14477004429037457,0.16135311397342425,0.09493342968167018,0.17509730522508843,0.14926375151174903,0.08281780624786488,0.12032734839295306,0.05115118981370496,0.07463655400383296,0.10384596471392984,0.02723594732774576,0.05232978330979833,0.059418220939298966,0.08791342692512819,0.04610685346575262,0.016521775807850594,0.030076332656340337,0.07118638713470399,0.06091436279878934,0.016788171438588257,0.010057592839347047,0.02110372392317259,-0.01313717895006238,0.04026548676968712,0.014117819877313077,0.025164296280965295,-0.04174974857081075,-0.015773742485671226,-0.010236809271284477,-0.006891349999035447,-0.04252120274450974,-0.008248635453316151,0.014322084653359629,-0.07972446188984234,-0.020828023249875892,0.031282237676660565,0.020139174126193395,0.020193619139443706,-0.022409348349585478,0.0526853934433722,0.020061663005032093,0.0009757079571145053,0.007655535683273541,-0.060457957544137055,0.03360263280969655,0.014895338830831526,-0.04460578802630669,-0.009546949895099282,-0.006739928444469131,0.046743714651225746,0.0021031726614211387,-0.016926205156340884,-0.0035419781882919926,0.00031566003238735164,-0.07559998831948844,-0.04087289246806734,-0.02200550452225342,-0.009186204856955297,0.002237476951913182,-0.031042844810386647,-0.032507915102594355,-0.0734955643010114,0.02237178104170276,0.0523202050081782,-0.023727349951503156,0.019035167130613928,-0.007832451272125849,0.04381183295337408,0.022212641892597366,0.005587316948658916,-0.02037109377422679,0.005374523470163073,0.09345902906480882,0.03794645744421408,-0.007168470307889257,0.020363542664509217,0.027554002671261162,0.019282007847750388,-0.041611424347976926,-0.008546346807675693,-0.037110866720775355,0.014643351982700782,0.028463075285362013,-0.01374276223486083,overdamped,9.287618385997924
0.9979077898582154,0.9445729863408748,0.8784220222529008,0.7449469399033645,0.7236206604757954,0.6001175184195358,0.545610200452615,0.5078591535364883,0.4864219128109345,0.37603341295349535,0.4073234815842385,0.33707483713122427,0.27389867029798376,0.2633406341178228,0.19808567584036388,0.15980230555211306,0.1697655196260774,0.14621086145743784,0.15238239916181642,0.14198294418378798,0.09766818409277052,0.08112797406039826,0.05881859459439885,0.06243914835830172,0.10500990362912963,0.10196244318751185,0.06778304409916748,0.06246990484092499,0.052762611167139734,0.010048950544674105,0.07871292837343813,0.03007946692236255,-0.003418196771547831,0.026351498017333604,0.053339732685504085,0.03380409035438369,0.013524650191446962,0.047566263220409626,0.004487384143642501,-0.020496595653019152,0.04062841509569538,0.041650869681707295,-0.01290726674834863,-0.040744667772441845,0.00047924806855510933,0.02347234484511492,-0.021949649608180667,0.029106040169126785,0.030479493313483392,0.009492597525889157,0.00980581149907414,0.040249076360795874,-0.007426983932136198,-0.02022249590188792,0.0031390199857489346,-0.028175113113844956,-0.046080179216673706,-0.03395976476920186,0.031220029074319502,-0.009567255697479269,0.017605079371802838,0.024152704612298147,-0.013461326668817207,0.0008748823996166075,0.051849513457337446,-0.02329445260137244,0.01700508581122532,-0.03835009562739778,-0.009544959342553293,0.04976461970569603,-0.008478343148141833,-0.013463997222433072,0.03736469324629715,0.04575995780634987,-0.012422140557665369,-0.05103527474437726,0.03931971539613393,0.017094530176513315,-0.010946389614344602,-0.009297589130146337,0.0519727074520704,0.016968404794783773,0.014954379885378226,0.012480965878552974,-0.03074213719995299,0.05598224805968108,0.00559357120447781,0.0012534480333653778,0.001964864601354473,-0.010368735306991894,-0.007971946789172145,0.0881473672364116,0.03635038819124012,0.012076818284850355,-0.013644457293965368,-0.05421168971758721,-0.014477426095762757,-0.028697141398726145,0.02361598456976336,0.02650705358775287,overdamped,9.981576978671752
1.005941331606456,0.9681972903598646,0.9105236454811326,0.760927299756888,0.7204061817459779,0.6077396173764535,0.6269004124827314,0.46250052597651076,0.4627314100198167,0.4075972362202477,0.3845291165589942,0.28942275594605216,0.2856381014386672,0.28586883050589523,0.232822566915186,0.17600452276688597,0.18678413019307905,0.16148138593421776,0.15862451908269493,0.09072209821783692,0.11179206893412873,0.04405200023485554,0.07878090426326408,0.05259112409022253,0.10406665182632882,0.09537494590817916,0.060394864882462054,0.021008003779422163,-0.044094551569396845,0.09159049967816857,0.0001264994335041375,0.011190260948553639,0.054964432075286104,0.00047437964125822407,-0.024832794596566506,0.060843462043819324,0.027699699165549162,0.023227046124494777,-0.08591063326182351,0.052331782961691276,0.03847544587382169,-0.02363052861671664,0.02089309600474417,-0.04636138663380933,0.0134865213947023,0.0183412552269261,0.01832157061361825,0.056008878731466545,0.02583224521657646,-0.018068798585050967,-0.04530182188751812,0.008231563678150623,-0.030272879424784918,-0.039667951632929174,-0.001487143261263263,-0.04658300757527497,0.03169204803642774,0.012132112702756284,-0.0020394393486382494,-0.0014579571776506116,-0.03241685268454161,0.07970285659775314,-0.023023522035221646,-0.02053193317682102,-0.005103161751377009,-0.014747784457633008,0.019717681043074173,0.005203446271697368,-0.015138695689858003,0.03445450556541014,-0.020347275903693153,0.027029228191180525,0.012523681874932016,0.002624306113297496,-0.00412185451120034,-0.004132515952461276,-0.03299922405825685,-0.0031023608376569275,0.02300593848086,-0.016669800778764208,-0.025268588235091895,0.005577157796284453,-0.030291872693690772,-0.016929806375300515,0.016392495851991484,0.017668552668678512,0.03762971630316471,0.0015200184983362483,0.01658722824422822,0.02676781869966704,-0.0353297068062586,-0.006088669406559393,-0.030142542619897163,0.03711787667456511,0.0005628989531557021,0.0035404736483960575,0.02631396075633394,0.016401587594569597,-0.003809644688003519,0.014541265009067087,overdamped,9.900108144833002
0.9721605810686804,0.9699195232059944,0.8923339145676709,0.7768600426707067,0.739297173403052,0.6452824734206486,0.5552929763758432,0.535112117764818,0.47996521837275136,0.39682361997106597,0.36145924820459663,0.3681055675954892,0.30864391872380814,0.2735395479425278,0.2190802466173668,0.17961979305995973,0.1343490578930009,0.14654089764244893,0.12820293401413607,0.10272923913122096,0.15069073088844243,0.0674936579464174,0.1250476115678728,0.09592038214296955,0.054125903215953924,0.05603539380513727,0.09668537659575974,0.05464622899891679,0.018365674269987742,0.09338746802280949,0.038246698884783985,0.02318106523584096,0.03554424000177735,-0.006718326255456791,0.05985322341358279,0.010916367802515207,-0.01896474993911774,-0.0018935922264959257,-0.018800147910822587,0.0003895809210204427,0.0023502955517989248,-0.030102906797442566,0.0058727399329281185,-0.029056837103914913,0.028803518304569776,0.042030855023185085,-0.02416802042511028,0.022523411060370112,0.03803302557987599,-0.015306039001675643,0.010706854325605922,-0.02959973503652766,-0.03469965572898784,0.05130969644624461,0.01702015017876435,-0.07685718205803077,0.011770682950401814,0.00965755574339857,0.03853187498686392,0.012821448765110655,-0.01137400499685695,0.01784185919715387,-0.001916975556569491,-0.004357134092860567,0.030435206796807602,-0.006811554334126195,0.008117494071819022,0.017745896632301205,-0.07378001483443566,-0.02375234128664484,-0.05796366903537094,0.0636212095694968,0.012080672389971923,0.008746182296796667,0.02347793914206145,-0.04692485271785739,-0.040133958205740776,0.02632914180577022,-0.028115395204302708,0.020987593513726227,0.038011961910811305,0.009307344827728506,0.0031921775832061848,-0.04770522817393716,0.03790415447172205,0.007777560457733972,-0.020848493956589536,-0.06704613749308251,-0.012118910881566528,0.07974307784718075,0.0470744243558655,-0.01811064174256518,0.006733286626364244,-0.01946814777596217,0.04138242531791798,-0.052363947950164184,-0.054595110698181494,0.016701887884955746,0.02554939205214881,-0.04349281245405481,overdamped,9.891011063481672
1.0236317882394397,0.9948063783800575,0.8628157147389973,0.8379031804852741,0.7172812759387464,0.6306509242101831,0.5302498263719885,0.5301217281899564,0.5045897624910424,0.4242600520184604,0.3693299550324172,0.34231864295113507,0.25187828982862986,0.2569176151057181,0.22541066018981087,0.11334065392079082,0.20748306651240894,0.14961537933776256,0.16227442882979165,0.09876343523352002,0.09688064489666819,0.09332627076053006,0.10304072000688866,0.10335405864593285,0.027504136492893405,0.05200844513026458,-0.016263017148859478,0.038340477048919006,0.055511524597090536,-0.0015045712015215457,0.06993922250756068,0.046413828884799904,0.0028675598970114083,0.023083533541448317,0.03504522035544358,0.0072144733210861255,0.026430398135078956,0.022659127466180214,0.0442439783698501,-0.020613634290432205,-0.00505442767782617,-0.036211252612321415,0.048405237916195235,0.04815562043014539,-0.042765884165327145,-0.027866895821371338,0.012568769592521461,-0.021737777969079053,0.01908161598623943,0.0005825287920132728,-0.00905258293331349,0.08161955478302674,0.003811986505833464,-0.009293067503882224,0.004945925094906985,-0.020528930681208965,0.04403555954766765,-0.023120392045524005,-0.007794344451893696,0.02219080940970372,0.022486112290018047,0.018064578778046604,0.03694143741529458,0.012529299808853348,0.016531868272897605,0.041510911910479134,0.01050176352870331,-0.016261331907367196,-0.01573444597358759,0.01599735871428295,-0.022062014707097257,0.013549710542901336,0.014051046317928372,-0.022627230338152546,0.0017253650461490526,0.02013723606642799,-0.004230307518666006,0.01991418899176161,0.009095727888963684,0.023333263837823113,0.03189016452471668,0.03288989653375288,-0.01595571394286964,-0.017356919629043687,0.02481211145417258,0.021451293603166242,0.01463758450470556,0.05272356229436699,0.06209405397657627,-0.040427773490131276,-0.013787604172413799,0.0556024038136696,-0.0069233735118827125,0.048800434631994155,0.015761339094281478,-0.015518565994397856,-0.0411540159081458,0.06621326181066596,-0.009898378482064561,0.025274465022289538,overdamped,9.6316922269761
0.9601022393806207,0.9618409554076579,0.9329952089263966,0.8053439986904485,0.6508845929580408,0.5737316676333701,0.48050349819824395,0.3452429877014229,0.3429098941916819,0.30632235316150996,0.19925912551426417,0.1834773846744948,0.12226127797554212,0.13312918497507997,0.10717331876383505,0.14211272559793522,0.09664377510869503,0.04094672752328818,-0.05928528730620066,0.01337243898943026,-0.026582918763094147,0.040908760891173436,-0.005552185220037229,0.07398794206962589,0.013716024348483635,0.015068765685218264,0.0200897441966301,0.002628431155329596,-0.04079142277257391,0.037282180151028604,-0.04822295802522834,-0.010640657369823616,0.03712899608017044,0.015513994083710925,-0.013034941707116424,0.03182699849156285,0.03651230007704687,-0.022311214585420278,-0.06965596169001637,-0.01932964635147949,0.025401966931265813,-0.028481629582219413,0.033862362534926874,-0.013758256519311061,-0.02091572999502339,-0.052469661957677105,0.011471232693861659,-0.0025122799118758176,-0.08895795773560473,-0.009450909440576898,0.05014566325291513,0.015764175795878653,0.02958512925263527,0.0473608168938771,0.012468182867000454,0.06356134020377237,0.049436385072567916,0.05933946750270014,-0.0018124148340157489,0.028201104348728422,-0.013130443454065825,-0.07843156259602858,-0.012925905878661714,-0.04712674543524921,-0.019664850837235598,-0.027504240039114197,0.03402473714606371,0.07151241152542134,0.0018808602252056716,0.015754561015793696,-0.04982341702297149,-0.027092078292900394,-0.00456281201109377,-0.038245642188132596,-0.012248351278202455,0.02131360077189276,0.02549833974690406,0.02054587842809505,-0.0006194433604661212,0.029524281411408337,-0.008972610318286124,-0.032807947917996204,0.03822563971862164,0.03818150580387053,0.0326975338404943,-0.019757714972167984,-0.011789410472957644,0.035431180730445475,-0.02162171861978445,0.03998077188477198,-0.07670677016517355,0.015083921213587129,-0.001003894652039698,0.013962731297101363,-0.011261769967239117,0.022774644649181587,0.02243393860082206,-0.007675487544972518,-0.00878601167959696,-0.024302726864049874,overdamped,7.155752941828264
0.9848260352795173,0.9515847947102938,0.8836497773430366,0.7902613685669423,0.6998555243450246,0.598844299684664,0.4987167745931142,0.45212922245318476,0.3841136700876234,0.31146998858140124,0.2964182008201177,0.2777701908987883,0.18679796959138406,0.13417467261998653,0.1603738533240708,0.16449269524315163,0.10199779070254905,0.08985302742072276,0.11167210667786402,0.05610799497631462,0.014240420862703454,0.02885755395470807,0.04037515977619866,0.015163258289039791,0.036340997120257824,0.09030879050607785,0.005061819742779455,-0.008438995613253647,0.04096488357637966,0.0010779189428470684,0.05160291056445222,0.034442204358951,-0.024095929916642153,-0.09197774365107281,-0.05966726711256844,-0.030682627181423873,-0.03724384244097215,0.027062875094549764,-0.06963600562692288,0.07797733455434654,-0.023945675721926837,-0.005135714510538035,-0.0019296707101910462,-0.057554560942633066,0.019204014807637063,0.008722690851058267,-0.045082310180378754,0.019349764911156763,-0.0069017996823257715,-0.05955073269187678,0.0028176352709135474,-0.06789892233200663,0.014806487049133264,-0.02864267989570195,-0.04266596503688197,0.023480994277963838,-0.0489408032660547,-0.01239001894819303,0.002939056261477304,-0.017183223065255944,-0.028038088321909904,-0.04743193947972235,0.0686395006739287,-0.05577448837521669,0.026485017350454488,0.045212554101021395,-0.02503568493535572,-0.009011531510583483,0.0243236433172358,-0.014015984037345526,-0.01142055916089942,-0.031941487984394716,0.0651435700666066,0.016675085155021998,0.025831411726510427,0.027214296572485763,0.02357197481470823,0.016941416292098707,-0.00551555902100584,0.00321719541167286,-0.009834337229790314,0.02583335927777756,0.01831637217861093,0.04960502075237685,-0.04369870998411484,-0.002610094358852737,-0.042140789984217664,-0.0456424747932037,-0.03954892343242788,0.047185618861512735,-0.04554499696694303,0.08321330440830642,0.027770914895354482,0.0006961863105555673,-0.044684477648323596,-0.0055622527093226355,-0.023820391580850264,-0.03904649244944748,0.0012104095237847551,-0.00889193419390493,overdamped,8.478343676532191
1.0397566493965138,0.9454268778514514,0.8424262203303032,0.7595142736822587,0.6799991101317268,0.5653465694119281,0.5102642426981662,0.3603329470370217,0.36027950767802097,0.26855279961377415,0.22063556298832718,0.16974336818535068,0.1386376091420727,0.1588914887877523,0.11478816011132952,0.10938233447876308,0.09884735726553051,0.060513869477353224,0.0651715602053913,0.020566720433125813,0.03483168269749247,0.005503798147504405,0.016151244842426426,0.024114972520356572,0.06889861406336864,0.013064137894919843,0.07251323799480519,0.024790493563927908,0.012837859125768493,-0.023058014617847736,0.0021644888469899283,-0.017979706789659718,0.022698894220194023,-0.047335375616532685,-0.017248842167196982,-0.01453796801559185,0.05140642673129307,-0.04096213220506727,-0.02116322722466682,-0.03192261412597739,0.0743019988971167,0.026925233519525422,0.011389996190447001,0.015306066993895558,0.025015143029383288,-0.01116340518873122,-0.013031043044443472,0.000601051029011956,0.004102352214874426,0.015641427739925752,0.004064807067117973,-0.04538429228469213,-0.02101177088156243,-0.013253647328439585,0.00736759069873189,0.012325382006990203,-0.012908567399975828,0.008992986283926861,-0.015378268873018281,0.008222368243640272,0.028890377144225137,0.04445345149213733,-0.019590596946223397,0.00035887298217053863,0.026426476237655854,-0.013135458905664801,-0.001712712417528747,0.08927376297834867,-0.034508518946283755,0.0748564741141029,-0.03492745504800615,0.0028179356536780042,-0.05379871874922034,-0.015491993471668797,-0.005112983322869688,0.05493190863055521,0.004155362171848653,-0.002254170715530355,0.08195194118504845,0.003976228077553351,0.05471070208550297,0.024761397768060262,0.021358346680075267,0.009786340835609489,-0.0058159217052413045,-0.024846167556630175,0.018214381624850142,0.01093153958813845,0.00800591370704701,0.029265662310112402,0.03427317945556018,-0.0015390541948924845,0.029667758824461498,0.016209426760972583,0.007677601249825088,-0.02463358968730339,0.013646230183439323,0.016144350550371805,0.0379103165699282,0.0068775851741323495,overdamped,7.298646268654197
0.9929857315263068,0.9141823346944798,0.8774012774035708,0.7836566584341407,0.664817424340668,0.5947416579097508,0.5147684102611686,0.36481747952552096,0.3766453697998411,0.335201997115942,0.24192696392310198,0.2182581617718564,0.11886760486612902,0.14535122489719207,0.10106754345423627,0.0678048582553494,0.0744132411473601,0.059755204039678114,0.12494941669055035,0.03515138183308301,0.02065593690423597,0.07731767339486423,0.026581208112619617,0.025355868254227653,-0.02793641882576875,-0.008437674691933454,-0.011411267887891135,-0.04162528963297806,0.08574910615432195,0.012976446800844102,-0.031038403914897737,0.002608553944335757,-0.02234647738924094,-0.007613118577916655,0.012096859115553938,-0.07600772665602801,-0.0263084647015129,0.011465176420145795,-0.016528719789148945,-0.04159726698050984,-0.04518135895628558,-0.03852692915542065,-0.003102824701381908,0.005994344844320953,-0.017250680259198955,0.012112237889954995,0.031328025164363865,0.009107867699296727,-0.012592903548570126,0.02648216709252953,0.008935806989721627,0.026546406965218945,-0.012289032850051798,0.008736305475404327,-0.034741264589588684,0.029600843842633322,0.02034877377959042,0.03372234474736937,-0.05507501869515356,0.022863203556580447,0.008357179164581195,-0.026547440181840916,0.007292218071982232,-0.03485404997796041,0.020985646801188047,-0.01295419975899524,-0.0052031536444736935,-0.03548317013623651,-0.06773958328814618,-0.019644159508057087,-0.008437603613408451,-0.008740184699676022,0.03269878723574357,0.005581498348991251,-0.05327543958703793,0.0010457000234168415,0.009746017859976372,0.01657232632991535,0.0036310491548554296,-0.047961456091391984,-0.007805480902494471,0.025619987016416768,0.02006960966246102,0.04507102080138947,0.04990583766420391,0.010334670078718309,0.002272107485841714,0.0132792665456698,0.02320619495121213,0.005373071304355049,-0.010070367461166067,-0.01343036072799234,-0.01424301675135497,-0.012047116207294912,0.018302327557550232,-0.041507867838809005,0.05123407591658256,-0.0074650986392880685,-0.02688046825684364,-0.08045221931186565,overdamped,7.516755934824269
1.0033674761719793,0.9420735412097151,0.8350938058113174,0.7835441990707699,0.6910030205875484,0.553416919648397,0.3988369374118636,0.3865633462408238,0.30024766597614294,0.27354306674743395,0.20628744623882725,0.22653430544051922,0.16116154153814122,0.14870665730623978,0.11835282759939415,0.08515747746808085,0.05109424069441329,0.06648133607631539,0.07233611566416569,0.058564466465055975,-0.013893310706405877,0.015148840654097858,0.02217008648705938,0.013422310014676196,-0.05772967783455914,0.031286974560508676,-0.009499863738156903,0.0323400874881352,-0.04345044726261657,-0.020849740984132017,0.03825417300711421,0.026706146782241154,0.037568671174290504,0.048326633107699496,-0.006177721437084987,-0.02669375121207172,0.023117794979605994,-0.019372611736479573,0.0200322678296028,-0.02916824422299957,0.013404122372449279,0.004533219760666762,-0.013050924721057997,-0.00859159433149524,-0.014522173309585377,-0.016266332772139527,-0.004706447606630198,0.019712950679625665,-0.009847506598829582,-0.04919797393070464,0.03145760691687909,-0.001498918336604265,-0.006262866573721916,0.08010401954200845,0.02793741580012511,-0.06779487141859604,0.04002120055765499,-0.037380118173190806,0.004246544314354701,0.010547234960413111,0.002718921497796287,0.02598956844211564,0.03118741437437545,0.06988359749090953,-0.003793130072536121,0.00350302590985103,-0.05051329113519985,-0.05075622886853612,0.006282499124729765,-0.00942959703208045,0.02674521416359623,0.03052808136642066,-0.004997118572252688,-0.035313665032653874,-0.010886483171527905,-0.049902939009634155,0.03774005054569718,0.019163996736137022,-0.013848919148490173,-0.0077745939798464355,-0.007561231731759224,0.026027440475775175,0.00020915803709963663,-0.024690377389237822,0.011294336512871804,0.013579316807901448,0.01610836143101398,0.000673029792344201,0.007381581788472432,0.012893279813198962,-0.03909573751015302,0.04552006785798877,-0.0510664009490172,-0.028368944944994482,0.0034314444179466895,-0.024734899014344496,0.02214297748097563,-0.02367534573549641,0.011448314248751049,0.015009488792238063,overdamped,6.945456246276195
0.9159407392997579,0.9437383738321617,0.9380869072829977,0.7665143221166411,0.7024260923070813,0.6115299003805182,0.5959127776233005,0.5110190339019038,0.448020656483919,0.41450007516346765,0.3543198063901276,0.36995262642210225,0.2842157225921092,0.3238442705039015,0.2211199690535812,0.19677201585194082,0.2352457106842105,0.1486312170476357,0.08139353685200011,0.09913114155103145,0.11281522509509896,0.11369264015737757,0.14338924764546052,0.1373877020345779,0.03161843132853098,0.09034094758403118,0.08901428101814574,0.07611252896105969,0.05083639604157302,0.03769009966494127,0.05227249117603761,-0.0036427459126420897,0.033295444351826624,-0.014037886399183169,0.02737911715257473,0.00028523273122437257,0.05056172656704118,0.012904336396318524,0.039535177419023106,0.014299182065963086,0.02238301773919707,0.02585519145780269,0.012905752627141647,0.0482947845371359,0.05793914716950577,0.04704470729568824,0.013342977347765359,0.05991409993867826,-0.06681223648513236,-0.055504802908716185,0.008866114258555782,4.456196167247281e-05,-0.01911913970103489,-0.011241856287455462,0.03769311678049481,0.00392045979366357,0.0854573941342938,-0.017833514694220284,0.053720443782162286,-0.019674447308594807,0.005631221937545838,-0.032748838985546744,0.012343290965939044,-0.003705992820822142,-0.0032655913597617256,0.02937748987934964,-0.03581777863935513,0.040823484173507174,-0.02458055230655957,-0.01760554684982911,0.01612130447873774,0.0020354814887093785,-0.024842576294093907,0.04454359958332974,0.0017220125373914306,-0.0007462181978627878,0.015381272260020798,-0.01674710356973845,0.005741653915819357,0.02932873044978116,-0.00730302756674825,-0.04004284968044203,0.036367198210865065,0.02346634386902559,-0.0008997168766306115,0.004855260339435076,0.045813134190527356,0.02356940317979724,0.004864712935025292,-0.020175654647665846,-0.05559640557360062,0.017760503940041927,0.014276622374504864,0.008765060718915165,-4.668166747985412e-05,0.040275674919145826,0.0009032945279591696,0.012195936140238839,0.005490862297352686,-0.046220957477319184,overdamped,9.967169713902617
1.0415276544728724,0.9454308865646361,0.911551582899284,0.7810801061087652,0.6281234847794173,0.5840439272200636,0.5075841220635436,0.388721481637323,0.3206870076856399,0.2915619983041081,0.2076478599681515,0.19753653606253269,0.1439662444791853,0.12462917154229602,0.11407866770708497,0.033041417480491234,0.03313509725431803,0.06197779798362742,0.09585737534246236,0.007112841957619409,0.03806334170596433,0.013262081045711888,-0.022224231102766414,0.02365760648444249,0.028214805531426048,-0.038907823563314875,0.00803597914412278,0.003530046673655775,-0.023959993508437024,0.06117988062083578,0.020399362744260123,-0.012501233930555663,-0.025462835186699485,-0.00429540149453647,0.014781263540097967,0.09266858746681499,-0.007276793129140246,0.013592505855444276,-0.01757314436450611,-0.015988815425501658,0.024902107203597763,0.0025345680566672274,-0.036443452680875496,0.013022289107153823,0.05264827841557773,0.01557926951654926,-0.02244413981152715,-0.0298323000905437,-0.01720097070859919,-0.035162991602115,0.034810736102604746,0.01007738151518653,-0.08378266738680501,0.03438342484303337,-0.022302653676487004,-0.03675055754136615,0.03743597340104485,0.022595725019154488,0.014222143896130388,-0.004912247143579434,-0.027915174831282714,-0.004313408613686474,0.022043746061514456,-0.014863977422111931,0.0007726220907721804,0.028845710991943305,-0.029979620239131904,-0.03775457021699855,-0.00903075007942929,0.011785093950238754,0.004608457100829626,-0.014384819409287345,-0.0040262559593575485,-0.02706617087594268,-0.012760482454960849,0.037215924437932354,0.03171805513254725,0.0025773818838458534,0.032285608753708776,0.04800783913770521,-0.01800312123389955,0.019562440869081498,-0.005111587556419407,0.03139661396095513,0.013012120926374634,-0.038081600334243404,-0.009927467327044602,-0.026141222657455332,-0.028039035001558757,0.016114157999692028,-0.009371807939857904,0.025605348374217213,-0.04168673680105371,-0.03326729820185509,-0.037250724981034065,0.03392780177142918,-0.0077044841014125755,0.01285904955769169,0.032781711294513585,-0.0011993383666303859,overdamped,6.829380445035264
0.9921475588300932,1.0006925578074475,0.8810917970507156,0.7924264022380654,0.6808995704541515,0.6076693543523702,0.5532429409030073,0.412171175364957,0.414074302045724,0.34927626073581747,0.36026867397300166,0.26724818695139807,0.22147753689403044,0.2082958451614903,0.1683640465071042,0.1835189825664444,0.13884757795605038,0.1909006433367919,0.13445589506531153,0.07531116712149391,0.11093810534855322,0.09675793117993525,0.03992196952191397,0.029131402464812627,0.08053859825405715,0.038815825274464144,0.04974392321788878,-0.031213562772472902,0.021241722496417783,0.009375258416572538,0.018561563579471026,0.038538953839009404,0.03880918695679403,0.03797480191823885,-0.016177948526625865,0.02061289144904925,-0.003936428672844321,0.02415081265294734,-0.020253443375965904,0.07738360450022312,-0.004351381357307652,0.05797437202927615,-0.0012533455284206214,0.012815500912765301,-0.0051218242628744805,0.06876786885575613,-0.010258243443513575,-0.02169034179826557,0.007437941438035647,-0.026787167814437945,-0.04604389969551026,0.010985725915413856,-0.024862260332974374,-0.0017039872869336829,-0.0087861777700152,0.017430476446063485,-0.004280799317271913,-0.034702861698270464,0.016547126946532587,-0.021671952591787336,-0.0024405299079877157,-0.019867416460601403,0.05511377666113291,-0.020068346338041436,0.0005607004353329561,0.02190843561829797,-0.015215542935830741,-0.015118529676750522,-0.03250715573316358,0.00896778227849398,-0.038859199600856625,0.020702098685436342,0.018474615869956353,0.0096786105110849,0.04677908384645313,0.0023008937195571487,0.015265095615262994,-0.0069403248351092624,0.0018889762754330248,0.04039672334703147,0.011326391876614153,0.01467516105096684,0.034749355395222434,0.002513448924438305,0.049431282459115385,-0.02049487796546708,-0.02231229764061316,-0.012554039176060844,0.01820899239659742,-0.0032723461595517375,0.055004008936472844,0.010685513036277234,-0.02373026784610638,-0.032285967761923065,0.019399691222381367,0.04466410336109407,0.0021925124938281405,-0.0553063182692338,0.0017672902036627697,-0.0011545957786960567,overdamped,8.582581950793635
1.0204989988744637,0.9687388184442033,0.8734799413429525,0.7788114215516435,0.6987595793981495,0.6001490237550885,0.49329132031005957,0.37140974964603257,0.3626667916962012,0.2622741204535715,0.20257150697504495,0.12805687664651869,0.16048837399442376,0.10716931009546604,0.08497280873898351,0.14554881372847572,0.07148155738626284,0.06659408360934933,0.09032870638927847,0.07204123529235265,0.03856916217222885,0.07707229640242078,0.029371021192043757,0.04663299651072905,0.033841786376006155,-0.0032115707972397173,0.02145816249686759,0.03801054225902177,-0.007408105828406649,-0.017114000032080152,-0.05603461479610185,0.0384453438909628,0.023245845560566802,-0.012460391898284757,-0.05307725444077995,-0.01983881741765736,-0.02696941664702631,0.004531896014079663,0.0218416569475519,0.06000196218003192,-0.0649698262580942,0.04828443296635453,-0.03317308050821951,-0.02434143427412668,0.010127936175486772,-0.022665254765439707,0.01104570271991287,0.006361807625230935,0.024467349944072903,-0.02531612896390341,-0.028461763357374284,-0.006887550176733536,-0.018616647826795507,0.017411614128936905,-0.0335900600574427,-0.004616224224149351,0.03369533528434861,0.01039472900947156,0.08153353251726232,-0.02879357381213238,-0.006518643787747453,0.01678613124965404,0.018661723882502666,0.02362720285551822,0.0006088545766342487,-0.014772528923781185,-0.004295777903105013,0.022441023210605617,0.024590047631570904,0.055700644664663526,-0.035128565073257303,0.009799805765235156,-0.03815523836549153,0.00237650277325037,-0.011056853964970918,0.024491782897895893,0.03017584250472218,-0.016562628535882105,-0.03886713870349235,0.017822383017273943,0.00464016359780121,-0.0007506158019591264,-0.009918298149451844,-0.030612889529899247,0.013724070510998495,-0.012368483584604125,-0.020484377683017,0.0155049024308517,-0.04066855048610205,0.0019650078977896087,-0.0009578056125357315,-0.028200467836312366,-0.005372644935843742,0.017896568320209923,-0.008178159464589434,-0.03992944488758865,-0.006926142958792353,-0.05352262945700192,-0.0040477508661609434,0.0304620980225521,overdamped,7.13981103049845
1.0048035171854928,0.9783665711903378,0.9019407552695701,0.786983274577235,0.6799316365452444,0.6529264915868347,0.5363160237662269,0.4869649461135482,0.45893868737055593,0.39200032791821127,0.3768606038844856,0.3423209899275119,0.25053914842433683,0.28551205919190675,0.17836581752960406,0.18739919189472823,0.1607568936531724,0.15473117952171153,0.14036749810395868,0.09096582186276862,0.11902156974453322,0.12467058467224436,0.11893354924307285,0.0741612746342622,0.08152986453884513,0.02655256208018905,0.030991832703365557,-0.02214810887019482,0.016078468720923215,0.06132093461811931,0.04516537799526296,0.024648797668710865,-0.01060838575246827,0.010607796631746151,0.08422859693549242,0.027605419613091854,0.028380058953060498,0.024875431083418387,-0.0012861550918500247,0.03054645305330095,-0.026805177587330538,0.047312258052805464,0.015105593339733558,-0.023285167298253757,-0.04690901339376263,-0.06893454417740724,0.02183771014263671,0.009918664142304806,-0.062080898801288004,0.017178164929106645,0.007244674036607909,0.03793616161522444,-0.03655816985409583,0.0036038654337317605,0.010046148368567959,-0.007652835481863001,-0.02260890092056441,-0.08328412993146282,0.006104014150830203,0.004224530411849725,0.0036989715969945715,-0.04029515774969861,-0.004041059443180612,0.004199092286790407,-0.008164916648332094,0.002365252775641957,0.03871778150140938,-0.00956273307818872,-0.013652062503084463,0.01388804493214711,0.021538297382284775,-0.01594593478382826,0.02763902928885669,0.013002330266366461,0.022434792095449917,0.006071285495317976,-0.038405048338951024,0.02777782529326399,-0.047239594804663894,-0.015841389110101037,-0.003381721613295984,0.02096107919905945,-0.03753878350696343,0.022107875619638118,-0.030732397217575168,-0.021044169408574908,0.029582632303436045,-0.05154173085293648,0.0658389137209086,0.015505985681857825,0.04104063055905518,0.0007742644499422938,-0.038228518681447915,0.019048802263376987,0.0033425740268991496,0.008924128233835352,-0.005776018456738959,0.028807676306574187,-0.06846685960079146,0.0142192813400549,overdamped,9.853270927513288
